StartDate,EndDate,Progress,Duration (in seconds),Finished,RecordedDate,ResponseId,DistributionChannel,UserLanguage,AssistiveTech,DeviceAndFullScreen,StandardTrain1,EmphasisTrain1,IntegratedSizeTrain1,IntegratedPosTrain1,SeparatedSizeTrain1,SeparatedPosTrain1,IdentCurValLTrain1,IdentTrendTrain1,IdentTrendLTrain1,EstCurValTrain1,EstTrendTrain1,ControlIdeCurVal1_First Click,ControlIdeCurVal1_Last Click,ControlIdeCurVal1_Page Submit,ControlIdeCurVal1_Click Count,ControlIdeCurVal1,EmphasisIdeCurVal2_First Click,EmphasisIdeCurVal2_Last Click,EmphasisIdeCurVal2_Page Submit,EmphasisIdeCurVal2_Click Count,EmphasisIdeCurVal2,IntSizeIdeCurVal3_First Click,IntSizeIdeCurVal3_Last Click,IntSizeIdeCurVal3_Page Submit,IntSizeIdeCurVal3_Click Count,IntSizeIdeCurVal3,IntPosIdeCurVal4_First Click,IntPosIdeCurVal4_Last Click,IntPosIdeCurVal4_Page Submit,IntPosIdeCurVal4_Click Count,IntPosIdeCurVal4,SepSizeIdeCurVal5_First Click,SepSizeIdeCurVal5_Last Click,SepSizeIdeCurVal5_Page Submit,SepSizeIdeCurVal5_Click Count,SepSizeIdeCurVal5,SepPosIdeCurVal6_First Click,SepPosIdeCurVal6_Last Click,SepPosIdeCurVal6_Page Submit,SepPosIdeCurVal6_Click Count,SepPosIdeCurVal6,ControlIdeCurVal2_First Click,ControlIdeCurVal2_Last Click,ControlIdeCurVal2_Page Submit,ControlIdeCurVal2_Click Count,ControlIdeCurVal2,EmphasisIdeCurVal3_First Click,EmphasisIdeCurVal3_Last Click,EmphasisIdeCurVal3_Page Submit,EmphasisIdeCurVal3_Click Count,EmphasisIdeCurVal3,IntSizeIdeCurVal4_First Click,IntSizeIdeCurVal4_Last Click,IntSizeIdeCurVal4_Page Submit,IntSizeIdeCurVal4_Click Count,IntSizeIdeCurVal4,IntPosIdeCurVal5_First Click,IntPosIdeCurVal5_Last Click,IntPosIdeCurVal5_Page Submit,IntPosIdeCurVal5_Click Count,IntPosIdeCurVal5,SepSizeIdeCurVal6_First Click,SepSizeIdeCurVal6_Last Click,SepSizeIdeCurVal6_Page Submit,SepSizeIdeCurVal6_Click Count,SepSizeIdeCurVal6,SepPosIdeCurVal1_First Click,SepPosIdeCurVal1_Last Click,SepPosIdeCurVal1_Page Submit,SepPosIdeCurVal1_Click Count,SepPosIdeCurVal1,ControlIdeCurVal3_First Click,ControlIdeCurVal3_Last Click,ControlIdeCurVal3_Page Submit,ControlIdeCurVal3_Click Count,ControlIdeCurVal3,EmphasisIdeCurVal4_First Click,EmphasisIdeCurVal4_Last Click,EmphasisIdeCurVal4_Page Submit,EmphasisIdeCurVal4_Click Count,EmphasisIdeCurVal4,IntSizeIdeCurVal5_First Click,IntSizeIdeCurVal5_Last Click,IntSizeIdeCurVal5_Page Submit,IntSizeIdeCurVal5_Click Count,IntSizeIdeCurVal5,IntPosIdeCurVal6_First Click,IntPosIdeCurVal6_Last Click,IntPosIdeCurVal6_Page Submit,IntPosIdeCurVal6_Click Count,IntPosIdeCurVal6,SepSizeIdeCurVal1_First Click,SepSizeIdeCurVal1_Last Click,SepSizeIdeCurVal1_Page Submit,SepSizeIdeCurVal1_Click Count,SepSizeIdeCurVal1,SepPosIdeCurVal2_First Click,SepPosIdeCurVal2_Last Click,SepPosIdeCurVal2_Page Submit,SepPosIdeCurVal2_Click Count,SepPosIdeCurVal2,ControlIdentCurVal4_First Click,ControlIdentCurVal4_Last Click,ControlIdentCurVal4_Page Submit,ControlIdentCurVal4_Click Count,ControlIdentCurVal4,EmphasisIdeCurVal5_First Click,EmphasisIdeCurVal5_Last Click,EmphasisIdeCurVal5_Page Submit,EmphasisIdeCurVal5_Click Count,EmphasisIdeCurVal5,IntSizeIdeCurVal6_First Click,IntSizeIdeCurVal6_Last Click,IntSizeIdeCurVal6_Page Submit,IntSizeIdeCurVal6_Click Count,IntSizeIdeCurVal6,IntPosIdeCurVal1_First Click,IntPosIdeCurVal1_Last Click,IntPosIdeCurVal1_Page Submit,IntPosIdeCurVal1_Click Count,IntPosIdeCurVal1,SepSizeIdeCurVal2_First Click,SepSizeIdeCurVal2_Last Click,SepSizeIdeCurVal2_Page Submit,SepSizeIdeCurVal2_Click Count,SepSizeIdeCurVal2,SepPosIdeCurVal3_First Click,SepPosIdeCurVal3_Last Click,SepPosIdeCurVal3_Page Submit,SepPosIdeCurVal3_Click Count,SepPosIdeCurVal3,ControlIdeCurVal5_First Click,ControlIdeCurVal5_Last Click,ControlIdeCurVal5_Page Submit,ControlIdeCurVal5_Click Count,ControlIdeCurVal5,EmphasisIdeCurVal6_First Click,EmphasisIdeCurVal6_Last Click,EmphasisIdeCurVal6_Page Submit,EmphasisIdeCurVal6_Click Count,EmphasisIdeCurVal6,IntSizeIdeCurVal1_First Click,IntSizeIdeCurVal1_Last Click,IntSizeIdeCurVal1_Page Submit,IntSizeIdeCurVal1_Click Count,IntSizeIdeCurVal1,IntPosIdeCurVal2_First Click,IntPosIdeCurVal2_Last Click,IntPosIdeCurVal2_Page Submit,IntPosIdeCurVal2_Click Count,IntPosIdeCurVal2,SepSizeIdeCurVal3_First Click,SepSizeIdeCurVal3_Last Click,SepSizeIdeCurVal3_Page Submit,SepSizeIdeCurVal3_Click Count,SepSizeIdeCurVal3,SepPosIdeCurVal4_First Click,SepPosIdeCurVal4_Last Click,SepPosIdeCurVal4_Page Submit,SepPosIdeCurVal4_Click Count,SepPosIdeCurVal4,ControlIdeCurVal6_First Click,ControlIdeCurVal6_Last Click,ControlIdeCurVal6_Page Submit,ControlIdeCurVal6_Click Count,ControlIdeCurVal6,EmphasisIdeCurVal1_First Click,EmphasisIdeCurVal1_Last Click,EmphasisIdeCurVal1_Page Submit,EmphasisIdeCurVal1_Click Count,EmphasisIdeCurVal1,IntSizeIdeCurVal2_First Click,IntSizeIdeCurVal2_Last Click,IntSizeIdeCurVal2_Page Submit,IntSizeIdeCurVal2_Click Count,IntSizeIdeCurVal2,IntPosIdeCurVal3_First Click,IntPosIdeCurVal3_Last Click,IntPosIdeCurVal3_Page Submit,IntPosIdeCurVal3_Click Count,IntPosIdeCurVal3,SepSizeIdeCurVal4_First Click,SepSizeIdeCurVal4_Last Click,SepSizeIdeCurVal4_Page Submit,SepSizeIdeCurVal4_Click Count,SepSizeIdeCurVal4,SepPosIdeCurVal5_First Click,SepPosIdeCurVal5_Last Click,SepPosIdeCurVal5_Page Submit,SepPosIdeCurVal5_Click Count,SepPosIdeCurVal5,ControlIdeTrend7_First Click,ControlIdeTrend7_Last Click,ControlIdeTrend7_Page Submit,ControlIdeTrend7_Click Count,ControlIdeTrend7,EmphasisIdeTrend8_First Click,EmphasisIdeTrend8_Last Click,EmphasisIdeTrend8_Page Submit,EmphasisIdeTrend8_Click Count,EmphasisIdeTrend8,IntSizeIdeTrend9_First Click,IntSizeIdeTrend9_Last Click,IntSizeIdeTrend9_Page Submit,IntSizeIdeTrend9_Click Count,IntSizeIdeTrend9,IntPosIdeTrend10_First Click,IntPosIdeTrend10_Last Click,IntPosIdeTrend10_Page Submit,IntPosIdeTrend10_Click Count,IntPosIdeTrend10,SepSizeIdeTrend11_First Click,SepSizeIdeTrend11_Last Click,SepSizeIdeTrend11_Page Submit,SepSizeIdeTrend11_Click Count,SepSizeIdeTrend11,SepPosIdeTrend12_First Click,SepPosIdeTrend12_Last Click,SepPosIdeTrend12_Page Submit,SepPosIdeTrend12_Click Count,SepPosIdeTrend12,ControlIdeTrend8_First Click,ControlIdeTrend8_Last Click,ControlIdeTrend8_Page Submit,ControlIdeTrend8_Click Count,ControlIdeTrend8,EmphasisIdeTrend9_First Click,EmphasisIdeTrend9_Last Click,EmphasisIdeTrend9_Page Submit,EmphasisIdeTrend9_Click Count,EmphasisIdeTrend9,IntSizeIdeTrend10_First Click,IntSizeIdeTrend10_Last Click,IntSizeIdeTrend10_Page Submit,IntSizeIdeTrend10_Click Count,IntSizeIdeTrend10,IntPosIdeTrend11_First Click,IntPosIdeTrend11_Last Click,IntPosIdeTrend11_Page Submit,IntPosIdeTrend11_Click Count,IntPosIdeTrend11,SepSizeIdeTrend12_First Click,SepSizeIdeTrend12_Last Click,SepSizeIdeTrend12_Page Submit,SepSizeIdeTrend12_Click Count,SepSizeIdeTrend12,SepPosIdeTrend7_First Click,SepPosIdeTrend7_Last Click,SepPosIdeTrend7_Page Submit,SepPosIdeTrend7_Click Count,SepPosIdeTrend7,ControlIdeTrend9_First Click,ControlIdeTrend9_Last Click,ControlIdeTrend9_Page Submit,ControlIdeTrend9_Click Count,ControlIdeTrend9,EmphasisIdeTrend10_First Click,EmphasisIdeTrend10_Last Click,EmphasisIdeTrend10_Page Submit,EmphasisIdeTrend10_Click Count,EmphasisIdeTrend10,IntSizeIdeTrend11_First Click,IntSizeIdeTrend11_Last Click,IntSizeIdeTrend11_Page Submit,IntSizeIdeTrend11_Click Count,IntSizeIdeTrend11,IntPosIdeTrend12_First Click,IntPosIdeTrend12_Last Click,IntPosIdeTrend12_Page Submit,IntPosIdeTrend12_Click Count,IntPosIdeTrend12,SepSizeIdeTrend7_First Click,SepSizeIdeTrend7_Last Click,SepSizeIdeTrend7_Page Submit,SepSizeIdeTrend7_Click Count,SepSizeIdeTrend7,SepPosIdeTrend8_First Click,SepPosIdeTrend8_Last Click,SepPosIdeTrend8_Page Submit,SepPosIdeTrend8_Click Count,SepPosIdeTrend8,ControlIdeTrend10_First Click,ControlIdeTrend10_Last Click,ControlIdeTrend10_Page Submit,ControlIdeTrend10_Click Count,ControlIdeTrend10,EmphasisIdeTrend11_First Click,EmphasisIdeTrend11_Last Click,EmphasisIdeTrend11_Page Submit,EmphasisIdeTrend11_Click Count,EmphasisIdeTrend11,IntSizeIdeTrend12_First Click,IntSizeIdeTrend12_Last Click,IntSizeIdeTrend12_Page Submit,IntSizeIdeTrend12_Click Count,IntSizeIdeTrend12,IntPosIdeTrend7_First Click,IntPosIdeTrend7_Last Click,IntPosIdeTrend7_Page Submit,IntPosIdeTrend7_Click Count,IntPosIdeTrend7,SepSizeIdeTrend8_First Click,SepSizeIdeTrend8_Last Click,SepSizeIdeTrend8_Page Submit,SepSizeIdeTrend8_Click Count,SepSizeIdeTrend8,SepPosIdeTrend9_First Click,SepPosIdeTrend9_Last Click,SepPosIdeTrend9_Page Submit,SepPosIdeTrend9_Click Count,SepPosIdeTrend9,ControlIdeTrend11_First Click,ControlIdeTrend11_Last Click,ControlIdeTrend11_Page Submit,ControlIdeTrend11_Click Count,ControlIdeTrend11,EmphasisIdeTrend12_First Click,EmphasisIdeTrend12_Last Click,EmphasisIdeTrend12_Page Submit,EmphasisIdeTrend12_Click Count,EmphasisIdeTrend12,IntSizeIdeTrend7_First Click,IntSizeIdeTrend7_Last Click,IntSizeIdeTrend7_Page Submit,IntSizeIdeTrend7_Click Count,IntSizeIdeTrend7,IntPosIdeTrend8_First Click,IntPosIdeTrend8_Last Click,IntPosIdeTrend8_Page Submit,IntPosIdeTrend8_Click Count,IntPosIdeTrend8,SepSizeIdeTrend9_First Click,SepSizeIdeTrend9_Last Click,SepSizeIdeTrend9_Page Submit,SepSizeIdeTrend9_Click Count,SepSizeIdeTrend9, SepPosIdeTrend10_First Click, SepPosIdeTrend10_Last Click, SepPosIdeTrend10_Page Submit, SepPosIdeTrend10_Click Count,SepPosIdeTrend10,ControlIdeTrend12_First Click,ControlIdeTrend12_Last Click,ControlIdeTrend12_Page Submit,ControlIdeTrend12_Click Count,ControlIdeTrend12,EmphasisIdeTrend7_First Click,EmphasisIdeTrend7_Last Click,EmphasisIdeTrend7_Page Submit,EmphasisIdeTrend7_Click Count,EmphasisIdeTrend7,IntSizeIdeTrend8_First Click,IntSizeIdeTrend8_Last Click,IntSizeIdeTrend8_Page Submit,IntSizeIdeTrend8_Click Count,IntSizeIdeTrend8,IntPosIdeTrend9_First Click,IntPosIdeTrend9_Last Click,IntPosIdeTrend9_Page Submit,IntPosIdeTrend9_Click Count,IntPosIdeTrend9,SepSizeIdeTrend10_First Click,SepSizeIdeTrend10_Last Click,SepSizeIdeTrend10_Page Submit,SepSizeIdeTrend10_Click Count,SepSizeIdeTrend10,SepPosIdeTrend11_First Click,SepPosIdeTrend11_Last Click,SepPosIdeTrend11_Page Submit,SepPosIdeTrend11_Click Count,SepPosIdeTrend11,ControlIdeCurValL25_First Click,ControlIdeCurValL25_Last Click,ControlIdeCurValL25_Page Submit,ControlIdeCurValL25_Click Count,ControlIdeCurValL25,EmphasisIdeCurValL26_First Click,EmphasisIdeCurValL26_Last Click,EmphasisIdeCurValL26_Page Submit,EmphasisIdeCurValL26_Click Count,EmphasisIdeCurValL26,IntSizeIdeCurValL27_First Click,IntSizeIdeCurValL27_Last Click,IntSizeIdeCurValL27_Page Submit,IntSizeIdeCurValL27_Click Count,IntSizeIdeCurValL27,IntPosIdeCurValL28_First Click,IntPosIdeCurValL28_Last Click,IntPosIdeCurValL28_Page Submit,IntPosIdeCurValL28_Click Count,IntPosIdeCurValL28,SepSizeIdeCurValL29_First Click,SepSizeIdeCurValL29_Last Click,SepSizeIdeCurValL29_Page Submit,SepSizeIdeCurValL29_Click Count,SepSizeIdeCurValL29,SepPosIdeCurValL30_First Click,SepPosIdeCurValL30_Last Click,SepPosIdeCurValL30_Page Submit,SepPosIdeCurValL30_Click Count,SepPosIdeCurValL30,ControlIdeCurValL26_First Click,ControlIdeCurValL26_Last Click,ControlIdeCurValL26_Page Submit,ControlIdeCurValL26_Click Count,ControlIdeCurValL26,EmphasisIdeCurValL27_First Click,EmphasisIdeCurValL27_Last Click,EmphasisIdeCurValL27_Page Submit,EmphasisIdeCurValL27_Click Count,EmphasisIdeCurValL27,IntSizeIdeCurValL28_First Click,IntSizeIdeCurValL28_Last Click,IntSizeIdeCurValL28_Page Submit,IntSizeIdeCurValL28_Click Count,IntSizeIdeCurValL28,IntPosIdeCurValL29_First Click,IntPosIdeCurValL29_Last Click,IntPosIdeCurValL29_Page Submit,IntPosIdeCurValL29_Click Count,IntPosIdeCurValL29,SepSizeIdeCurValL30_First Click,SepSizeIdeCurValL30_Last Click,SepSizeIdeCurValL30_Page Submit,SepSizeIdeCurValL30_Click Count,SepSizeIdeCurValL30,SepPosIdeCurValL25_First Click,SepPosIdeCurValL25_Last Click,SepPosIdeCurValL25_Page Submit,SepPosIdeCurValL25_Click Count,SepPosIdeCurValL25,ControlIdeCurValL27_First Click,ControlIdeCurValL27_Last Click,ControlIdeCurValL27_Page Submit,ControlIdeCurValL27_Click Count,ControlIdeCurValL27,EmphasisIdeCurValL28_First Click,EmphasisIdeCurValL28_Last Click,EmphasisIdeCurValL28_Page Submit,EmphasisIdeCurValL28_Click Count,EmphasisIdeCurValL28,IntSizeIdeCurValL29_First Click,IntSizeIdeCurValL29_Last Click,IntSizeIdeCurValL29_Page Submit,IntSizeIdeCurValL29_Click Count,IntSizeIdeCurValL29,IntPosIdeCurValL30_First Click,IntPosIdeCurValL30_Last Click,IntPosIdeCurValL30_Page Submit,IntPosIdeCurValL30_Click Count,IntPosIdeCurValL30,SepSizeIdeCurValL25_First Click,SepSizeIdeCurValL25_Last Click,SepSizeIdeCurValL25_Page Submit,SepSizeIdeCurValL25_Click Count,SepSizeIdeCurValL25,SepPosIdeCurValL26_First Click,SepPosIdeCurValL26_Last Click,SepPosIdeCurValL26_Page Submit,SepPosIdeCurValL26_Click Count,SepPosIdeCurValL26,ControlIdeCurValL28_First Click,ControlIdeCurValL28_Last Click,ControlIdeCurValL28_Page Submit,ControlIdeCurValL28_Click Count,ControlIdeCurValL28,EmphasisIdeCurValL29_First Click,EmphasisIdeCurValL29_Last Click,EmphasisIdeCurValL29_Page Submit,EmphasisIdeCurValL29_Click Count,EmphasisIdeCurValL29,IntSizeIdeCurValL30_First Click,IntSizeIdeCurValL30_Last Click,IntSizeIdeCurValL30_Page Submit,IntSizeIdeCurValL30_Click Count,IntSizeIdeCurValL30,IntPosIdeCurValL25_First Click,IntPosIdeCurValL25_Last Click,IntPosIdeCurValL25_Page Submit,IntPosIdeCurValL25_Click Count,IntPosIdeCurValL25,SepSizeIdeCurValL26_First Click,SepSizeIdeCurValL26_Last Click,SepSizeIdeCurValL26_Page Submit,SepSizeIdeCurValL26_Click Count,SepSizeIdeCurValL26,SepPosIdeCurValL27_First Click,SepPosIdeCurValL27_Last Click,SepPosIdeCurValL27_Page Submit,SepPosIdeCurValL27_Click Count,SepPosIdeCurValL27,ControlIdeCurValL29_First Click,ControlIdeCurValL29_Last Click,ControlIdeCurValL29_Page Submit,ControlIdeCurValL29_Click Count,ControlIdeCurValL29,EmphasisIdeCurValL30_First Click,EmphasisIdeCurValL30_Last Click,EmphasisIdeCurValL30_Page Submit,EmphasisIdeCurValL30_Click Count,EmphasisIdeCurValL30,IntSizeIdeCurValL25_First Click,IntSizeIdeCurValL25_Last Click,IntSizeIdeCurValL25_Page Submit,IntSizeIdeCurValL25_Click Count,IntSizeIdeCurValL25,IntPosIdeCurValL26_First Click,IntPosIdeCurValL26_Last Click,IntPosIdeCurValL26_Page Submit,IntPosIdeCurValL26_Click Count,IntPosIdeCurValL26,SepSizeIdeCurValL27_First Click,SepSizeIdeCurValL27_Last Click,SepSizeIdeCurValL27_Page Submit,SepSizeIdeCurValL27_Click Count,SepSizeIdeCurValL27,SepPosIdeCurValL28_First Click,SepPosIdeCurValL28_Last Click,SepPosIdeCurValL28_Page Submit,SepPosIdeCurValL28_Click Count,SepPosIdeCurValL28,ControlIdeCurValL30_First Click,ControlIdeCurValL30_Last Click,ControlIdeCurValL30_Page Submit,ControlIdeCurValL30_Click Count,ControlIdeCurValL30,EmphasisIdeCurValL25_First Click,EmphasisIdeCurValL25_Last Click,EmphasisIdeCurValL25_Page Submit,EmphasisIdeCurValL25_Click Count,EmphasisIdeCurValL25,IntSizeIdeCurValL26_First Click,IntSizeIdeCurValL26_Last Click,IntSizeIdeCurValL26_Page Submit,IntSizeIdeCurValL26_Click Count,IntSizeIdeCurValL26,IntPosIdeCurValL27_First Click,IntPosIdeCurValL27_Last Click,IntPosIdeCurValL27_Page Submit,IntPosIdeCurValL27_Click Count,IntPosIdeCurValL27,SepSizeIdeCurValL28_First Click,SepSizeIdeCurValL28_Last Click,SepSizeIdeCurValL28_Page Submit,SepSizeIdeCurValL28_Click Count,SepSizeIdeCurValL28,SepPosIdeCurValL29_First Click,SepPosIdeCurValL29_Last Click,SepPosIdeCurValL29_Page Submit,SepPosIdeCurValL29_Click Count,SepPosIdeCurValL29,AttentionCheck_First Click,AttentionCheck_Last Click,AttentionCheck_Page Submit,AttentionCheck_Click Count,AttentionCheck,ControlIdeTrendL31_First Click,ControlIdeTrendL31_Last Click,ControlIdeTrendL31_Page Submit,ControlIdeTrendL31_Click Count,ControlIdeTrendL31,EmphasisIdeTrendL32_First Click,EmphasisIdeTrendL32_Last Click,EmphasisIdeTrendL32_Page Submit,EmphasisIdeTrendL32_Click Count,EmphasisIdeTrendL32,IntSizeIdeTrendL33_First Click,IntSizeIdeTrendL33_Last Click,IntSizeIdeTrendL33_Page Submit,IntSizeIdeTrendL33_Click Count,IntSizeIdeTrendL33,IntPosIdeTrendL34_First Click,IntPosIdeTrendL34_Last Click,IntPosIdeTrendL34_Page Submit,IntPosIdeTrendL34_Click Count,IntPosIdeTrendL34,SepSizeIdeTrendL35_First Click,SepSizeIdeTrendL35_Last Click,SepSizeIdeTrendL35_Page Submit,SepSizeIdeTrendL35_Click Count,SepSizeIdeTrendL35,SepPosIdeTrendL36_First Click,SepPosIdeTrendL36_Last Click,SepPosIdeTrendL36_Page Submit,SepPosIdeTrendL36_Click Count,SepPosIdeTrendL36,ControlIdeTrendL32_First Click,ControlIdeTrendL32_Last Click,ControlIdeTrendL32_Page Submit,ControlIdeTrendL32_Click Count,ControlIdeTrendL32,EmphasisIdeTrendL33_First Click,EmphasisIdeTrendL33_Last Click,EmphasisIdeTrendL33_Page Submit,EmphasisIdeTrendL33_Click Count,EmphasisIdeTrendL33,IntSizeIdeTrendL34_First Click,IntSizeIdeTrendL34_Last Click,IntSizeIdeTrendL34_Page Submit,IntSizeIdeTrendL34_Click Count,IntSizeIdeTrendL34,IntPosIdeTrendL35_First Click,IntPosIdeTrendL35_Last Click,IntPosIdeTrendL35_Page Submit,IntPosIdeTrendL35_Click Count,IntPosIdeTrendL35,SepSizeIdeTrendL36_First Click,SepSizeIdeTrendL36_Last Click,SepSizeIdeTrendL36_Page Submit,SepSizeIdeTrendL36_Click Count,SepSizeIdeTrendL36,SepPosIdeTrendL31_First Click,SepPosIdeTrendL31_Last Click,SepPosIdeTrendL31_Page Submit,SepPosIdeTrendL31_Click Count,SepPosIdeTrendL31,ControlIdeTrendL33_First Click,ControlIdeTrendL33_Last Click,ControlIdeTrendL33_Page Submit,ControlIdeTrendL33_Click Count,ControlIdeTrendL33,EmphasisIdeTrendL34_First Click,EmphasisIdeTrendL34_Last Click,EmphasisIdeTrendL34_Page Submit,EmphasisIdeTrendL34_Click Count,EmphasisIdeTrendL34,IntSizeIdeTrendL35_First Click,IntSizeIdeTrendL35_Last Click,IntSizeIdeTrendL35_Page Submit,IntSizeIdeTrendL35_Click Count,IntSizeIdeTrendL35,IntPosIdeTrendL36_First Click,IntPosIdeTrendL36_Last Click,IntPosIdeTrendL36_Page Submit,IntPosIdeTrendL36_Click Count,IntPosIdeTrendL36,SepSizeIdeTrendL31_First Click,SepSizeIdeTrendL31_Last Click,SepSizeIdeTrendL31_Page Submit,SepSizeIdeTrendL31_Click Count,SepSizeIdeTrendL31,SepPosIdeTrendL32_First Click,SepPosIdeTrendL32_Last Click,SepPosIdeTrendL32_Page Submit,SepPosIdeTrendL32_Click Count,SepPosIdeTrendL32,ControlIdeTrendL34_First Click,ControlIdeTrendL34_Last Click,ControlIdeTrendL34_Page Submit,ControlIdeTrendL34_Click Count,ControlIdeTrendL34,EmphasisIdeTrendL35_First Click,EmphasisIdeTrendL35_Last Click,EmphasisIdeTrendL35_Page Submit,EmphasisIdeTrendL35_Click Count,EmphasisIdeTrendL35,IntSizeIdeTrendL36_First Click,IntSizeIdeTrendL36_Last Click,IntSizeIdeTrendL36_Page Submit,IntSizeIdeTrendL36_Click Count,IntSizeIdeTrendL36,IntPosIdeTrendL31_First Click,IntPosIdeTrendL31_Last Click,IntPosIdeTrendL31_Page Submit,IntPosIdeTrendL31_Click Count,IntPosIdeTrendL31,SepSizeIdeTrendL32_First Click,SepSizeIdeTrendL32_Last Click,SepSizeIdeTrendL32_Page Submit,SepSizeIdeTrendL32_Click Count,SepSizeIdeTrendL32,SepPosIdeTrendL33_First Click,SepPosIdeTrendL33_Last Click,SepPosIdeTrendL33_Page Submit,SepPosIdeTrendL33_Click Count,SepPosIdeTrendL33,ControlIdeTrendL35_First Click,ControlIdeTrendL35_Last Click,ControlIdeTrendL35_Page Submit,ControlIdeTrendL35_Click Count,ControlIdeTrendL35,EmphasisIdeTrendL36_First Click,EmphasisIdeTrendL36_Last Click,EmphasisIdeTrendL36_Page Submit,EmphasisIdeTrendL36_Click Count,EmphasisIdeTrendL36,IntSizeIdeTrendL31_First Click,IntSizeIdeTrendL31_Last Click,IntSizeIdeTrendL31_Page Submit,IntSizeIdeTrendL31_Click Count,IntSizeIdeTrendL31,IntPosIdeTrendL32_First Click,IntPosIdeTrendL32_Last Click,IntPosIdeTrendL32_Page Submit,IntPosIdeTrendL32_Click Count,IntPosIdeTrendL32,SepSizeIdeTrendL33_First Click,SepSizeIdeTrendL33_Last Click,SepSizeIdeTrendL33_Page Submit,SepSizeIdeTrendL33_Click Count,SepSizeIdeTrendL33,SepPosIdeTrendL34_First Click,SepPosIdeTrendL34_Last Click,SepPosIdeTrendL34_Page Submit,SepPosIdeTrendL34_Click Count,SepPosIdeTrendL34,ControlIdeTrendL36_First Click,ControlIdeTrendL36_Last Click,ControlIdeTrendL36_Page Submit,ControlIdeTrendL36_Click Count,ControlIdeTrendL36,EmphasisIdeTrendL31_First Click,EmphasisIdeTrendL31_Last Click,EmphasisIdeTrendL31_Page Submit,EmphasisIdeTrendL31_Click Count,EmphasisIdeTrendL31,IntSizeIdeTrendL32_First Click,IntSizeIdeTrendL32_Last Click,IntSizeIdeTrendL32_Page Submit,IntSizeIdeTrendL32_Click Count,IntSizeIdeTrendL32,IntPosIdeTrendL33_First Click,IntPosIdeTrendL33_Last Click,IntPosIdeTrendL33_Page Submit,IntPosIdeTrendL33_Click Count,IntPosIdeTrendL33,SepSizeIdeTrendL34_First Click,SepSizeIdeTrendL34_Last Click,SepSizeIdeTrendL34_Page Submit,SepSizeIdeTrendL34_Click Count,SepSizeIdeTrendL34,SepPosIdeTrendL35 _First Click,SepPosIdeTrendL35 _Last Click,SepPosIdeTrendL35 _Page Submit,SepPosIdeTrendL35 _Click Count,SepPosIdeTrendL35,ControlEstCurVal13_First Click,ControlEstCurVal13_Last Click,ControlEstCurVal13_Page Submit,ControlEstCurVal13_Click Count,ControlEstCurVal13,EmphasisEstCurVal14_First Click,EmphasisEstCurVal14_Last Click,EmphasisEstCurVal14_Page Submit,EmphasisEstCurVal14_Click Count,EmphasisEstCurVal14,IntSizeEstCurVal15_First Click,IntSizeEstCurVal15_Last Click,IntSizeEstCurVal15_Page Submit,IntSizeEstCurVal15_Click Count,IntSizeEstCurVal15,IntPosEstCurVal16_First Click,IntPosEstCurVal16_Last Click,IntPosEstCurVal16_Page Submit,IntPosEstCurVal16_Click Count,IntPosEstCurVal16,SepSizeEstCurVal17_First Click,SepSizeEstCurVal17_Last Click,SepSizeEstCurVal17_Page Submit,SepSizeEstCurVal17_Click Count,SepSizeEstCurVal17,SepPosEstCurVal18_First Click,SepPosEstCurVal18_Last Click,SepPosEstCurVal18_Page Submit,SepPosEstCurVal18_Click Count,SepPosEstCurVal18,ControlEstCurVal14 _First Click,ControlEstCurVal14 _Last Click,ControlEstCurVal14 _Page Submit,ControlEstCurVal14 _Click Count,ControlEstCurVal14,EmphasisEstCurVal15_First Click,EmphasisEstCurVal15_Last Click,EmphasisEstCurVal15_Page Submit,EmphasisEstCurVal15_Click Count,EmphasisEstCurVal15,IntSizeEstCurVal16_First Click,IntSizeEstCurVal16_Last Click,IntSizeEstCurVal16_Page Submit,IntSizeEstCurVal16_Click Count,IntSizeEstCurVal16,IntPosEstCurVal17_First Click,IntPosEstCurVal17_Last Click,IntPosEstCurVal17_Page Submit,IntPosEstCurVal17_Click Count,IntPosEstCurVal17,SepSizeEstCurVal18_First Click,SepSizeEstCurVal18_Last Click,SepSizeEstCurVal18_Page Submit,SepSizeEstCurVal18_Click Count,SepSizeEstCurVal18,SepPosEstCurVal13_First Click,SepPosEstCurVal13_Last Click,SepPosEstCurVal13_Page Submit,SepPosEstCurVal13_Click Count,SepPosEstCurVal13,ControlEstCurVal15 _First Click,ControlEstCurVal15 _Last Click,ControlEstCurVal15 _Page Submit,ControlEstCurVal15 _Click Count,ControlEstCurVal15,EmphasisEstCurVal16_First Click,EmphasisEstCurVal16_Last Click,EmphasisEstCurVal16_Page Submit,EmphasisEstCurVal16_Click Count,EmphasisEstCurVal16,IntSizeEstCurVal17_First Click,IntSizeEstCurVal17_Last Click,IntSizeEstCurVal17_Page Submit,IntSizeEstCurVal17_Click Count,IntSizeEstCurVal17,IntPosEstCurVal18_First Click,IntPosEstCurVal18_Last Click,IntPosEstCurVal18_Page Submit,IntPosEstCurVal18_Click Count,IntPosEstCurVal18,SepSizeEstCurVal13_First Click,SepSizeEstCurVal13_Last Click,SepSizeEstCurVal13_Page Submit,SepSizeEstCurVal13_Click Count,SepSizeEstCurVal13,SepPosEstCurVal14_First Click,SepPosEstCurVal14_Last Click,SepPosEstCurVal14_Page Submit,SepPosEstCurVal14_Click Count,SepPosEstCurVal14,ControlEstCurVal16_First Click,ControlEstCurVal16_Last Click,ControlEstCurVal16_Page Submit,ControlEstCurVal16_Click Count,ControlEstCurVal16,EmphasisEstCurVal17 _First Click,EmphasisEstCurVal17 _Last Click,EmphasisEstCurVal17 _Page Submit,EmphasisEstCurVal17 _Click Count,EmphasisEstCurVal17,IntSizeEstCurVal18_First Click,IntSizeEstCurVal18_Last Click,IntSizeEstCurVal18_Page Submit,IntSizeEstCurVal18_Click Count,IntSizeEstCurVal18,IntPosEstCurVal13_First Click,IntPosEstCurVal13_Last Click,IntPosEstCurVal13_Page Submit,IntPosEstCurVal13_Click Count,IntPosEstCurVal13,SepSizeEstCurVal14_First Click,SepSizeEstCurVal14_Last Click,SepSizeEstCurVal14_Page Submit,SepSizeEstCurVal14_Click Count,SepSizeEstCurVal14,SepPosEstCurVal15_First Click,SepPosEstCurVal15_Last Click,SepPosEstCurVal15_Page Submit,SepPosEstCurVal15_Click Count,SepPosEstCurVal15,ControlEstCurVal17 _First Click,ControlEstCurVal17 _Last Click,ControlEstCurVal17 _Page Submit,ControlEstCurVal17 _Click Count,ControlEstCurVal17,EmphasisEstCurVal18_First Click,EmphasisEstCurVal18_Last Click,EmphasisEstCurVal18_Page Submit,EmphasisEstCurVal18_Click Count,EmphasisEstCurVal18,IntSizeEstCurVal13_First Click,IntSizeEstCurVal13_Last Click,IntSizeEstCurVal13_Page Submit,IntSizeEstCurVal13_Click Count,IntSizeEstCurVal13,IntPosEstCurVal14_First Click,IntPosEstCurVal14_Last Click,IntPosEstCurVal14_Page Submit,IntPosEstCurVal14_Click Count,IntPosEstCurVal14,SepSizeEstCurVal15_First Click,SepSizeEstCurVal15_Last Click,SepSizeEstCurVal15_Page Submit,SepSizeEstCurVal15_Click Count,SepSizeEstCurVal15,SepPosEstCurVal16_First Click,SepPosEstCurVal16_Last Click,SepPosEstCurVal16_Page Submit,SepPosEstCurVal16_Click Count,SepPosEstCurVal16,ControlEstCurVal18 _First Click,ControlEstCurVal18 _Last Click,ControlEstCurVal18 _Page Submit,ControlEstCurVal18 _Click Count,ControlEstCurVal18,EmphasisEstCurVal13_First Click,EmphasisEstCurVal13_Last Click,EmphasisEstCurVal13_Page Submit,EmphasisEstCurVal13_Click Count,EmphasisEstCurVal13,IntSizeEstCurVal14_First Click,IntSizeEstCurVal14_Last Click,IntSizeEstCurVal14_Page Submit,IntSizeEstCurVal14_Click Count,IntSizeEstCurVal14,IntPosEstCurVal15_First Click,IntPosEstCurVal15_Last Click,IntPosEstCurVal15_Page Submit,IntPosEstCurVal15_Click Count,IntPosEstCurVal15,SepSizeEstCurVal16_First Click,SepSizeEstCurVal16_Last Click,SepSizeEstCurVal16_Page Submit,SepSizeEstCurVal16_Click Count,SepSizeEstCurVal16,SepPosEstCurVal17_First Click,SepPosEstCurVal17_Last Click,SepPosEstCurVal17_Page Submit,SepPosEstCurVal17_Click Count,SepPosEstCurVal17,ControlEstTrend19_First Click,ControlEstTrend19_Last Click,ControlEstTrend19_Page Submit,ControlEstTrend19_Click Count,ControlEstTrend19,EmphasisEstTrend20_First Click,EmphasisEstTrend20_Last Click,EmphasisEstTrend20_Page Submit,EmphasisEstTrend20_Click Count,EmphasisEstTrend20,IntSizeEstTrend21_First Click,IntSizeEstTrend21_Last Click,IntSizeEstTrend21_Page Submit,IntSizeEstTrend21_Click Count,IntSizeEstTrend21,IntPosEstTrend22_First Click,IntPosEstTrend22_Last Click,IntPosEstTrend22_Page Submit,IntPosEstTrend22_Click Count,IntPosEstTrend22,SepSizeEstTrend23_First Click,SepSizeEstTrend23_Last Click,SepSizeEstTrend23_Page Submit,SepSizeEstTrend23_Click Count,SepSizeEstTrend23,SepPosEstTrend24_First Click,SepPosEstTrend24_Last Click,SepPosEstTrend24_Page Submit,SepPosEstTrend24_Click Count,SepPosEstTrend24,ControlEstTrend20_First Click,ControlEstTrend20_Last Click,ControlEstTrend20_Page Submit,ControlEstTrend20_Click Count,ControlEstTrend20,EmphasisEstTrend21_First Click,EmphasisEstTrend21_Last Click,EmphasisEstTrend21_Page Submit,EmphasisEstTrend21_Click Count,EmphasisEstTrend21,IntSizeEstTrend22_First Click,IntSizeEstTrend22_Last Click,IntSizeEstTrend22_Page Submit,IntSizeEstTrend22_Click Count,IntSizeEstTrend22,IntPosEstTrend23_First Click,IntPosEstTrend23_Last Click,IntPosEstTrend23_Page Submit,IntPosEstTrend23_Click Count,IntPosEstTrend23,SepSizeEstTrend24_First Click,SepSizeEstTrend24_Last Click,SepSizeEstTrend24_Page Submit,SepSizeEstTrend24_Click Count,SepSizeEstTrend24,SepPosEstTrend19_First Click,SepPosEstTrend19_Last Click,SepPosEstTrend19_Page Submit,SepPosEstTrend19_Click Count,SepPosEstTrend19,ControlEstTrend21_First Click,ControlEstTrend21_Last Click,ControlEstTrend21_Page Submit,ControlEstTrend21_Click Count,ControlEstTrend21,EmphasisEstTrend22_First Click,EmphasisEstTrend22_Last Click,EmphasisEstTrend22_Page Submit,EmphasisEstTrend22_Click Count,EmphasisEstTrend22,IntSizeEstTrend23_First Click,IntSizeEstTrend23_Last Click,IntSizeEstTrend23_Page Submit,IntSizeEstTrend23_Click Count,IntSizeEstTrend23,IntPosEstTrend24_First Click,IntPosEstTrend24_Last Click,IntPosEstTrend24_Page Submit,IntPosEstTrend24_Click Count,IntPosEstTrend24,SepSizeEstTrend19_First Click,SepSizeEstTrend19_Last Click,SepSizeEstTrend19_Page Submit,SepSizeEstTrend19_Click Count,SepSizeEstTrend19,SepPosEstTrend20_First Click,SepPosEstTrend20_Last Click,SepPosEstTrend20_Page Submit,SepPosEstTrend20_Click Count,SepPosEstTrend20,ControlEstTrend22_First Click,ControlEstTrend22_Last Click,ControlEstTrend22_Page Submit,ControlEstTrend22_Click Count,ControlEstTrend22,EmphasisEstTrend23_First Click,EmphasisEstTrend23_Last Click,EmphasisEstTrend23_Page Submit,EmphasisEstTrend23_Click Count,EmphasisEstTrend23,IntSizeEstTrend24_First Click,IntSizeEstTrend24_Last Click,IntSizeEstTrend24_Page Submit,IntSizeEstTrend24_Click Count,IntSizeEstTrend24,IntPosEstTrend19_First Click,IntPosEstTrend19_Last Click,IntPosEstTrend19_Page Submit,IntPosEstTrend19_Click Count,IntPosEstTrend19,SepSizeEstTrend20_First Click,SepSizeEstTrend20_Last Click,SepSizeEstTrend20_Page Submit,SepSizeEstTrend20_Click Count,SepSizeEstTrend20,SepPosEstTrend21_First Click,SepPosEstTrend21_Last Click,SepPosEstTrend21_Page Submit,SepPosEstTrend21_Click Count,SepPosEstTrend21,ControlEstTrend23_First Click,ControlEstTrend23_Last Click,ControlEstTrend23_Page Submit,ControlEstTrend23_Click Count,ControlEstTrend23,EmphasisEstTrend24_First Click,EmphasisEstTrend24_Last Click,EmphasisEstTrend24_Page Submit,EmphasisEstTrend24_Click Count,EmphasisEstTrend24,IntSizeEstTrend19_First Click,IntSizeEstTrend19_Last Click,IntSizeEstTrend19_Page Submit,IntSizeEstTrend19_Click Count,IntSizeEstTrend19,IntPosEstTrend20_First Click,IntPosEstTrend20_Last Click,IntPosEstTrend20_Page Submit,IntPosEstTrend20_Click Count,IntPosEstTrend20,SepSizeEstTrend21_First Click,SepSizeEstTrend21_Last Click,SepSizeEstTrend21_Page Submit,SepSizeEstTrend21_Click Count,SepSizeEstTrend21,SepPosEstTrend22_First Click,SepPosEstTrend22_Last Click,SepPosEstTrend22_Page Submit,SepPosEstTrend22_Click Count,SepPosEstTrend22,ControlEstTrend24_First Click,ControlEstTrend24_Last Click,ControlEstTrend24_Page Submit,ControlEstTrend24_Click Count,ControlEstTrend24,EmphasisEstTrend19_First Click,EmphasisEstTrend19_Last Click,EmphasisEstTrend19_Page Submit,EmphasisEstTrend19_Click Count,EmphasisEstTrend19,IntSizeEstTrend20_First Click,IntSizeEstTrend20_Last Click,IntSizeEstTrend20_Page Submit,IntSizeEstTrend20_Click Count,IntSizeEstTrend20,IntPosEstTrend21_First Click,IntPosEstTrend21_Last Click,IntPosEstTrend21_Page Submit,IntPosEstTrend21_Click Count,IntPosEstTrend21,SepSizeEstTrend22_First Click,SepSizeEstTrend22_Last Click,SepSizeEstTrend22_Page Submit,SepSizeEstTrend22_Click Count,SepSizeEstTrend22,SepPosEstTrend23_First Click,SepPosEstTrend23_Last Click,SepPosEstTrend23_Page Submit,SepPosEstTrend23_Click Count,SepPosEstTrend23,Standard Ratings,Emphasis Ratings,Q51,Q53,Q52,Q50,Q177,Feedback,Age,Gender,Gender_4_TEXT,Race,Hispanic/Latino,Q179,Q181,IdentCurVal,Ident Trend,Ident Cur Val L,Ident Trend L,Est Cur Val,Est Trend
Start Date,End Date,Progress,Duration (in seconds),Finished,Recorded Date,Response ID,Distribution Channel,User Language,"Before continuing, please ensure and confirm you are using any assistive technologies for your vision that you generally find necessary for completing tasks on a screen, such as prescription glasses, reading glasses, or contact lenses, as needed.","Additionally, please ensure you are taking this survey on a desktop or laptop computer, not on a tablet, mobile phone, or other device. 

Please make your browser full screen before continuing.","For all graphs, the label for each machine is above the individual readout. The range of output valu","Design B


Design B is like Design A, except the blue square label in the right position contains the current output reading from the machine and stands in for the dot representing the current value. 





Which machine has the highest output right now?","Design C


Design C is like Design B except the size of the label corresponds to the current output reading, where a smaller label corresponds a lower value and a larger label corresponds to a higher value.





Which machine has the highest output right now?","Design D


Design D is like Design B, except the blue bar also shows the current output reading in relation to 0 parts per minute; a shorter bar corresponds to a lower value and a higher bar corresponds to a larger value.



Which machine has the highest output right now?","Design E


Design E is like Design C except the blue square label is in the top right corner of each machine’s graph. The size of the label corresponds to the current output reading, where a smaller label corresponds a lower value and a larger label corresponds to a higher value.





Which machine has the highest output right now?","Design F


Design F is like Design D, where the blue square label in the top right corner of each machine’s graph. Design F is different from Design D because of the small axis next to the label represents a range from 0 to 99, just like the machine graph. The bar on the axis shows the current output reading from the machine and its location in the range from 0 to 99, where the bar starts at 0 and rises to the current output.





Which machine has the highest output right now?",Which machine has the lowest output right now?,"Find 3 plots that have an overall output increasing over time. There may be more, but please select only 3.","Find 3 plots that have an overall output decreasing over time. There may be more, but please select only 3.",What is the output of Machine 6 right now?,"Is the overall output of Machine 7 increasing, decreasing, or staying the same?",Timing - First Click,Timing - Last Click,Timing - Page Submit,Timing - Click Count,Which machine has the highest output right now?,Timing - First Click,Timing - Last Click,Timing - Page Submit,Timing - Click Count,Which machine has the highest output right now?,Timing - First Click,Timing - Last Click,Timing - Page Submit,Timing - Click Count,Which machine has the highest output right now?,Timing - First Click,Timing - Last Click,Timing - Page Submit,Timing - Click Count,Which machine has the highest output right now?,Timing - First Click,Timing - Last Click,Timing - Page Submit,Timing - Click Count,Which machine has the highest output right now?,Timing - First Click,Timing - Last Click,Timing - Page Submit,Timing - Click Count,Which machine has the highest output right now?,Timing - First Click,Timing - Last Click,Timing - Page Submit,Timing - Click Count,Which machine has the highest output right now?,Timing - First Click,Timing - Last Click,Timing - Page Submit,Timing - Click Count,Which machine has the highest output right now?,Timing - First Click,Timing - Last Click,Timing - Page Submit,Timing - Click Count,Which machine has the highest output right now?,Timing - First Click,Timing - Last Click,Timing - Page Submit,Timing - Click Count,Which machine has the highest output right now?,Timing - First Click,Timing - Last Click,Timing - Page Submit,Timing - Click Count,Which machine has the highest output right now?,Timing - First Click,Timing - Last Click,Timing - Page Submit,Timing - Click Count,Which machine has the highest output right now?,Timing - First Click,Timing - Last Click,Timing - Page Submit,Timing - Click Count,Which machine has the highest output right now?,Timing - First Click,Timing - Last Click,Timing - Page Submit,Timing - Click Count,Which machine has the highest output right now?,Timing - First Click,Timing - Last Click,Timing - Page Submit,Timing - Click Count,Which machine has the highest output right now?,Timing - First Click,Timing - Last Click,Timing - Page Submit,Timing - Click Count,Which machine has the highest output right now?,Timing - First Click,Timing - Last Click,Timing - Page Submit,Timing - Click Count,Which machine has the highest output right now?,Timing - First Click,Timing - Last Click,Timing - Page Submit,Timing - Click Count,Which machine has the highest output right now?,Timing - First Click,Timing - Last Click,Timing - Page Submit,Timing - Click Count,Which machine has the highest output right now?,Timing - First Click,Timing - Last Click,Timing - Page Submit,Timing - Click Count,Which machine has the highest output right now?,Timing - First Click,Timing - Last Click,Timing - Page Submit,Timing - Click Count,Which machine has the highest output right now?,Timing - First Click,Timing - Last Click,Timing - Page Submit,Timing - Click Count,Which machine has the highest output right now?,Timing - First Click,Timing - Last Click,Timing - Page Submit,Timing - Click Count,Which machine has the highest output right now?,Timing - First Click,Timing - Last Click,Timing - Page Submit,Timing - Click Count,Which machine has the highest output right now?,Timing - First Click,Timing - Last Click,Timing - Page Submit,Timing - Click Count,Which machine has the highest output right now?,Timing - First Click,Timing - Last Click,Timing - Page Submit,Timing - Click Count,Which machine has the highest output right now?,Timing - First Click,Timing - Last Click,Timing - Page Submit,Timing - Click Count,Which machine has the highest output right now?,Timing - First Click,Timing - Last Click,Timing - Page Submit,Timing - Click Count,Which machine has the highest output right now?,Timing - First Click,Timing - Last Click,Timing - Page Submit,Timing - Click Count,Which machine has the highest output right now?,Timing - First Click,Timing - Last Click,Timing - Page Submit,Timing - Click Count,Which machine has the highest output right now?,Timing - First Click,Timing - Last Click,Timing - Page Submit,Timing - Click Count,Which machine has the highest output right now?,Timing - First Click,Timing - Last Click,Timing - Page Submit,Timing - Click Count,Which machine has the highest output right now?,Timing - First Click,Timing - Last Click,Timing - Page Submit,Timing - Click Count,Which machine has the highest output right now?,Timing - First Click,Timing - Last Click,Timing - Page Submit,Timing - Click Count,Which machine has the highest output right now?,Timing - First Click,Timing - Last Click,Timing - Page Submit,Timing - Click Count,Which machine has the highest output right now?,Timing - First Click,Timing - Last Click,Timing - Page Submit,Timing - Click Count,Which machine has the highest output right now?,Timing - First Click,Timing - Last Click,Timing - Page Submit,Timing - Click Count,"Find 3 plots that have an overall output increasing over time. There may be more, but please select only 3.",Timing - First Click,Timing - Last Click,Timing - Page Submit,Timing - Click Count,"Find 3 plots that have an overall output increasing over time. There may be more, but please select only 3.",Timing - First Click,Timing - Last Click,Timing - Page Submit,Timing - Click Count,"Find 3 plots that have an overall output increasing over time. There may be more, but please select only 3.",Timing - First Click,Timing - Last Click,Timing - Page Submit,Timing - Click Count,"Find 3 plots that have an overall output increasing over time. There may be more, but please select only 3.",Timing - First Click,Timing - Last Click,Timing - Page Submit,Timing - Click Count,"Find 3 plots that have an overall output increasing over time. There may be more, but please select only 3.",Timing - First Click,Timing - Last Click,Timing - Page Submit,Timing - Click Count,"Find 3 plots that have an overall output increasing over time. There may be more, but please select only 3.",Timing - First Click,Timing - Last Click,Timing - Page Submit,Timing - Click Count,"Find 3 plots that have an overall output increasing over time. There may be more, but please select only 3.",Timing - First Click,Timing - Last Click,Timing - Page Submit,Timing - Click Count,"Find 3 plots that have an overall output increasing over time. There may be more, but please select only 3.",Timing - First Click,Timing - Last Click,Timing - Page Submit,Timing - Click Count,"Find 3 plots that have an overall output increasing over time. There may be more, but please select only 3.",Timing - First Click,Timing - Last Click,Timing - Page Submit,Timing - Click Count,"Find 3 plots that have an overall output increasing over time. There may be more, but please select only 3.",Timing - First Click,Timing - Last Click,Timing - Page Submit,Timing - Click Count,"Find 3 plots that have an overall output increasing over time. There may be more, but please select only 3.",Timing - First Click,Timing - Last Click,Timing - Page Submit,Timing - Click Count,"Find 3 plots that have an overall output increasing over time. There may be more, but please select only 3.",Timing - First Click,Timing - Last Click,Timing - Page Submit,Timing - Click Count,"Find 3 plots that have an overall output increasing over time. There may be more, but please select only 3.",Timing - First Click,Timing - Last Click,Timing - Page Submit,Timing - Click Count,"Find 3 plots that have an overall output increasing over time. There may be more, but please select only 3.",Timing - First Click,Timing - Last Click,Timing - Page Submit,Timing - Click Count,"Find 3 plots that have an overall output increasing over time. There may be more, but please select only 3.",Timing - First Click,Timing - Last Click,Timing - Page Submit,Timing - Click Count,"Find 3 plots that have an overall output increasing over time. There may be more, but please select only 3.",Timing - First Click,Timing - Last Click,Timing - Page Submit,Timing - Click Count,"Find 3 plots that have an overall output increasing over time. There may be more, but please select only 3.",Timing - First Click,Timing - Last Click,Timing - Page Submit,Timing - Click Count,"Find 3 plots that have an overall output increasing over time. There may be more, but please select only 3.",Timing - First Click,Timing - Last Click,Timing - Page Submit,Timing - Click Count,"Find 3 plots that have an overall output increasing over time. There may be more, but please select only 3.",Timing - First Click,Timing - Last Click,Timing - Page Submit,Timing - Click Count,"Find 3 plots that have an overall output increasing over time. There may be more, but please select only 3.",Timing - First Click,Timing - Last Click,Timing - Page Submit,Timing - Click Count,"Find 3 plots that have an overall output increasing over time. There may be more, but please select only 3.",Timing - First Click,Timing - Last Click,Timing - Page Submit,Timing - Click Count,"Find 3 plots that have an overall output increasing over time. There may be more, but please select only 3.",Timing - First Click,Timing - Last Click,Timing - Page Submit,Timing - Click Count,"Find 3 plots that have an overall output increasing over time. There may be more, but please select only 3.",Timing - First Click,Timing - Last Click,Timing - Page Submit,Timing - Click Count,"Find 3 plots that have an overall output increasing over time. There may be more, but please select only 3.",Timing - First Click,Timing - Last Click,Timing - Page Submit,Timing - Click Count,"Find 3 plots that have an overall output increasing over time. There may be more, but please select only 3.",Timing - First Click,Timing - Last Click,Timing - Page Submit,Timing - Click Count,"Find 3 plots that have an overall output increasing over time. There may be more, but please select only 3.",Timing - First Click,Timing - Last Click,Timing - Page Submit,Timing - Click Count,"Find 3 plots that have an overall output increasing over time. There may be more, but please select only 3.",Timing - First Click,Timing - Last Click,Timing - Page Submit,Timing - Click Count,"Find 3 plots that have an overall output increasing over time. There may be more, but please select only 3.",Timing - First Click,Timing - Last Click,Timing - Page Submit,Timing - Click Count,"Find 3 plots that have an overall output increasing over time. There may be more, but please select only 3.",Timing - First Click,Timing - Last Click,Timing - Page Submit,Timing - Click Count,"Find 3 plots that have an overall output increasing over time. There may be more, but please select only 3.",Timing - First Click,Timing - Last Click,Timing - Page Submit,Timing - Click Count,"Find 3 plots that have an overall output increasing over time. There may be more, but please select only 3.",Timing - First Click,Timing - Last Click,Timing - Page Submit,Timing - Click Count,"Find 3 plots that have an overall output increasing over time. There may be more, but please select only 3.",Timing - First Click,Timing - Last Click,Timing - Page Submit,Timing - Click Count,"Find 3 plots that have an overall output increasing over time. There may be more, but please select only 3.",Timing - First Click,Timing - Last Click,Timing - Page Submit,Timing - Click Count,"Find 3 plots that have an overall output increasing over time. There may be more, but please select only 3.",Timing - First Click,Timing - Last Click,Timing - Page Submit,Timing - Click Count,"Find 3 plots that have an overall output increasing over time. There may be more, but please select only 3.",Timing - First Click,Timing - Last Click,Timing - Page Submit,Timing - Click Count,"Find 3 plots that have an overall output increasing over time. There may be more, but please select only 3.",Timing - First Click,Timing - Last Click,Timing - Page Submit,Timing - Click Count,Which machine has the lowest output right now?,Timing - First Click,Timing - Last Click,Timing - Page Submit,Timing - Click Count,Which machine has the lowest output right now?,Timing - First Click,Timing - Last Click,Timing - Page Submit,Timing - Click Count,Which machine has the lowest output right now?,Timing - First Click,Timing - Last Click,Timing - Page Submit,Timing - Click Count,Which machine has the lowest output right now?,Timing - First Click,Timing - Last Click,Timing - Page Submit,Timing - Click Count,Which machine has the lowest output right now?,Timing - First Click,Timing - Last Click,Timing - Page Submit,Timing - Click Count,Which machine has the lowest output right now?,Timing - First Click,Timing - Last Click,Timing - Page Submit,Timing - Click Count,Which machine has the lowest output right now?,Timing - First Click,Timing - Last Click,Timing - Page Submit,Timing - Click Count,Which machine has the lowest output right now?,Timing - First Click,Timing - Last Click,Timing - Page Submit,Timing - Click Count,Which machine has the lowest output right now?,Timing - First Click,Timing - Last Click,Timing - Page Submit,Timing - Click Count,Which machine has the lowest output right now?,Timing - First Click,Timing - Last Click,Timing - Page Submit,Timing - Click Count,Which machine has the lowest output right now?,Timing - First Click,Timing - Last Click,Timing - Page Submit,Timing - Click Count,Which machine has the lowest output right now?,Timing - First Click,Timing - Last Click,Timing - Page Submit,Timing - Click Count,Which machine has the lowest output right now?,Timing - First Click,Timing - Last Click,Timing - Page Submit,Timing - Click Count,Which machine has the lowest output right now?,Timing - First Click,Timing - Last Click,Timing - Page Submit,Timing - Click Count,Which machine has the lowest output right now?,Timing - First Click,Timing - Last Click,Timing - Page Submit,Timing - Click Count,Which machine has the lowest output right now?,Timing - First Click,Timing - Last Click,Timing - Page Submit,Timing - Click Count,Which machine has the lowest output right now?,Timing - First Click,Timing - Last Click,Timing - Page Submit,Timing - Click Count,Which machine has the lowest output right now?,Timing - First Click,Timing - Last Click,Timing - Page Submit,Timing - Click Count,Which machine has the lowest output right now?,Timing - First Click,Timing - Last Click,Timing - Page Submit,Timing - Click Count,Which machine has the lowest output right now?,Timing - First Click,Timing - Last Click,Timing - Page Submit,Timing - Click Count,Which machine has the lowest output right now?,Timing - First Click,Timing - Last Click,Timing - Page Submit,Timing - Click Count,Which machine has the lowest output right now?,Timing - First Click,Timing - Last Click,Timing - Page Submit,Timing - Click Count,Which machine has the lowest output right now?,Timing - First Click,Timing - Last Click,Timing - Page Submit,Timing - Click Count,Which machine has the lowest output right now?,Timing - First Click,Timing - Last Click,Timing - Page Submit,Timing - Click Count,Which machine has the lowest output right now?,Timing - First Click,Timing - Last Click,Timing - Page Submit,Timing - Click Count,Which machine has the lowest output right now?,Timing - First Click,Timing - Last Click,Timing - Page Submit,Timing - Click Count,Which machine has the lowest output right now?,Timing - First Click,Timing - Last Click,Timing - Page Submit,Timing - Click Count,Which machine has the lowest output right now?,Timing - First Click,Timing - Last Click,Timing - Page Submit,Timing - Click Count,Which machine has the lowest output right now?,Timing - First Click,Timing - Last Click,Timing - Page Submit,Timing - Click Count,Which machine has the lowest output right now?,Timing - First Click,Timing - Last Click,Timing - Page Submit,Timing - Click Count,Which machine has the lowest output right now?,Timing - First Click,Timing - Last Click,Timing - Page Submit,Timing - Click Count,Which machine has the lowest output right now?,Timing - First Click,Timing - Last Click,Timing - Page Submit,Timing - Click Count,Which machine has the lowest output right now?,Timing - First Click,Timing - Last Click,Timing - Page Submit,Timing - Click Count,Which machine has the lowest output right now?,Timing - First Click,Timing - Last Click,Timing - Page Submit,Timing - Click Count,Which machine has the lowest output right now?,Timing - First Click,Timing - Last Click,Timing - Page Submit,Timing - Click Count,Which machine has the lowest output right now?,Timing - First Click,Timing - Last Click,Timing - Page Submit,Timing - Click Count,Select the total number of machines represented here.,Timing - First Click,Timing - Last Click,Timing - Page Submit,Timing - Click Count,"Find 3 plots that have an overall output decreasing over time. There may be more, but please select only 3.",Timing - First Click,Timing - Last Click,Timing - Page Submit,Timing - Click Count,"Find 3 plots that have an overall output decreasing over time. There may be more, but please select only 3.",Timing - First Click,Timing - Last Click,Timing - Page Submit,Timing - Click Count,"Find 3 plots that have an overall output decreasing over time. There may be more, but please select only 3.",Timing - First Click,Timing - Last Click,Timing - Page Submit,Timing - Click Count,"Find 3 plots that have an overall output decreasing over time. There may be more, but please select only 3.",Timing - First Click,Timing - Last Click,Timing - Page Submit,Timing - Click Count,"Find 3 plots that have an overall output decreasing over time. There may be more, but please select only 3.",Timing - First Click,Timing - Last Click,Timing - Page Submit,Timing - Click Count,"Find 3 plots that have an overall output decreasing over time. There may be more, but please select only 3.",Timing - First Click,Timing - Last Click,Timing - Page Submit,Timing - Click Count,"Find 3 plots that have an overall output decreasing over time. There may be more, but please select only 3.",Timing - First Click,Timing - Last Click,Timing - Page Submit,Timing - Click Count,"Find 3 plots that have an overall output decreasing over time. There may be more, but please select only 3.",Timing - First Click,Timing - Last Click,Timing - Page Submit,Timing - Click Count,"Find 3 plots that have an overall output decreasing over time. There may be more, but please select only 3.",Timing - First Click,Timing - Last Click,Timing - Page Submit,Timing - Click Count,"Find 3 plots that have an overall output decreasing over time. There may be more, but please select only 3.",Timing - First Click,Timing - Last Click,Timing - Page Submit,Timing - Click Count,"Find 3 plots that have an overall output decreasing over time. There may be more, but please select only 3.",Timing - First Click,Timing - Last Click,Timing - Page Submit,Timing - Click Count,"Find 3 plots that have an overall output decreasing over time. There may be more, but please select only 3.",Timing - First Click,Timing - Last Click,Timing - Page Submit,Timing - Click Count,"Find 3 plots that have an overall output decreasing over time. There may be more, but please select only 3.",Timing - First Click,Timing - Last Click,Timing - Page Submit,Timing - Click Count,"Find 3 plots that have an overall output decreasing over time. There may be more, but please select only 3.",Timing - First Click,Timing - Last Click,Timing - Page Submit,Timing - Click Count,"Find 3 plots that have an overall output decreasing over time. There may be more, but please select only 3.",Timing - First Click,Timing - Last Click,Timing - Page Submit,Timing - Click Count,"Find 3 plots that have an overall output decreasing over time. There may be more, but please select only 3.",Timing - First Click,Timing - Last Click,Timing - Page Submit,Timing - Click Count,"Find 3 plots that have an overall output decreasing over time. There may be more, but please select only 3.",Timing - First Click,Timing - Last Click,Timing - Page Submit,Timing - Click Count,"Find 3 plots that have an overall output decreasing over time. There may be more, but please select only 3.",Timing - First Click,Timing - Last Click,Timing - Page Submit,Timing - Click Count,"Find 3 plots that have an overall output decreasing over time. There may be more, but please select only 3.",Timing - First Click,Timing - Last Click,Timing - Page Submit,Timing - Click Count,"Find 3 plots that have an overall output decreasing over time. There may be more, but please select only 3.",Timing - First Click,Timing - Last Click,Timing - Page Submit,Timing - Click Count,"Find 3 plots that have an overall output decreasing over time. There may be more, but please select only 3.",Timing - First Click,Timing - Last Click,Timing - Page Submit,Timing - Click Count,"Find 3 plots that have an overall output decreasing over time. There may be more, but please select only 3.",Timing - First Click,Timing - Last Click,Timing - Page Submit,Timing - Click Count,"Find 3 plots that have an overall output decreasing over time. There may be more, but please select only 3.",Timing - First Click,Timing - Last Click,Timing - Page Submit,Timing - Click Count,"Find 3 plots that have an overall output decreasing over time. There may be more, but please select only 3.",Timing - First Click,Timing - Last Click,Timing - Page Submit,Timing - Click Count,"Find 3 plots that have an overall output decreasing over time. There may be more, but please select only 3.",Timing - First Click,Timing - Last Click,Timing - Page Submit,Timing - Click Count,"Find 3 plots that have an overall output decreasing over time. There may be more, but please select only 3.",Timing - First Click,Timing - Last Click,Timing - Page Submit,Timing - Click Count,"Find 3 plots that have an overall output decreasing over time. There may be more, but please select only 3.",Timing - First Click,Timing - Last Click,Timing - Page Submit,Timing - Click Count,"Find 3 plots that have an overall output decreasing over time. There may be more, but please select only 3.",Timing - First Click,Timing - Last Click,Timing - Page Submit,Timing - Click Count,"Find 3 plots that have an overall output decreasing over time. There may be more, but please select only 3.",Timing - First Click,Timing - Last Click,Timing - Page Submit,Timing - Click Count,"Find 3 plots that have an overall output decreasing over time. There may be more, but please select only 3.",Timing - First Click,Timing - Last Click,Timing - Page Submit,Timing - Click Count,"Find 3 plots that have an overall output decreasing over time. There may be more, but please select only 3.",Timing - First Click,Timing - Last Click,Timing - Page Submit,Timing - Click Count,"Find 3 plots that have an overall output decreasing over time. There may be more, but please select only 3.",Timing - First Click,Timing - Last Click,Timing - Page Submit,Timing - Click Count,"Find 3 plots that have an overall output decreasing over time. There may be more, but please select only 3.",Timing - First Click,Timing - Last Click,Timing - Page Submit,Timing - Click Count,"Find 3 plots that have an overall output decreasing over time. There may be more, but please select only 3.",Timing - First Click,Timing - Last Click,Timing - Page Submit,Timing - Click Count,"Find 3 plots that have an overall output decreasing over time. There may be more, but please select only 3.",Timing - First Click,Timing - Last Click,Timing - Page Submit,Timing - Click Count,"Find 3 plots that have an overall output decreasing over time. There may be more, but please select only 3.",Timing - First Click,Timing - Last Click,Timing - Page Submit,Timing - Click Count,What is the output of Machine 2 right now?,Timing - First Click,Timing - Last Click,Timing - Page Submit,Timing - Click Count,What is the output of Machine 3 right now?,Timing - First Click,Timing - Last Click,Timing - Page Submit,Timing - Click Count,What is the output of Machine 9 right now?,Timing - First Click,Timing - Last Click,Timing - Page Submit,Timing - Click Count,What is the output of Machine 16 right now?,Timing - First Click,Timing - Last Click,Timing - Page Submit,Timing - Click Count,What is the output of Machine 15 right now?,Timing - First Click,Timing - Last Click,Timing - Page Submit,Timing - Click Count,What is the output of Machine 7 right now?,Timing - First Click,Timing - Last Click,Timing - Page Submit,Timing - Click Count,What is the output of Machine 3 right now?,Timing - First Click,Timing - Last Click,Timing - Page Submit,Timing - Click Count,What is the output of Machine 9 right now?,Timing - First Click,Timing - Last Click,Timing - Page Submit,Timing - Click Count,What is the output of Machine 16 right now?,Timing - First Click,Timing - Last Click,Timing - Page Submit,Timing - Click Count,What is the output of Machine 15 right now?,Timing - First Click,Timing - Last Click,Timing - Page Submit,Timing - Click Count,What is the output of Machine 7 right now?,Timing - First Click,Timing - Last Click,Timing - Page Submit,Timing - Click Count,What is the output of Machine 2 right now?,Timing - First Click,Timing - Last Click,Timing - Page Submit,Timing - Click Count,What is the output of Machine 9 right now?,Timing - First Click,Timing - Last Click,Timing - Page Submit,Timing - Click Count,What is the output of Machine 16 right now?,Timing - First Click,Timing - Last Click,Timing - Page Submit,Timing - Click Count,What is the output of Machine 15 right now?,Timing - First Click,Timing - Last Click,Timing - Page Submit,Timing - Click Count,What is the output of Machine 7 right now?,Timing - First Click,Timing - Last Click,Timing - Page Submit,Timing - Click Count,What is the output of Machine 2 right now?,Timing - First Click,Timing - Last Click,Timing - Page Submit,Timing - Click Count,What is the output of Machine 3 right now?,Timing - First Click,Timing - Last Click,Timing - Page Submit,Timing - Click Count,What is the output of Machine 16 right now?,Timing - First Click,Timing - Last Click,Timing - Page Submit,Timing - Click Count,What is the output of Machine 15 right now?,Timing - First Click,Timing - Last Click,Timing - Page Submit,Timing - Click Count,What is the output of Machine 7 right now?,Timing - First Click,Timing - Last Click,Timing - Page Submit,Timing - Click Count,What is the output of Machine 2 right now?,Timing - First Click,Timing - Last Click,Timing - Page Submit,Timing - Click Count,What is the output of Machine 3 right now?,Timing - First Click,Timing - Last Click,Timing - Page Submit,Timing - Click Count,What is the output of Machine 9 right now?,Timing - First Click,Timing - Last Click,Timing - Page Submit,Timing - Click Count,What is the output of Machine 15 right now?,Timing - First Click,Timing - Last Click,Timing - Page Submit,Timing - Click Count,What is the output of Machine 7 right now?,Timing - First Click,Timing - Last Click,Timing - Page Submit,Timing - Click Count,What is the output of Machine 2 right now?,Timing - First Click,Timing - Last Click,Timing - Page Submit,Timing - Click Count,What is the output of Machine 3 right now?,Timing - First Click,Timing - Last Click,Timing - Page Submit,Timing - Click Count,What is the output of Machine 9 right now?,Timing - First Click,Timing - Last Click,Timing - Page Submit,Timing - Click Count,What is the output of Machine 16 right now?,Timing - First Click,Timing - Last Click,Timing - Page Submit,Timing - Click Count,What is the output of Machine 7 right now?,Timing - First Click,Timing - Last Click,Timing - Page Submit,Timing - Click Count,What is the output of Machine 2 right now?,Timing - First Click,Timing - Last Click,Timing - Page Submit,Timing - Click Count,What is the output of Machine 3 right now?,Timing - First Click,Timing - Last Click,Timing - Page Submit,Timing - Click Count,What is the output of Machine 9 right now?,Timing - First Click,Timing - Last Click,Timing - Page Submit,Timing - Click Count,What is the output of Machine 16 right now?,Timing - First Click,Timing - Last Click,Timing - Page Submit,Timing - Click Count,What is the output of Machine 15 right now?,Timing - First Click,Timing - Last Click,Timing - Page Submit,Timing - Click Count,"Is the overall output of Machine 9 increasing, decreasing, or staying the same?",Timing - First Click,Timing - Last Click,Timing - Page Submit,Timing - Click Count,"Is the overall output of Machine 1 increasing, decreasing, or staying the same?",Timing - First Click,Timing - Last Click,Timing - Page Submit,Timing - Click Count,"Is the overall output of Machine 13 increasing, decreasing, or staying the same?",Timing - First Click,Timing - Last Click,Timing - Page Submit,Timing - Click Count,"Is the overall output of Machine 5 increasing, decreasing, or staying the same?",Timing - First Click,Timing - Last Click,Timing - Page Submit,Timing - Click Count,"Is the overall output of Machine 6 increasing, decreasing, or staying the same?",Timing - First Click,Timing - Last Click,Timing - Page Submit,Timing - Click Count,"Is the overall output of Machine 12 increasing, decreasing, or staying the same?",Timing - First Click,Timing - Last Click,Timing - Page Submit,Timing - Click Count,"Is the overall output of Machine 1 increasing, decreasing, or staying the same?",Timing - First Click,Timing - Last Click,Timing - Page Submit,Timing - Click Count,"Is the overall output of Machine 13 increasing, decreasing, or staying the same?",Timing - First Click,Timing - Last Click,Timing - Page Submit,Timing - Click Count,"Is the overall output of Machine 5 increasing, decreasing, or staying the same?",Timing - First Click,Timing - Last Click,Timing - Page Submit,Timing - Click Count,"Is the overall output of Machine 6 increasing, decreasing, or staying the same?",Timing - First Click,Timing - Last Click,Timing - Page Submit,Timing - Click Count,"Is the overall output of Machine 12 increasing, decreasing, or staying the same?",Timing - First Click,Timing - Last Click,Timing - Page Submit,Timing - Click Count,"Is the overall output of Machine 9 increasing, decreasing, or staying the same?",Timing - First Click,Timing - Last Click,Timing - Page Submit,Timing - Click Count,"Is the overall output of Machine 13 increasing, decreasing, or staying the same?",Timing - First Click,Timing - Last Click,Timing - Page Submit,Timing - Click Count,"Is the overall output of Machine 5 increasing, decreasing, or staying the same?",Timing - First Click,Timing - Last Click,Timing - Page Submit,Timing - Click Count,"Is the overall output of Machine 6 increasing, decreasing, or staying the same?",Timing - First Click,Timing - Last Click,Timing - Page Submit,Timing - Click Count,"Is the overall output of Machine 12 increasing, decreasing, or staying the same?",Timing - First Click,Timing - Last Click,Timing - Page Submit,Timing - Click Count,"Is the overall output of Machine 9 increasing, decreasing, or staying the same?",Timing - First Click,Timing - Last Click,Timing - Page Submit,Timing - Click Count,"Is the overall output of Machine 1 increasing, decreasing, or staying the same?",Timing - First Click,Timing - Last Click,Timing - Page Submit,Timing - Click Count,"Is the overall output of Machine 5 increasing, decreasing, or staying the same?",Timing - First Click,Timing - Last Click,Timing - Page Submit,Timing - Click Count,"Is the overall output of Machine 6 increasing, decreasing, or staying the same?",Timing - First Click,Timing - Last Click,Timing - Page Submit,Timing - Click Count,"Is the overall output of Machine 12 increasing, decreasing, or staying the same?",Timing - First Click,Timing - Last Click,Timing - Page Submit,Timing - Click Count,"Is the overall output of Machine 9 increasing, decreasing, or staying the same?",Timing - First Click,Timing - Last Click,Timing - Page Submit,Timing - Click Count,"Is the overall output of Machine 1 increasing, decreasing, or staying the same?",Timing - First Click,Timing - Last Click,Timing - Page Submit,Timing - Click Count,"Is the overall output of Machine 13 increasing, decreasing, or staying the same?",Timing - First Click,Timing - Last Click,Timing - Page Submit,Timing - Click Count,"Is the overall output of Machine 6 increasing, decreasing, or staying the same?",Timing - First Click,Timing - Last Click,Timing - Page Submit,Timing - Click Count,"Is the overall output of Machine 12 increasing, decreasing, or staying the same?",Timing - First Click,Timing - Last Click,Timing - Page Submit,Timing - Click Count,"Is the overall output of Machine 9 increasing, decreasing, or staying the same?",Timing - First Click,Timing - Last Click,Timing - Page Submit,Timing - Click Count,"Is the overall output of Machine 1 increasing, decreasing, or staying the same?",Timing - First Click,Timing - Last Click,Timing - Page Submit,Timing - Click Count,"Is the overall output of Machine 13 increasing, decreasing, or staying the same?",Timing - First Click,Timing - Last Click,Timing - Page Submit,Timing - Click Count,"Is the overall output of Machine 5 increasing, decreasing, or staying the same?",Timing - First Click,Timing - Last Click,Timing - Page Submit,Timing - Click Count,"Is the overall output of Machine 12 increasing, decreasing, or staying the same?",Timing - First Click,Timing - Last Click,Timing - Page Submit,Timing - Click Count,"Is the overall output of Machine 9 increasing, decreasing, or staying the same?",Timing - First Click,Timing - Last Click,Timing - Page Submit,Timing - Click Count,"Is the overall output of Machine 1 increasing, decreasing, or staying the same?",Timing - First Click,Timing - Last Click,Timing - Page Submit,Timing - Click Count,"Is the overall output of Machine 13 increasing, decreasing, or staying the same?",Timing - First Click,Timing - Last Click,Timing - Page Submit,Timing - Click Count,"Is the overall output of Machine 5 increasing, decreasing, or staying the same?",Timing - First Click,Timing - Last Click,Timing - Page Submit,Timing - Click Count,"Is the overall output of Machine 6 increasing, decreasing, or staying the same?",How easy was responding to tasks involving graphs with the following design (Design A):,How easy was responding to tasks involving graphs with the following design (Design B):,How easy was responding to tasks involving graphs with the following design (Design C):,How easy was responding to tasks involving graphs with the following design (Design D):,How easy was responding to tasks involving graphs with the following design (Design E):,How easy was responding to tasks involving graphs with the following design (Design F):,Please compare the designs. Which ones were easiest to use to complete the tasks? Which were the worst? Why were they easier or worse?,Do you have any additional feedback on completing the tasks with the graphs?,How old are you?,How do you describe yourself? - Selected Choice,How do you describe yourself? - Prefer to self-describe - Text,Choose one or more races that you consider yourself to be,"Are you of Spanish, Hispanic, or Latino origin?",Do you have normal or corrected normal vision?,Please describe your vision condition,IdentCurVal,Ident Trend,Ident Cur Val L,Ident Trend L,Est Cur Val,Est Trend
"{""ImportId"":""startDate"",""timeZone"":""America/Denver""}","{""ImportId"":""endDate"",""timeZone"":""America/Denver""}","{""ImportId"":""progress""}","{""ImportId"":""duration""}","{""ImportId"":""finished""}","{""ImportId"":""recordedDate"",""timeZone"":""America/Denver""}","{""ImportId"":""_recordId""}","{""ImportId"":""distributionChannel""}","{""ImportId"":""userLanguage""}","{""ImportId"":""QID277""}","{""ImportId"":""QID281""}","{""ImportId"":""QID84""}","{""ImportId"":""QID12""}","{""ImportId"":""QID86""}","{""ImportId"":""QID283""}","{""ImportId"":""QID88""}","{""ImportId"":""QID264""}","{""ImportId"":""QID926""}","{""ImportId"":""QID273""}","{""ImportId"":""QID925""}","{""ImportId"":""QID274""}","{""ImportId"":""QID275""}","{""ImportId"":""QID1319033863_FIRST_CLICK""}","{""ImportId"":""QID1319033863_LAST_CLICK""}","{""ImportId"":""QID1319033863_PAGE_SUBMIT""}","{""ImportId"":""QID1319033863_CLICK_COUNT""}","{""ImportId"":""QID1319033864""}","{""ImportId"":""QID305_FIRST_CLICK""}","{""ImportId"":""QID305_LAST_CLICK""}","{""ImportId"":""QID305_PAGE_SUBMIT""}","{""ImportId"":""QID305_CLICK_COUNT""}","{""ImportId"":""QID306""}","{""ImportId"":""QID326_FIRST_CLICK""}","{""ImportId"":""QID326_LAST_CLICK""}","{""ImportId"":""QID326_PAGE_SUBMIT""}","{""ImportId"":""QID326_CLICK_COUNT""}","{""ImportId"":""QID327""}","{""ImportId"":""QID347_FIRST_CLICK""}","{""ImportId"":""QID347_LAST_CLICK""}","{""ImportId"":""QID347_PAGE_SUBMIT""}","{""ImportId"":""QID347_CLICK_COUNT""}","{""ImportId"":""QID348""}","{""ImportId"":""QID368_FIRST_CLICK""}","{""ImportId"":""QID368_LAST_CLICK""}","{""ImportId"":""QID368_PAGE_SUBMIT""}","{""ImportId"":""QID368_CLICK_COUNT""}","{""ImportId"":""QID369""}","{""ImportId"":""QID389_FIRST_CLICK""}","{""ImportId"":""QID389_LAST_CLICK""}","{""ImportId"":""QID389_PAGE_SUBMIT""}","{""ImportId"":""QID389_CLICK_COUNT""}","{""ImportId"":""QID390""}","{""ImportId"":""QID287_FIRST_CLICK""}","{""ImportId"":""QID287_LAST_CLICK""}","{""ImportId"":""QID287_PAGE_SUBMIT""}","{""ImportId"":""QID287_CLICK_COUNT""}","{""ImportId"":""QID288""}","{""ImportId"":""QID308_FIRST_CLICK""}","{""ImportId"":""QID308_LAST_CLICK""}","{""ImportId"":""QID308_PAGE_SUBMIT""}","{""ImportId"":""QID308_CLICK_COUNT""}","{""ImportId"":""QID309""}","{""ImportId"":""QID329_FIRST_CLICK""}","{""ImportId"":""QID329_LAST_CLICK""}","{""ImportId"":""QID329_PAGE_SUBMIT""}","{""ImportId"":""QID329_CLICK_COUNT""}","{""ImportId"":""QID330""}","{""ImportId"":""QID350_FIRST_CLICK""}","{""ImportId"":""QID350_LAST_CLICK""}","{""ImportId"":""QID350_PAGE_SUBMIT""}","{""ImportId"":""QID350_CLICK_COUNT""}","{""ImportId"":""QID351""}","{""ImportId"":""QID371_FIRST_CLICK""}","{""ImportId"":""QID371_LAST_CLICK""}","{""ImportId"":""QID371_PAGE_SUBMIT""}","{""ImportId"":""QID371_CLICK_COUNT""}","{""ImportId"":""QID372""}","{""ImportId"":""QID374_FIRST_CLICK""}","{""ImportId"":""QID374_LAST_CLICK""}","{""ImportId"":""QID374_PAGE_SUBMIT""}","{""ImportId"":""QID374_CLICK_COUNT""}","{""ImportId"":""QID375""}","{""ImportId"":""QID290_FIRST_CLICK""}","{""ImportId"":""QID290_LAST_CLICK""}","{""ImportId"":""QID290_PAGE_SUBMIT""}","{""ImportId"":""QID290_CLICK_COUNT""}","{""ImportId"":""QID291""}","{""ImportId"":""QID311_FIRST_CLICK""}","{""ImportId"":""QID311_LAST_CLICK""}","{""ImportId"":""QID311_PAGE_SUBMIT""}","{""ImportId"":""QID311_CLICK_COUNT""}","{""ImportId"":""QID312""}","{""ImportId"":""QID332_FIRST_CLICK""}","{""ImportId"":""QID332_LAST_CLICK""}","{""ImportId"":""QID332_PAGE_SUBMIT""}","{""ImportId"":""QID332_CLICK_COUNT""}","{""ImportId"":""QID333""}","{""ImportId"":""QID353_FIRST_CLICK""}","{""ImportId"":""QID353_LAST_CLICK""}","{""ImportId"":""QID353_PAGE_SUBMIT""}","{""ImportId"":""QID353_CLICK_COUNT""}","{""ImportId"":""QID354""}","{""ImportId"":""QID356_FIRST_CLICK""}","{""ImportId"":""QID356_LAST_CLICK""}","{""ImportId"":""QID356_PAGE_SUBMIT""}","{""ImportId"":""QID356_CLICK_COUNT""}","{""ImportId"":""QID357""}","{""ImportId"":""QID377_FIRST_CLICK""}","{""ImportId"":""QID377_LAST_CLICK""}","{""ImportId"":""QID377_PAGE_SUBMIT""}","{""ImportId"":""QID377_CLICK_COUNT""}","{""ImportId"":""QID378""}","{""ImportId"":""QID293_FIRST_CLICK""}","{""ImportId"":""QID293_LAST_CLICK""}","{""ImportId"":""QID293_PAGE_SUBMIT""}","{""ImportId"":""QID293_CLICK_COUNT""}","{""ImportId"":""QID294""}","{""ImportId"":""QID314_FIRST_CLICK""}","{""ImportId"":""QID314_LAST_CLICK""}","{""ImportId"":""QID314_PAGE_SUBMIT""}","{""ImportId"":""QID314_CLICK_COUNT""}","{""ImportId"":""QID315""}","{""ImportId"":""QID335_FIRST_CLICK""}","{""ImportId"":""QID335_LAST_CLICK""}","{""ImportId"":""QID335_PAGE_SUBMIT""}","{""ImportId"":""QID335_CLICK_COUNT""}","{""ImportId"":""QID336""}","{""ImportId"":""QID338_FIRST_CLICK""}","{""ImportId"":""QID338_LAST_CLICK""}","{""ImportId"":""QID338_PAGE_SUBMIT""}","{""ImportId"":""QID338_CLICK_COUNT""}","{""ImportId"":""QID339""}","{""ImportId"":""QID359_FIRST_CLICK""}","{""ImportId"":""QID359_LAST_CLICK""}","{""ImportId"":""QID359_PAGE_SUBMIT""}","{""ImportId"":""QID359_CLICK_COUNT""}","{""ImportId"":""QID360""}","{""ImportId"":""QID380_FIRST_CLICK""}","{""ImportId"":""QID380_LAST_CLICK""}","{""ImportId"":""QID380_PAGE_SUBMIT""}","{""ImportId"":""QID380_CLICK_COUNT""}","{""ImportId"":""QID381""}","{""ImportId"":""QID296_FIRST_CLICK""}","{""ImportId"":""QID296_LAST_CLICK""}","{""ImportId"":""QID296_PAGE_SUBMIT""}","{""ImportId"":""QID296_CLICK_COUNT""}","{""ImportId"":""QID297""}","{""ImportId"":""QID317_FIRST_CLICK""}","{""ImportId"":""QID317_LAST_CLICK""}","{""ImportId"":""QID317_PAGE_SUBMIT""}","{""ImportId"":""QID317_CLICK_COUNT""}","{""ImportId"":""QID318""}","{""ImportId"":""QID320_FIRST_CLICK""}","{""ImportId"":""QID320_LAST_CLICK""}","{""ImportId"":""QID320_PAGE_SUBMIT""}","{""ImportId"":""QID320_CLICK_COUNT""}","{""ImportId"":""QID321""}","{""ImportId"":""QID341_FIRST_CLICK""}","{""ImportId"":""QID341_LAST_CLICK""}","{""ImportId"":""QID341_PAGE_SUBMIT""}","{""ImportId"":""QID341_CLICK_COUNT""}","{""ImportId"":""QID342""}","{""ImportId"":""QID362_FIRST_CLICK""}","{""ImportId"":""QID362_LAST_CLICK""}","{""ImportId"":""QID362_PAGE_SUBMIT""}","{""ImportId"":""QID362_CLICK_COUNT""}","{""ImportId"":""QID363""}","{""ImportId"":""QID383_FIRST_CLICK""}","{""ImportId"":""QID383_LAST_CLICK""}","{""ImportId"":""QID383_PAGE_SUBMIT""}","{""ImportId"":""QID383_CLICK_COUNT""}","{""ImportId"":""QID384""}","{""ImportId"":""QID299_FIRST_CLICK""}","{""ImportId"":""QID299_LAST_CLICK""}","{""ImportId"":""QID299_PAGE_SUBMIT""}","{""ImportId"":""QID299_CLICK_COUNT""}","{""ImportId"":""QID300""}","{""ImportId"":""QID302_FIRST_CLICK""}","{""ImportId"":""QID302_LAST_CLICK""}","{""ImportId"":""QID302_PAGE_SUBMIT""}","{""ImportId"":""QID302_CLICK_COUNT""}","{""ImportId"":""QID303""}","{""ImportId"":""QID323_FIRST_CLICK""}","{""ImportId"":""QID323_LAST_CLICK""}","{""ImportId"":""QID323_PAGE_SUBMIT""}","{""ImportId"":""QID323_CLICK_COUNT""}","{""ImportId"":""QID324""}","{""ImportId"":""QID344_FIRST_CLICK""}","{""ImportId"":""QID344_LAST_CLICK""}","{""ImportId"":""QID344_PAGE_SUBMIT""}","{""ImportId"":""QID344_CLICK_COUNT""}","{""ImportId"":""QID345""}","{""ImportId"":""QID365_FIRST_CLICK""}","{""ImportId"":""QID365_LAST_CLICK""}","{""ImportId"":""QID365_PAGE_SUBMIT""}","{""ImportId"":""QID365_CLICK_COUNT""}","{""ImportId"":""QID366""}","{""ImportId"":""QID386_FIRST_CLICK""}","{""ImportId"":""QID386_LAST_CLICK""}","{""ImportId"":""QID386_PAGE_SUBMIT""}","{""ImportId"":""QID386_CLICK_COUNT""}","{""ImportId"":""QID387""}","{""ImportId"":""QID1319033866_FIRST_CLICK""}","{""ImportId"":""QID1319033866_LAST_CLICK""}","{""ImportId"":""QID1319033866_PAGE_SUBMIT""}","{""ImportId"":""QID1319033866_CLICK_COUNT""}","{""ImportId"":""QID1319033867""}","{""ImportId"":""QID521_FIRST_CLICK""}","{""ImportId"":""QID521_LAST_CLICK""}","{""ImportId"":""QID521_PAGE_SUBMIT""}","{""ImportId"":""QID521_CLICK_COUNT""}","{""ImportId"":""QID522""}","{""ImportId"":""QID551_FIRST_CLICK""}","{""ImportId"":""QID551_LAST_CLICK""}","{""ImportId"":""QID551_PAGE_SUBMIT""}","{""ImportId"":""QID551_CLICK_COUNT""}","{""ImportId"":""QID552""}","{""ImportId"":""QID569_FIRST_CLICK""}","{""ImportId"":""QID569_LAST_CLICK""}","{""ImportId"":""QID569_PAGE_SUBMIT""}","{""ImportId"":""QID569_CLICK_COUNT""}","{""ImportId"":""QID570""}","{""ImportId"":""QID587_FIRST_CLICK""}","{""ImportId"":""QID587_LAST_CLICK""}","{""ImportId"":""QID587_PAGE_SUBMIT""}","{""ImportId"":""QID587_CLICK_COUNT""}","{""ImportId"":""QID588""}","{""ImportId"":""QID605_FIRST_CLICK""}","{""ImportId"":""QID605_LAST_CLICK""}","{""ImportId"":""QID605_PAGE_SUBMIT""}","{""ImportId"":""QID605_CLICK_COUNT""}","{""ImportId"":""QID606""}","{""ImportId"":""QID503_FIRST_CLICK""}","{""ImportId"":""QID503_LAST_CLICK""}","{""ImportId"":""QID503_PAGE_SUBMIT""}","{""ImportId"":""QID503_CLICK_COUNT""}","{""ImportId"":""QID504""}","{""ImportId"":""QID524_FIRST_CLICK""}","{""ImportId"":""QID524_LAST_CLICK""}","{""ImportId"":""QID524_PAGE_SUBMIT""}","{""ImportId"":""QID524_CLICK_COUNT""}","{""ImportId"":""QID525""}","{""ImportId"":""QID554_FIRST_CLICK""}","{""ImportId"":""QID554_LAST_CLICK""}","{""ImportId"":""QID554_PAGE_SUBMIT""}","{""ImportId"":""QID554_CLICK_COUNT""}","{""ImportId"":""QID555""}","{""ImportId"":""QID572_FIRST_CLICK""}","{""ImportId"":""QID572_LAST_CLICK""}","{""ImportId"":""QID572_PAGE_SUBMIT""}","{""ImportId"":""QID572_CLICK_COUNT""}","{""ImportId"":""QID573""}","{""ImportId"":""QID590_FIRST_CLICK""}","{""ImportId"":""QID590_LAST_CLICK""}","{""ImportId"":""QID590_PAGE_SUBMIT""}","{""ImportId"":""QID590_CLICK_COUNT""}","{""ImportId"":""QID591""}","{""ImportId"":""QID545_FIRST_CLICK""}","{""ImportId"":""QID545_LAST_CLICK""}","{""ImportId"":""QID545_PAGE_SUBMIT""}","{""ImportId"":""QID545_CLICK_COUNT""}","{""ImportId"":""QID546""}","{""ImportId"":""QID506_FIRST_CLICK""}","{""ImportId"":""QID506_LAST_CLICK""}","{""ImportId"":""QID506_PAGE_SUBMIT""}","{""ImportId"":""QID506_CLICK_COUNT""}","{""ImportId"":""QID507""}","{""ImportId"":""QID527_FIRST_CLICK""}","{""ImportId"":""QID527_LAST_CLICK""}","{""ImportId"":""QID527_PAGE_SUBMIT""}","{""ImportId"":""QID527_CLICK_COUNT""}","{""ImportId"":""QID528""}","{""ImportId"":""QID557_FIRST_CLICK""}","{""ImportId"":""QID557_LAST_CLICK""}","{""ImportId"":""QID557_PAGE_SUBMIT""}","{""ImportId"":""QID557_CLICK_COUNT""}","{""ImportId"":""QID558""}","{""ImportId"":""QID575_FIRST_CLICK""}","{""ImportId"":""QID575_LAST_CLICK""}","{""ImportId"":""QID575_PAGE_SUBMIT""}","{""ImportId"":""QID575_CLICK_COUNT""}","{""ImportId"":""QID576""}","{""ImportId"":""QID542_FIRST_CLICK""}","{""ImportId"":""QID542_LAST_CLICK""}","{""ImportId"":""QID542_PAGE_SUBMIT""}","{""ImportId"":""QID542_CLICK_COUNT""}","{""ImportId"":""QID543""}","{""ImportId"":""QID593_FIRST_CLICK""}","{""ImportId"":""QID593_LAST_CLICK""}","{""ImportId"":""QID593_PAGE_SUBMIT""}","{""ImportId"":""QID593_CLICK_COUNT""}","{""ImportId"":""QID594""}","{""ImportId"":""QID509_FIRST_CLICK""}","{""ImportId"":""QID509_LAST_CLICK""}","{""ImportId"":""QID509_PAGE_SUBMIT""}","{""ImportId"":""QID509_CLICK_COUNT""}","{""ImportId"":""QID510""}","{""ImportId"":""QID530_FIRST_CLICK""}","{""ImportId"":""QID530_LAST_CLICK""}","{""ImportId"":""QID530_PAGE_SUBMIT""}","{""ImportId"":""QID530_CLICK_COUNT""}","{""ImportId"":""QID531""}","{""ImportId"":""QID560_FIRST_CLICK""}","{""ImportId"":""QID560_LAST_CLICK""}","{""ImportId"":""QID560_PAGE_SUBMIT""}","{""ImportId"":""QID560_CLICK_COUNT""}","{""ImportId"":""QID561""}","{""ImportId"":""QID539_FIRST_CLICK""}","{""ImportId"":""QID539_LAST_CLICK""}","{""ImportId"":""QID539_PAGE_SUBMIT""}","{""ImportId"":""QID539_CLICK_COUNT""}","{""ImportId"":""QID540""}","{""ImportId"":""QID578_FIRST_CLICK""}","{""ImportId"":""QID578_LAST_CLICK""}","{""ImportId"":""QID578_PAGE_SUBMIT""}","{""ImportId"":""QID578_CLICK_COUNT""}","{""ImportId"":""QID579""}","{""ImportId"":""QID596_FIRST_CLICK""}","{""ImportId"":""QID596_LAST_CLICK""}","{""ImportId"":""QID596_PAGE_SUBMIT""}","{""ImportId"":""QID596_CLICK_COUNT""}","{""ImportId"":""QID597""}","{""ImportId"":""QID512_FIRST_CLICK""}","{""ImportId"":""QID512_LAST_CLICK""}","{""ImportId"":""QID512_PAGE_SUBMIT""}","{""ImportId"":""QID512_CLICK_COUNT""}","{""ImportId"":""QID513""}","{""ImportId"":""QID533_FIRST_CLICK""}","{""ImportId"":""QID533_LAST_CLICK""}","{""ImportId"":""QID533_PAGE_SUBMIT""}","{""ImportId"":""QID533_CLICK_COUNT""}","{""ImportId"":""QID534""}","{""ImportId"":""QID536_FIRST_CLICK""}","{""ImportId"":""QID536_LAST_CLICK""}","{""ImportId"":""QID536_PAGE_SUBMIT""}","{""ImportId"":""QID536_CLICK_COUNT""}","{""ImportId"":""QID537""}","{""ImportId"":""QID563_FIRST_CLICK""}","{""ImportId"":""QID563_LAST_CLICK""}","{""ImportId"":""QID563_PAGE_SUBMIT""}","{""ImportId"":""QID563_CLICK_COUNT""}","{""ImportId"":""QID564""}","{""ImportId"":""QID581_FIRST_CLICK""}","{""ImportId"":""QID581_LAST_CLICK""}","{""ImportId"":""QID581_PAGE_SUBMIT""}","{""ImportId"":""QID581_CLICK_COUNT""}","{""ImportId"":""QID582""}","{""ImportId"":""QID599_FIRST_CLICK""}","{""ImportId"":""QID599_LAST_CLICK""}","{""ImportId"":""QID599_PAGE_SUBMIT""}","{""ImportId"":""QID599_CLICK_COUNT""}","{""ImportId"":""QID600""}","{""ImportId"":""QID515_FIRST_CLICK""}","{""ImportId"":""QID515_LAST_CLICK""}","{""ImportId"":""QID515_PAGE_SUBMIT""}","{""ImportId"":""QID515_CLICK_COUNT""}","{""ImportId"":""QID516""}","{""ImportId"":""QID518_FIRST_CLICK""}","{""ImportId"":""QID518_LAST_CLICK""}","{""ImportId"":""QID518_PAGE_SUBMIT""}","{""ImportId"":""QID518_CLICK_COUNT""}","{""ImportId"":""QID519""}","{""ImportId"":""QID548_FIRST_CLICK""}","{""ImportId"":""QID548_LAST_CLICK""}","{""ImportId"":""QID548_PAGE_SUBMIT""}","{""ImportId"":""QID548_CLICK_COUNT""}","{""ImportId"":""QID549""}","{""ImportId"":""QID566_FIRST_CLICK""}","{""ImportId"":""QID566_LAST_CLICK""}","{""ImportId"":""QID566_PAGE_SUBMIT""}","{""ImportId"":""QID566_CLICK_COUNT""}","{""ImportId"":""QID567""}","{""ImportId"":""QID584_FIRST_CLICK""}","{""ImportId"":""QID584_LAST_CLICK""}","{""ImportId"":""QID584_PAGE_SUBMIT""}","{""ImportId"":""QID584_CLICK_COUNT""}","{""ImportId"":""QID585""}","{""ImportId"":""QID602_FIRST_CLICK""}","{""ImportId"":""QID602_LAST_CLICK""}","{""ImportId"":""QID602_PAGE_SUBMIT""}","{""ImportId"":""QID602_CLICK_COUNT""}","{""ImportId"":""QID603""}","{""ImportId"":""QID392_FIRST_CLICK""}","{""ImportId"":""QID392_LAST_CLICK""}","{""ImportId"":""QID392_PAGE_SUBMIT""}","{""ImportId"":""QID392_CLICK_COUNT""}","{""ImportId"":""QID393""}","{""ImportId"":""QID428_FIRST_CLICK""}","{""ImportId"":""QID428_LAST_CLICK""}","{""ImportId"":""QID428_PAGE_SUBMIT""}","{""ImportId"":""QID428_CLICK_COUNT""}","{""ImportId"":""QID429""}","{""ImportId"":""QID446_FIRST_CLICK""}","{""ImportId"":""QID446_LAST_CLICK""}","{""ImportId"":""QID446_PAGE_SUBMIT""}","{""ImportId"":""QID446_CLICK_COUNT""}","{""ImportId"":""QID447""}","{""ImportId"":""QID461_FIRST_CLICK""}","{""ImportId"":""QID461_LAST_CLICK""}","{""ImportId"":""QID461_PAGE_SUBMIT""}","{""ImportId"":""QID461_CLICK_COUNT""}","{""ImportId"":""QID462""}","{""ImportId"":""QID479_FIRST_CLICK""}","{""ImportId"":""QID479_LAST_CLICK""}","{""ImportId"":""QID479_PAGE_SUBMIT""}","{""ImportId"":""QID479_CLICK_COUNT""}","{""ImportId"":""QID480""}","{""ImportId"":""QID497_FIRST_CLICK""}","{""ImportId"":""QID497_LAST_CLICK""}","{""ImportId"":""QID497_PAGE_SUBMIT""}","{""ImportId"":""QID497_CLICK_COUNT""}","{""ImportId"":""QID498""}","{""ImportId"":""QID413_FIRST_CLICK""}","{""ImportId"":""QID413_LAST_CLICK""}","{""ImportId"":""QID413_PAGE_SUBMIT""}","{""ImportId"":""QID413_CLICK_COUNT""}","{""ImportId"":""QID414""}","{""ImportId"":""QID431_FIRST_CLICK""}","{""ImportId"":""QID431_LAST_CLICK""}","{""ImportId"":""QID431_PAGE_SUBMIT""}","{""ImportId"":""QID431_CLICK_COUNT""}","{""ImportId"":""QID432""}","{""ImportId"":""QID449_FIRST_CLICK""}","{""ImportId"":""QID449_LAST_CLICK""}","{""ImportId"":""QID449_PAGE_SUBMIT""}","{""ImportId"":""QID449_CLICK_COUNT""}","{""ImportId"":""QID450""}","{""ImportId"":""QID464_FIRST_CLICK""}","{""ImportId"":""QID464_LAST_CLICK""}","{""ImportId"":""QID464_PAGE_SUBMIT""}","{""ImportId"":""QID464_CLICK_COUNT""}","{""ImportId"":""QID465""}","{""ImportId"":""QID482_FIRST_CLICK""}","{""ImportId"":""QID482_LAST_CLICK""}","{""ImportId"":""QID482_PAGE_SUBMIT""}","{""ImportId"":""QID482_CLICK_COUNT""}","{""ImportId"":""QID483""}","{""ImportId"":""QID410_FIRST_CLICK""}","{""ImportId"":""QID410_LAST_CLICK""}","{""ImportId"":""QID410_PAGE_SUBMIT""}","{""ImportId"":""QID410_CLICK_COUNT""}","{""ImportId"":""QID411""}","{""ImportId"":""QID416_FIRST_CLICK""}","{""ImportId"":""QID416_LAST_CLICK""}","{""ImportId"":""QID416_PAGE_SUBMIT""}","{""ImportId"":""QID416_CLICK_COUNT""}","{""ImportId"":""QID417""}","{""ImportId"":""QID434_FIRST_CLICK""}","{""ImportId"":""QID434_LAST_CLICK""}","{""ImportId"":""QID434_PAGE_SUBMIT""}","{""ImportId"":""QID434_CLICK_COUNT""}","{""ImportId"":""QID435""}","{""ImportId"":""QID452_FIRST_CLICK""}","{""ImportId"":""QID452_LAST_CLICK""}","{""ImportId"":""QID452_PAGE_SUBMIT""}","{""ImportId"":""QID452_CLICK_COUNT""}","{""ImportId"":""QID453""}","{""ImportId"":""QID467_FIRST_CLICK""}","{""ImportId"":""QID467_LAST_CLICK""}","{""ImportId"":""QID467_PAGE_SUBMIT""}","{""ImportId"":""QID467_CLICK_COUNT""}","{""ImportId"":""QID468""}","{""ImportId"":""QID407_FIRST_CLICK""}","{""ImportId"":""QID407_LAST_CLICK""}","{""ImportId"":""QID407_PAGE_SUBMIT""}","{""ImportId"":""QID407_CLICK_COUNT""}","{""ImportId"":""QID408""}","{""ImportId"":""QID485_FIRST_CLICK""}","{""ImportId"":""QID485_LAST_CLICK""}","{""ImportId"":""QID485_PAGE_SUBMIT""}","{""ImportId"":""QID485_CLICK_COUNT""}","{""ImportId"":""QID486""}","{""ImportId"":""QID419_FIRST_CLICK""}","{""ImportId"":""QID419_LAST_CLICK""}","{""ImportId"":""QID419_PAGE_SUBMIT""}","{""ImportId"":""QID419_CLICK_COUNT""}","{""ImportId"":""QID420""}","{""ImportId"":""QID437_FIRST_CLICK""}","{""ImportId"":""QID437_LAST_CLICK""}","{""ImportId"":""QID437_PAGE_SUBMIT""}","{""ImportId"":""QID437_CLICK_COUNT""}","{""ImportId"":""QID438""}","{""ImportId"":""QID455_FIRST_CLICK""}","{""ImportId"":""QID455_LAST_CLICK""}","{""ImportId"":""QID455_PAGE_SUBMIT""}","{""ImportId"":""QID455_CLICK_COUNT""}","{""ImportId"":""QID456""}","{""ImportId"":""QID404_FIRST_CLICK""}","{""ImportId"":""QID404_LAST_CLICK""}","{""ImportId"":""QID404_PAGE_SUBMIT""}","{""ImportId"":""QID404_CLICK_COUNT""}","{""ImportId"":""QID405""}","{""ImportId"":""QID470_FIRST_CLICK""}","{""ImportId"":""QID470_LAST_CLICK""}","{""ImportId"":""QID470_PAGE_SUBMIT""}","{""ImportId"":""QID470_CLICK_COUNT""}","{""ImportId"":""QID471""}","{""ImportId"":""QID488_FIRST_CLICK""}","{""ImportId"":""QID488_LAST_CLICK""}","{""ImportId"":""QID488_PAGE_SUBMIT""}","{""ImportId"":""QID488_CLICK_COUNT""}","{""ImportId"":""QID489""}","{""ImportId"":""QID422_FIRST_CLICK""}","{""ImportId"":""QID422_LAST_CLICK""}","{""ImportId"":""QID422_PAGE_SUBMIT""}","{""ImportId"":""QID422_CLICK_COUNT""}","{""ImportId"":""QID423""}","{""ImportId"":""QID440_FIRST_CLICK""}","{""ImportId"":""QID440_LAST_CLICK""}","{""ImportId"":""QID440_PAGE_SUBMIT""}","{""ImportId"":""QID440_CLICK_COUNT""}","{""ImportId"":""QID441""}","{""ImportId"":""QID398_FIRST_CLICK""}","{""ImportId"":""QID398_LAST_CLICK""}","{""ImportId"":""QID398_PAGE_SUBMIT""}","{""ImportId"":""QID398_CLICK_COUNT""}","{""ImportId"":""QID399""}","{""ImportId"":""QID401_FIRST_CLICK""}","{""ImportId"":""QID401_LAST_CLICK""}","{""ImportId"":""QID401_PAGE_SUBMIT""}","{""ImportId"":""QID401_CLICK_COUNT""}","{""ImportId"":""QID402""}","{""ImportId"":""QID473_FIRST_CLICK""}","{""ImportId"":""QID473_LAST_CLICK""}","{""ImportId"":""QID473_PAGE_SUBMIT""}","{""ImportId"":""QID473_CLICK_COUNT""}","{""ImportId"":""QID474""}","{""ImportId"":""QID491_FIRST_CLICK""}","{""ImportId"":""QID491_LAST_CLICK""}","{""ImportId"":""QID491_PAGE_SUBMIT""}","{""ImportId"":""QID491_CLICK_COUNT""}","{""ImportId"":""QID492""}","{""ImportId"":""QID425_FIRST_CLICK""}","{""ImportId"":""QID425_LAST_CLICK""}","{""ImportId"":""QID425_PAGE_SUBMIT""}","{""ImportId"":""QID425_CLICK_COUNT""}","{""ImportId"":""QID426""}","{""ImportId"":""QID395_FIRST_CLICK""}","{""ImportId"":""QID395_LAST_CLICK""}","{""ImportId"":""QID395_PAGE_SUBMIT""}","{""ImportId"":""QID395_CLICK_COUNT""}","{""ImportId"":""QID396""}","{""ImportId"":""QID443_FIRST_CLICK""}","{""ImportId"":""QID443_LAST_CLICK""}","{""ImportId"":""QID443_PAGE_SUBMIT""}","{""ImportId"":""QID443_CLICK_COUNT""}","{""ImportId"":""QID444""}","{""ImportId"":""QID458_FIRST_CLICK""}","{""ImportId"":""QID458_LAST_CLICK""}","{""ImportId"":""QID458_PAGE_SUBMIT""}","{""ImportId"":""QID458_CLICK_COUNT""}","{""ImportId"":""QID459""}","{""ImportId"":""QID476_FIRST_CLICK""}","{""ImportId"":""QID476_LAST_CLICK""}","{""ImportId"":""QID476_PAGE_SUBMIT""}","{""ImportId"":""QID476_CLICK_COUNT""}","{""ImportId"":""QID477""}","{""ImportId"":""QID494_FIRST_CLICK""}","{""ImportId"":""QID494_LAST_CLICK""}","{""ImportId"":""QID494_PAGE_SUBMIT""}","{""ImportId"":""QID494_CLICK_COUNT""}","{""ImportId"":""QID495""}","{""ImportId"":""QID279_FIRST_CLICK""}","{""ImportId"":""QID279_LAST_CLICK""}","{""ImportId"":""QID279_PAGE_SUBMIT""}","{""ImportId"":""QID279_CLICK_COUNT""}","{""ImportId"":""QID43""}","{""ImportId"":""QID623_FIRST_CLICK""}","{""ImportId"":""QID623_LAST_CLICK""}","{""ImportId"":""QID623_PAGE_SUBMIT""}","{""ImportId"":""QID623_CLICK_COUNT""}","{""ImportId"":""QID624""}","{""ImportId"":""QID641_FIRST_CLICK""}","{""ImportId"":""QID641_LAST_CLICK""}","{""ImportId"":""QID641_PAGE_SUBMIT""}","{""ImportId"":""QID641_CLICK_COUNT""}","{""ImportId"":""QID642""}","{""ImportId"":""QID659_FIRST_CLICK""}","{""ImportId"":""QID659_LAST_CLICK""}","{""ImportId"":""QID659_PAGE_SUBMIT""}","{""ImportId"":""QID659_CLICK_COUNT""}","{""ImportId"":""QID660""}","{""ImportId"":""QID680_FIRST_CLICK""}","{""ImportId"":""QID680_LAST_CLICK""}","{""ImportId"":""QID680_PAGE_SUBMIT""}","{""ImportId"":""QID680_CLICK_COUNT""}","{""ImportId"":""QID681""}","{""ImportId"":""QID698_FIRST_CLICK""}","{""ImportId"":""QID698_LAST_CLICK""}","{""ImportId"":""QID698_PAGE_SUBMIT""}","{""ImportId"":""QID698_CLICK_COUNT""}","{""ImportId"":""QID699""}","{""ImportId"":""QID608_FIRST_CLICK""}","{""ImportId"":""QID608_LAST_CLICK""}","{""ImportId"":""QID608_PAGE_SUBMIT""}","{""ImportId"":""QID608_CLICK_COUNT""}","{""ImportId"":""QID609""}","{""ImportId"":""QID626_FIRST_CLICK""}","{""ImportId"":""QID626_LAST_CLICK""}","{""ImportId"":""QID626_PAGE_SUBMIT""}","{""ImportId"":""QID626_CLICK_COUNT""}","{""ImportId"":""QID627""}","{""ImportId"":""QID644_FIRST_CLICK""}","{""ImportId"":""QID644_LAST_CLICK""}","{""ImportId"":""QID644_PAGE_SUBMIT""}","{""ImportId"":""QID644_CLICK_COUNT""}","{""ImportId"":""QID645""}","{""ImportId"":""QID662_FIRST_CLICK""}","{""ImportId"":""QID662_LAST_CLICK""}","{""ImportId"":""QID662_PAGE_SUBMIT""}","{""ImportId"":""QID662_CLICK_COUNT""}","{""ImportId"":""QID663""}","{""ImportId"":""QID683_FIRST_CLICK""}","{""ImportId"":""QID683_LAST_CLICK""}","{""ImportId"":""QID683_PAGE_SUBMIT""}","{""ImportId"":""QID683_CLICK_COUNT""}","{""ImportId"":""QID684""}","{""ImportId"":""QID611_FIRST_CLICK""}","{""ImportId"":""QID611_LAST_CLICK""}","{""ImportId"":""QID611_PAGE_SUBMIT""}","{""ImportId"":""QID611_CLICK_COUNT""}","{""ImportId"":""QID612""}","{""ImportId"":""QID701_FIRST_CLICK""}","{""ImportId"":""QID701_LAST_CLICK""}","{""ImportId"":""QID701_PAGE_SUBMIT""}","{""ImportId"":""QID701_CLICK_COUNT""}","{""ImportId"":""QID702""}","{""ImportId"":""QID629_FIRST_CLICK""}","{""ImportId"":""QID629_LAST_CLICK""}","{""ImportId"":""QID629_PAGE_SUBMIT""}","{""ImportId"":""QID629_CLICK_COUNT""}","{""ImportId"":""QID630""}","{""ImportId"":""QID647_FIRST_CLICK""}","{""ImportId"":""QID647_LAST_CLICK""}","{""ImportId"":""QID647_PAGE_SUBMIT""}","{""ImportId"":""QID647_CLICK_COUNT""}","{""ImportId"":""QID648""}","{""ImportId"":""QID665_FIRST_CLICK""}","{""ImportId"":""QID665_LAST_CLICK""}","{""ImportId"":""QID665_PAGE_SUBMIT""}","{""ImportId"":""QID665_CLICK_COUNT""}","{""ImportId"":""QID666""}","{""ImportId"":""QID620_FIRST_CLICK""}","{""ImportId"":""QID620_LAST_CLICK""}","{""ImportId"":""QID620_PAGE_SUBMIT""}","{""ImportId"":""QID620_CLICK_COUNT""}","{""ImportId"":""QID621""}","{""ImportId"":""QID686_FIRST_CLICK""}","{""ImportId"":""QID686_LAST_CLICK""}","{""ImportId"":""QID686_PAGE_SUBMIT""}","{""ImportId"":""QID686_CLICK_COUNT""}","{""ImportId"":""QID687""}","{""ImportId"":""QID704_FIRST_CLICK""}","{""ImportId"":""QID704_LAST_CLICK""}","{""ImportId"":""QID704_PAGE_SUBMIT""}","{""ImportId"":""QID704_CLICK_COUNT""}","{""ImportId"":""QID705""}","{""ImportId"":""QID632_FIRST_CLICK""}","{""ImportId"":""QID632_LAST_CLICK""}","{""ImportId"":""QID632_PAGE_SUBMIT""}","{""ImportId"":""QID632_CLICK_COUNT""}","{""ImportId"":""QID633""}","{""ImportId"":""QID650_FIRST_CLICK""}","{""ImportId"":""QID650_LAST_CLICK""}","{""ImportId"":""QID650_PAGE_SUBMIT""}","{""ImportId"":""QID650_CLICK_COUNT""}","{""ImportId"":""QID651""}","{""ImportId"":""QID617_FIRST_CLICK""}","{""ImportId"":""QID617_LAST_CLICK""}","{""ImportId"":""QID617_PAGE_SUBMIT""}","{""ImportId"":""QID617_CLICK_COUNT""}","{""ImportId"":""QID618""}","{""ImportId"":""QID668_FIRST_CLICK""}","{""ImportId"":""QID668_LAST_CLICK""}","{""ImportId"":""QID668_PAGE_SUBMIT""}","{""ImportId"":""QID668_CLICK_COUNT""}","{""ImportId"":""QID669""}","{""ImportId"":""QID689_FIRST_CLICK""}","{""ImportId"":""QID689_LAST_CLICK""}","{""ImportId"":""QID689_PAGE_SUBMIT""}","{""ImportId"":""QID689_CLICK_COUNT""}","{""ImportId"":""QID690""}","{""ImportId"":""QID707_FIRST_CLICK""}","{""ImportId"":""QID707_LAST_CLICK""}","{""ImportId"":""QID707_PAGE_SUBMIT""}","{""ImportId"":""QID707_CLICK_COUNT""}","{""ImportId"":""QID708""}","{""ImportId"":""QID635_FIRST_CLICK""}","{""ImportId"":""QID635_LAST_CLICK""}","{""ImportId"":""QID635_PAGE_SUBMIT""}","{""ImportId"":""QID635_CLICK_COUNT""}","{""ImportId"":""QID636""}","{""ImportId"":""QID614_FIRST_CLICK""}","{""ImportId"":""QID614_LAST_CLICK""}","{""ImportId"":""QID614_PAGE_SUBMIT""}","{""ImportId"":""QID614_CLICK_COUNT""}","{""ImportId"":""QID615""}","{""ImportId"":""QID653_FIRST_CLICK""}","{""ImportId"":""QID653_LAST_CLICK""}","{""ImportId"":""QID653_PAGE_SUBMIT""}","{""ImportId"":""QID653_CLICK_COUNT""}","{""ImportId"":""QID654""}","{""ImportId"":""QID674_FIRST_CLICK""}","{""ImportId"":""QID674_LAST_CLICK""}","{""ImportId"":""QID674_PAGE_SUBMIT""}","{""ImportId"":""QID674_CLICK_COUNT""}","{""ImportId"":""QID675""}","{""ImportId"":""QID692_FIRST_CLICK""}","{""ImportId"":""QID692_LAST_CLICK""}","{""ImportId"":""QID692_PAGE_SUBMIT""}","{""ImportId"":""QID692_CLICK_COUNT""}","{""ImportId"":""QID693""}","{""ImportId"":""QID710_FIRST_CLICK""}","{""ImportId"":""QID710_LAST_CLICK""}","{""ImportId"":""QID710_PAGE_SUBMIT""}","{""ImportId"":""QID710_CLICK_COUNT""}","{""ImportId"":""QID711""}","{""ImportId"":""QID500_FIRST_CLICK""}","{""ImportId"":""QID500_LAST_CLICK""}","{""ImportId"":""QID500_PAGE_SUBMIT""}","{""ImportId"":""QID500_CLICK_COUNT""}","{""ImportId"":""QID501""}","{""ImportId"":""QID638_FIRST_CLICK""}","{""ImportId"":""QID638_LAST_CLICK""}","{""ImportId"":""QID638_PAGE_SUBMIT""}","{""ImportId"":""QID638_CLICK_COUNT""}","{""ImportId"":""QID639""}","{""ImportId"":""QID656_FIRST_CLICK""}","{""ImportId"":""QID656_LAST_CLICK""}","{""ImportId"":""QID656_PAGE_SUBMIT""}","{""ImportId"":""QID656_CLICK_COUNT""}","{""ImportId"":""QID657""}","{""ImportId"":""QID677_FIRST_CLICK""}","{""ImportId"":""QID677_LAST_CLICK""}","{""ImportId"":""QID677_PAGE_SUBMIT""}","{""ImportId"":""QID677_CLICK_COUNT""}","{""ImportId"":""QID678""}","{""ImportId"":""QID695_FIRST_CLICK""}","{""ImportId"":""QID695_LAST_CLICK""}","{""ImportId"":""QID695_PAGE_SUBMIT""}","{""ImportId"":""QID695_CLICK_COUNT""}","{""ImportId"":""QID696""}","{""ImportId"":""QID713_FIRST_CLICK""}","{""ImportId"":""QID713_LAST_CLICK""}","{""ImportId"":""QID713_PAGE_SUBMIT""}","{""ImportId"":""QID713_CLICK_COUNT""}","{""ImportId"":""QID714""}","{""ImportId"":""QID1319033857_FIRST_CLICK""}","{""ImportId"":""QID1319033857_LAST_CLICK""}","{""ImportId"":""QID1319033857_PAGE_SUBMIT""}","{""ImportId"":""QID1319033857_CLICK_COUNT""}","{""ImportId"":""QID1319033858""}","{""ImportId"":""QID734_FIRST_CLICK""}","{""ImportId"":""QID734_LAST_CLICK""}","{""ImportId"":""QID734_PAGE_SUBMIT""}","{""ImportId"":""QID734_CLICK_COUNT""}","{""ImportId"":""QID735""}","{""ImportId"":""QID755_FIRST_CLICK""}","{""ImportId"":""QID755_LAST_CLICK""}","{""ImportId"":""QID755_PAGE_SUBMIT""}","{""ImportId"":""QID755_CLICK_COUNT""}","{""ImportId"":""QID756""}","{""ImportId"":""QID776_FIRST_CLICK""}","{""ImportId"":""QID776_LAST_CLICK""}","{""ImportId"":""QID776_PAGE_SUBMIT""}","{""ImportId"":""QID776_CLICK_COUNT""}","{""ImportId"":""QID777""}","{""ImportId"":""QID797_FIRST_CLICK""}","{""ImportId"":""QID797_LAST_CLICK""}","{""ImportId"":""QID797_PAGE_SUBMIT""}","{""ImportId"":""QID797_CLICK_COUNT""}","{""ImportId"":""QID798""}","{""ImportId"":""QID818_FIRST_CLICK""}","{""ImportId"":""QID818_LAST_CLICK""}","{""ImportId"":""QID818_PAGE_SUBMIT""}","{""ImportId"":""QID818_CLICK_COUNT""}","{""ImportId"":""QID819""}","{""ImportId"":""QID731_FIRST_CLICK""}","{""ImportId"":""QID731_LAST_CLICK""}","{""ImportId"":""QID731_PAGE_SUBMIT""}","{""ImportId"":""QID731_CLICK_COUNT""}","{""ImportId"":""QID732""}","{""ImportId"":""QID752_FIRST_CLICK""}","{""ImportId"":""QID752_LAST_CLICK""}","{""ImportId"":""QID752_PAGE_SUBMIT""}","{""ImportId"":""QID752_CLICK_COUNT""}","{""ImportId"":""QID753""}","{""ImportId"":""QID773_FIRST_CLICK""}","{""ImportId"":""QID773_LAST_CLICK""}","{""ImportId"":""QID773_PAGE_SUBMIT""}","{""ImportId"":""QID773_CLICK_COUNT""}","{""ImportId"":""QID774""}","{""ImportId"":""QID794_FIRST_CLICK""}","{""ImportId"":""QID794_LAST_CLICK""}","{""ImportId"":""QID794_PAGE_SUBMIT""}","{""ImportId"":""QID794_CLICK_COUNT""}","{""ImportId"":""QID795""}","{""ImportId"":""QID815_FIRST_CLICK""}","{""ImportId"":""QID815_LAST_CLICK""}","{""ImportId"":""QID815_PAGE_SUBMIT""}","{""ImportId"":""QID815_CLICK_COUNT""}","{""ImportId"":""QID816""}","{""ImportId"":""QID728_FIRST_CLICK""}","{""ImportId"":""QID728_LAST_CLICK""}","{""ImportId"":""QID728_PAGE_SUBMIT""}","{""ImportId"":""QID728_CLICK_COUNT""}","{""ImportId"":""QID729""}","{""ImportId"":""QID749_FIRST_CLICK""}","{""ImportId"":""QID749_LAST_CLICK""}","{""ImportId"":""QID749_PAGE_SUBMIT""}","{""ImportId"":""QID749_CLICK_COUNT""}","{""ImportId"":""QID750""}","{""ImportId"":""QID770_FIRST_CLICK""}","{""ImportId"":""QID770_LAST_CLICK""}","{""ImportId"":""QID770_PAGE_SUBMIT""}","{""ImportId"":""QID770_CLICK_COUNT""}","{""ImportId"":""QID771""}","{""ImportId"":""QID791_FIRST_CLICK""}","{""ImportId"":""QID791_LAST_CLICK""}","{""ImportId"":""QID791_PAGE_SUBMIT""}","{""ImportId"":""QID791_CLICK_COUNT""}","{""ImportId"":""QID792""}","{""ImportId"":""QID812_FIRST_CLICK""}","{""ImportId"":""QID812_LAST_CLICK""}","{""ImportId"":""QID812_PAGE_SUBMIT""}","{""ImportId"":""QID812_CLICK_COUNT""}","{""ImportId"":""QID813""}","{""ImportId"":""QID725_FIRST_CLICK""}","{""ImportId"":""QID725_LAST_CLICK""}","{""ImportId"":""QID725_PAGE_SUBMIT""}","{""ImportId"":""QID725_CLICK_COUNT""}","{""ImportId"":""QID726""}","{""ImportId"":""QID746_FIRST_CLICK""}","{""ImportId"":""QID746_LAST_CLICK""}","{""ImportId"":""QID746_PAGE_SUBMIT""}","{""ImportId"":""QID746_CLICK_COUNT""}","{""ImportId"":""QID747""}","{""ImportId"":""QID767_FIRST_CLICK""}","{""ImportId"":""QID767_LAST_CLICK""}","{""ImportId"":""QID767_PAGE_SUBMIT""}","{""ImportId"":""QID767_CLICK_COUNT""}","{""ImportId"":""QID768""}","{""ImportId"":""QID788_FIRST_CLICK""}","{""ImportId"":""QID788_LAST_CLICK""}","{""ImportId"":""QID788_PAGE_SUBMIT""}","{""ImportId"":""QID788_CLICK_COUNT""}","{""ImportId"":""QID789""}","{""ImportId"":""QID809_FIRST_CLICK""}","{""ImportId"":""QID809_LAST_CLICK""}","{""ImportId"":""QID809_PAGE_SUBMIT""}","{""ImportId"":""QID809_CLICK_COUNT""}","{""ImportId"":""QID810""}","{""ImportId"":""QID722_FIRST_CLICK""}","{""ImportId"":""QID722_LAST_CLICK""}","{""ImportId"":""QID722_PAGE_SUBMIT""}","{""ImportId"":""QID722_CLICK_COUNT""}","{""ImportId"":""QID723""}","{""ImportId"":""QID743_FIRST_CLICK""}","{""ImportId"":""QID743_LAST_CLICK""}","{""ImportId"":""QID743_PAGE_SUBMIT""}","{""ImportId"":""QID743_CLICK_COUNT""}","{""ImportId"":""QID744""}","{""ImportId"":""QID764_FIRST_CLICK""}","{""ImportId"":""QID764_LAST_CLICK""}","{""ImportId"":""QID764_PAGE_SUBMIT""}","{""ImportId"":""QID764_CLICK_COUNT""}","{""ImportId"":""QID765""}","{""ImportId"":""QID785_FIRST_CLICK""}","{""ImportId"":""QID785_LAST_CLICK""}","{""ImportId"":""QID785_PAGE_SUBMIT""}","{""ImportId"":""QID785_CLICK_COUNT""}","{""ImportId"":""QID786""}","{""ImportId"":""QID806_FIRST_CLICK""}","{""ImportId"":""QID806_LAST_CLICK""}","{""ImportId"":""QID806_PAGE_SUBMIT""}","{""ImportId"":""QID806_CLICK_COUNT""}","{""ImportId"":""QID807""}","{""ImportId"":""QID719_FIRST_CLICK""}","{""ImportId"":""QID719_LAST_CLICK""}","{""ImportId"":""QID719_PAGE_SUBMIT""}","{""ImportId"":""QID719_CLICK_COUNT""}","{""ImportId"":""QID720""}","{""ImportId"":""QID740_FIRST_CLICK""}","{""ImportId"":""QID740_LAST_CLICK""}","{""ImportId"":""QID740_PAGE_SUBMIT""}","{""ImportId"":""QID740_CLICK_COUNT""}","{""ImportId"":""QID741""}","{""ImportId"":""QID761_FIRST_CLICK""}","{""ImportId"":""QID761_LAST_CLICK""}","{""ImportId"":""QID761_PAGE_SUBMIT""}","{""ImportId"":""QID761_CLICK_COUNT""}","{""ImportId"":""QID762""}","{""ImportId"":""QID782_FIRST_CLICK""}","{""ImportId"":""QID782_LAST_CLICK""}","{""ImportId"":""QID782_PAGE_SUBMIT""}","{""ImportId"":""QID782_CLICK_COUNT""}","{""ImportId"":""QID783""}","{""ImportId"":""QID803_FIRST_CLICK""}","{""ImportId"":""QID803_LAST_CLICK""}","{""ImportId"":""QID803_PAGE_SUBMIT""}","{""ImportId"":""QID803_CLICK_COUNT""}","{""ImportId"":""QID804""}","{""ImportId"":""QID716_FIRST_CLICK""}","{""ImportId"":""QID716_LAST_CLICK""}","{""ImportId"":""QID716_PAGE_SUBMIT""}","{""ImportId"":""QID716_CLICK_COUNT""}","{""ImportId"":""QID717""}","{""ImportId"":""QID737_FIRST_CLICK""}","{""ImportId"":""QID737_LAST_CLICK""}","{""ImportId"":""QID737_PAGE_SUBMIT""}","{""ImportId"":""QID737_CLICK_COUNT""}","{""ImportId"":""QID738""}","{""ImportId"":""QID758_FIRST_CLICK""}","{""ImportId"":""QID758_LAST_CLICK""}","{""ImportId"":""QID758_PAGE_SUBMIT""}","{""ImportId"":""QID758_CLICK_COUNT""}","{""ImportId"":""QID759""}","{""ImportId"":""QID779_FIRST_CLICK""}","{""ImportId"":""QID779_LAST_CLICK""}","{""ImportId"":""QID779_PAGE_SUBMIT""}","{""ImportId"":""QID779_CLICK_COUNT""}","{""ImportId"":""QID780""}","{""ImportId"":""QID800_FIRST_CLICK""}","{""ImportId"":""QID800_LAST_CLICK""}","{""ImportId"":""QID800_PAGE_SUBMIT""}","{""ImportId"":""QID800_CLICK_COUNT""}","{""ImportId"":""QID801""}","{""ImportId"":""QID1319033860_FIRST_CLICK""}","{""ImportId"":""QID1319033860_LAST_CLICK""}","{""ImportId"":""QID1319033860_PAGE_SUBMIT""}","{""ImportId"":""QID1319033860_CLICK_COUNT""}","{""ImportId"":""QID83""}","{""ImportId"":""QID839_FIRST_CLICK""}","{""ImportId"":""QID839_LAST_CLICK""}","{""ImportId"":""QID839_PAGE_SUBMIT""}","{""ImportId"":""QID839_CLICK_COUNT""}","{""ImportId"":""QID840""}","{""ImportId"":""QID860_FIRST_CLICK""}","{""ImportId"":""QID860_LAST_CLICK""}","{""ImportId"":""QID860_PAGE_SUBMIT""}","{""ImportId"":""QID860_CLICK_COUNT""}","{""ImportId"":""QID861""}","{""ImportId"":""QID881_FIRST_CLICK""}","{""ImportId"":""QID881_LAST_CLICK""}","{""ImportId"":""QID881_PAGE_SUBMIT""}","{""ImportId"":""QID881_CLICK_COUNT""}","{""ImportId"":""QID882""}","{""ImportId"":""QID902_FIRST_CLICK""}","{""ImportId"":""QID902_LAST_CLICK""}","{""ImportId"":""QID902_PAGE_SUBMIT""}","{""ImportId"":""QID902_CLICK_COUNT""}","{""ImportId"":""QID903""}","{""ImportId"":""QID923_FIRST_CLICK""}","{""ImportId"":""QID923_LAST_CLICK""}","{""ImportId"":""QID923_PAGE_SUBMIT""}","{""ImportId"":""QID923_CLICK_COUNT""}","{""ImportId"":""QID924""}","{""ImportId"":""QID836_FIRST_CLICK""}","{""ImportId"":""QID836_LAST_CLICK""}","{""ImportId"":""QID836_PAGE_SUBMIT""}","{""ImportId"":""QID836_CLICK_COUNT""}","{""ImportId"":""QID837""}","{""ImportId"":""QID857_FIRST_CLICK""}","{""ImportId"":""QID857_LAST_CLICK""}","{""ImportId"":""QID857_PAGE_SUBMIT""}","{""ImportId"":""QID857_CLICK_COUNT""}","{""ImportId"":""QID858""}","{""ImportId"":""QID878_FIRST_CLICK""}","{""ImportId"":""QID878_LAST_CLICK""}","{""ImportId"":""QID878_PAGE_SUBMIT""}","{""ImportId"":""QID878_CLICK_COUNT""}","{""ImportId"":""QID879""}","{""ImportId"":""QID899_FIRST_CLICK""}","{""ImportId"":""QID899_LAST_CLICK""}","{""ImportId"":""QID899_PAGE_SUBMIT""}","{""ImportId"":""QID899_CLICK_COUNT""}","{""ImportId"":""QID900""}","{""ImportId"":""QID920_FIRST_CLICK""}","{""ImportId"":""QID920_LAST_CLICK""}","{""ImportId"":""QID920_PAGE_SUBMIT""}","{""ImportId"":""QID920_CLICK_COUNT""}","{""ImportId"":""QID921""}","{""ImportId"":""QID833_FIRST_CLICK""}","{""ImportId"":""QID833_LAST_CLICK""}","{""ImportId"":""QID833_PAGE_SUBMIT""}","{""ImportId"":""QID833_CLICK_COUNT""}","{""ImportId"":""QID834""}","{""ImportId"":""QID854_FIRST_CLICK""}","{""ImportId"":""QID854_LAST_CLICK""}","{""ImportId"":""QID854_PAGE_SUBMIT""}","{""ImportId"":""QID854_CLICK_COUNT""}","{""ImportId"":""QID855""}","{""ImportId"":""QID875_FIRST_CLICK""}","{""ImportId"":""QID875_LAST_CLICK""}","{""ImportId"":""QID875_PAGE_SUBMIT""}","{""ImportId"":""QID875_CLICK_COUNT""}","{""ImportId"":""QID876""}","{""ImportId"":""QID896_FIRST_CLICK""}","{""ImportId"":""QID896_LAST_CLICK""}","{""ImportId"":""QID896_PAGE_SUBMIT""}","{""ImportId"":""QID896_CLICK_COUNT""}","{""ImportId"":""QID897""}","{""ImportId"":""QID917_FIRST_CLICK""}","{""ImportId"":""QID917_LAST_CLICK""}","{""ImportId"":""QID917_PAGE_SUBMIT""}","{""ImportId"":""QID917_CLICK_COUNT""}","{""ImportId"":""QID918""}","{""ImportId"":""QID830_FIRST_CLICK""}","{""ImportId"":""QID830_LAST_CLICK""}","{""ImportId"":""QID830_PAGE_SUBMIT""}","{""ImportId"":""QID830_CLICK_COUNT""}","{""ImportId"":""QID831""}","{""ImportId"":""QID851_FIRST_CLICK""}","{""ImportId"":""QID851_LAST_CLICK""}","{""ImportId"":""QID851_PAGE_SUBMIT""}","{""ImportId"":""QID851_CLICK_COUNT""}","{""ImportId"":""QID852""}","{""ImportId"":""QID872_FIRST_CLICK""}","{""ImportId"":""QID872_LAST_CLICK""}","{""ImportId"":""QID872_PAGE_SUBMIT""}","{""ImportId"":""QID872_CLICK_COUNT""}","{""ImportId"":""QID873""}","{""ImportId"":""QID893_FIRST_CLICK""}","{""ImportId"":""QID893_LAST_CLICK""}","{""ImportId"":""QID893_PAGE_SUBMIT""}","{""ImportId"":""QID893_CLICK_COUNT""}","{""ImportId"":""QID894""}","{""ImportId"":""QID914_FIRST_CLICK""}","{""ImportId"":""QID914_LAST_CLICK""}","{""ImportId"":""QID914_PAGE_SUBMIT""}","{""ImportId"":""QID914_CLICK_COUNT""}","{""ImportId"":""QID915""}","{""ImportId"":""QID827_FIRST_CLICK""}","{""ImportId"":""QID827_LAST_CLICK""}","{""ImportId"":""QID827_PAGE_SUBMIT""}","{""ImportId"":""QID827_CLICK_COUNT""}","{""ImportId"":""QID828""}","{""ImportId"":""QID848_FIRST_CLICK""}","{""ImportId"":""QID848_LAST_CLICK""}","{""ImportId"":""QID848_PAGE_SUBMIT""}","{""ImportId"":""QID848_CLICK_COUNT""}","{""ImportId"":""QID849""}","{""ImportId"":""QID869_FIRST_CLICK""}","{""ImportId"":""QID869_LAST_CLICK""}","{""ImportId"":""QID869_PAGE_SUBMIT""}","{""ImportId"":""QID869_CLICK_COUNT""}","{""ImportId"":""QID870""}","{""ImportId"":""QID890_FIRST_CLICK""}","{""ImportId"":""QID890_LAST_CLICK""}","{""ImportId"":""QID890_PAGE_SUBMIT""}","{""ImportId"":""QID890_CLICK_COUNT""}","{""ImportId"":""QID891""}","{""ImportId"":""QID911_FIRST_CLICK""}","{""ImportId"":""QID911_LAST_CLICK""}","{""ImportId"":""QID911_PAGE_SUBMIT""}","{""ImportId"":""QID911_CLICK_COUNT""}","{""ImportId"":""QID912""}","{""ImportId"":""QID824_FIRST_CLICK""}","{""ImportId"":""QID824_LAST_CLICK""}","{""ImportId"":""QID824_PAGE_SUBMIT""}","{""ImportId"":""QID824_CLICK_COUNT""}","{""ImportId"":""QID825""}","{""ImportId"":""QID845_FIRST_CLICK""}","{""ImportId"":""QID845_LAST_CLICK""}","{""ImportId"":""QID845_PAGE_SUBMIT""}","{""ImportId"":""QID845_CLICK_COUNT""}","{""ImportId"":""QID846""}","{""ImportId"":""QID866_FIRST_CLICK""}","{""ImportId"":""QID866_LAST_CLICK""}","{""ImportId"":""QID866_PAGE_SUBMIT""}","{""ImportId"":""QID866_CLICK_COUNT""}","{""ImportId"":""QID867""}","{""ImportId"":""QID887_FIRST_CLICK""}","{""ImportId"":""QID887_LAST_CLICK""}","{""ImportId"":""QID887_PAGE_SUBMIT""}","{""ImportId"":""QID887_CLICK_COUNT""}","{""ImportId"":""QID888""}","{""ImportId"":""QID908_FIRST_CLICK""}","{""ImportId"":""QID908_LAST_CLICK""}","{""ImportId"":""QID908_PAGE_SUBMIT""}","{""ImportId"":""QID908_CLICK_COUNT""}","{""ImportId"":""QID909""}","{""ImportId"":""QID821_FIRST_CLICK""}","{""ImportId"":""QID821_LAST_CLICK""}","{""ImportId"":""QID821_PAGE_SUBMIT""}","{""ImportId"":""QID821_CLICK_COUNT""}","{""ImportId"":""QID822""}","{""ImportId"":""QID842_FIRST_CLICK""}","{""ImportId"":""QID842_LAST_CLICK""}","{""ImportId"":""QID842_PAGE_SUBMIT""}","{""ImportId"":""QID842_CLICK_COUNT""}","{""ImportId"":""QID843""}","{""ImportId"":""QID863_FIRST_CLICK""}","{""ImportId"":""QID863_LAST_CLICK""}","{""ImportId"":""QID863_PAGE_SUBMIT""}","{""ImportId"":""QID863_CLICK_COUNT""}","{""ImportId"":""QID864""}","{""ImportId"":""QID884_FIRST_CLICK""}","{""ImportId"":""QID884_LAST_CLICK""}","{""ImportId"":""QID884_PAGE_SUBMIT""}","{""ImportId"":""QID884_CLICK_COUNT""}","{""ImportId"":""QID885""}","{""ImportId"":""QID905_FIRST_CLICK""}","{""ImportId"":""QID905_LAST_CLICK""}","{""ImportId"":""QID905_PAGE_SUBMIT""}","{""ImportId"":""QID905_CLICK_COUNT""}","{""ImportId"":""QID906""}","{""ImportId"":""QID19""}","{""ImportId"":""QID20""}","{""ImportId"":""QID92""}","{""ImportId"":""QID94""}","{""ImportId"":""QID93""}","{""ImportId"":""QID91""}","{""ImportId"":""QID278_TEXT""}","{""ImportId"":""QID21_TEXT""}","{""ImportId"":""QID13""}","{""ImportId"":""QID14""}","{""ImportId"":""QID14_4_TEXT""}","{""ImportId"":""QID16""}","{""ImportId"":""QID15""}","{""ImportId"":""QID280""}","{""ImportId"":""QID282_TEXT""}","{""ImportId"":""IdentCurVal""}","{""ImportId"":""Ident Trend""}","{""ImportId"":""Ident Cur Val L""}","{""ImportId"":""Ident Trend L""}","{""ImportId"":""Est Cur Val""}","{""ImportId"":""Est Trend""}"
9/13/24 10:58,9/13/24 11:09,100,657,TRUE,9/13/24 11:09,R_148zXus6wLbfvG6,anonymous,EN,I confirm,"I am using a desktop or laptop computer to take this survey,I have made my browser window full screen",5,1,12,2,11,7,6,"5,13,14","1,2,6",63,Increasing,6.801,8.294,8.297,2,4,7.029,8.408,8.411,2,12,4.532,16.773,16.775,2,4,8.246,9.483,9.485,2,7,5.729,7.287,7.289,2,1,7.672,10.255,10.257,2,2,,,,,,,,,,,,,,,,,,,,,,,,,,,,,,,,,,,,,,,,,,,,,,,,,,,,,,,,,,,,,,,,,,,,,,,,,,,,,,,,,,,,,,,,,,,,,,,,,,,,,,,,,,,,,,,,,,,,,,,,,,,,,,,,,,,,,,,,,,,,,,,,,,,,,,,,,,,,,,,,,,,,,,,,,,,,,,,,,,,,,0.98,3.125,3.126,4,"2,3,4",0.812,2.782,2.784,4,"14,15,16",1.24,2.692,2.693,4,"7,8,9",0.767,2.907,2.908,4,"6,7,8",1.166,4.381,4.383,6,"4,5,6",0.68,2.447,2.449,4,"10,11,12",,,,,,,,,,,,,,,,,,,,,,,,,,,,,,,,,,,,,,,,,,,,,,,,,,,,,,,,,,,,,,,,,,,,,,,,,,,,,,,,,,,,,,,,,,,,,,,,,,,,,,,,,,,,,,,,,,,,,,,,,,,,,,,,,,,,,,,,,,,,,,,,,,,,,,,,,,,,,,,,,,,,,,,,,,,,,,,,,,,,,,,,,,,,,,,,,,,,,,,,,,,,,,,,,,,1.247,6.438,6.44,5,11,1.209,1.807,1.809,2,12,1.07,4.459,4.461,2,8,0.663,1.544,1.546,2,14,0.838,2.024,2.026,2,11,0.933,1.865,1.867,2,14,,,,,,,,,,,,,,,,,,,,,,,,,,,,,,,,,,,,,,,,,,,,,,,,,,,,,,,,,,,,,11.297,12.693,12.694,3,16,,,,,,,,,,,,,,,,,,,,,,,,,,,,,,,,,,,,,,,,,,,,,,,,,,,,,,,,,,,,,,,,,,,,,,,,,,,,,,,,,,,,,,,,,,,0.954,2.752,2.753,4,"6,7,8",0.691,2.479,2.481,4,"4,5,6",0.688,2.881,2.883,5,"10,11,12",1.079,2.821,2.822,4,"12,13,14",0.999,3.144,3.147,4,"9,10,11",0.747,2.926,2.928,4,"5,6,7",,,,,,,,,,,,,,,,,,,,,,,,,,,,,,,,,,,,,,,,,,,,,,,,,,,,,,,,,,,,,,,,,,,,,,,,,,,,,,,,,,,,,,,,,,,,,,,,,,,,,,,,,,,,,,,,,,,,,,,,,5.151,6.773,6.775,2,52,3.983,5.543,5.546,2,58,2.988,4.583,4.586,2,37,3.233,4.489,4.49,2,76,3.305,4.954,4.956,2,47,5.712,7.262,7.263,2,32,,,,,,,,,,,,,,,,,,,,,,,,,,,,,,,,,,,,,,,,,,,,,,,,,,,,,,,,,,,,,,,,,,,,,,,,,,,,,,,,,,,,,,,,,,,,,,,,,,,,,,,,,,,,,,,,,,,,,,,,,,,,,,,,,,,,,,,,,,,,,,,,,,,,,,,7.689,8.635,8.637,2,Decreasing,3.308,4.613,4.614,2,Decreasing,4.08,5.258,5.26,2,Increasing,3.586,5.376,5.379,3,Decreasing,6.792,8.276,8.278,3,Staying the same,2.846,4.061,4.064,2,Increasing,,,,,,,,,,,,,,,,,,,,,,,,,,,,,,,,,,,,,,,,,,,,,,,,,,,,,,,,,,,,,,,,,,,,,,,,,,,,,,,,,,,,,,,,,,,Somewhat difficult,Somewhat easy,Somewhat difficult,Somewhat easy,Neither easy nor difficult,Neither easy nor difficult,na,na,25-34 years old,Female,,White or Caucasian,No,Corrected to normal,,1,2,4,4,3,3
9/15/24 14:56,9/15/24 15:06,100,640,TRUE,9/15/24 15:06,R_6tamwE0J3OnRtbE,anonymous,EN,I confirm,"I am using a desktop or laptop computer to take this survey,I have made my browser window full screen",5,1,12,2,11,7,6,"5,13,14","1,2,6",63,Increasing,,,,,,,,,,,,,,,,,,,,,,,,,,,,,,,,,,,,,,,,,,,,,,,,,,,,,,,,,,,,,,,,,,,,,,,,,,,,,,,,,,,,,,,,,,,,,,,,,,,,,,,,,,,,,,,,,,,,,,,,,2.426,3.801,3.803,2,1,7.457,9.337,9.339,2,2,2.886,3.98,3.983,2,4,7.425,9.429,9.431,2,12,3.623,4.787,4.79,2,4,7.284,8.305,8.307,2,7,,,,,,,,,,,,,,,,,,,,,,,,,,,,,,,,,,,,,,,,,,,,,,,,,,,,,,,,,,,,,,,,,,,,,,,,,,,,,,,,,,,,,,,,,,,7.253,12.864,12.866,4,"2,5,12",4.737,11.77,11.772,4,"5,13,14",4.523,10.794,10.796,4,"2,9,10",4.804,11.063,11.065,4,"11,14,16",12.578,28.945,28.948,8,"3,5,8",4.143,12.526,12.527,6,"1,10,11",,,,,,,,,,,,,,,,,,,,,,,,,,,,,,,,,,,,,,,,,,,,,,,,,,,,,,,,,,,,,,,,,,,,,,,,,,,,,,,,,,,,,,,,,,,,,,,,,,,,,,,,,,,,,,,,,,,,,,,,,,,,,,,,,,,,,,,,,,,,,,,,,,,,,,,6.99,8.087,8.088,2,16,6.849,8.779,8.781,2,13,5.325,6.164,6.166,2,16,11.812,13.088,13.091,2,10,8.2,9.464,9.465,2,15,7.569,8.466,8.468,2,7,,,,,,,,,,,,,,,,,,,,,,,,,,,,,,,,,,,,,,,,,,,,,,,,,,,,,,,,,,,,,,,,,,,,,,,,,,,,,,,,,,,,,,,,,,,5.364,8.087,8.088,2,16,,,,,,,,,,,,,,,,,,,,,,,,,,,,,,,3.362,12.947,12.95,6,"3,6,12",3.498,9.83,9.832,4,"3,8,14",4.834,12.026,12.027,4,"1,12,13",4.149,11.299,11.301,4,"4,5,10",4.156,7.906,7.908,4,"5,9,11",2.935,8.676,8.678,5,"1,7,9",,,,,,,,,,,,,,,,,,,,,,,,,,,,,,,,,,,,,,,,,,,,,,,,,,,,,,,,,,,,,,,,,,,,,,,,,,,,,,,,,,,,,,,,,,,,,,,,,,,,,,,,,,,,,,,,,,,,,,,,,,,,,,,,,,,,,,,,,,,,,,,,,,,,,,,,,,,,,,,,,,,,,,,,,,,,,,,,,,,,,,,,,,,,,,,,,,,,,,,,,,,,,,,,,,,3.164,3.907,3.909,2,58,2.975,3.789,3.791,2,37,3.4,4.4,4.402,2,76,2.802,3.572,3.575,2,47,3.636,5.224,5.225,2,32,3.617,4.383,4.385,2,52,,,,,,,,,,,,,,,,,,,,,,,,,,,,,,,,,,,,,,,,,,,,,,,,,,,,,,,,,,,,,,,,,,,,,,,,,,,,,,,,,,,,,,,,,,,,,,,,,,,,,,,,,,,,,,,,,,,,,,,,,,,,,,,,,,,,,,,,,,,,,,,,,,,,,,,,,,,,,,,,,,,,,,,,,,,,,,,,,,,,,,,,,,,,,,,,,,,,,,,,,,,,,,,,,,,3.273,3.998,4,2,Decreasing,3.473,5.067,5.069,2,Staying the same,2.279,3.992,3.996,3,Increasing,3.876,4.963,4.965,2,Decreasing,2.918,3.646,3.648,2,Decreasing,3.543,4.969,4.971,2,Increasing,Very easy,Very easy,Very easy,Very easy,Very easy,Very easy,They were all easy,No,18-24 years old,Male,,White or Caucasian,No,Normal,,5,3,3,2,4,6
9/15/24 14:57,9/15/24 15:09,100,730,TRUE,9/15/24 15:09,R_6KJ953JNFqDxvdh,anonymous,EN,I confirm,"I am using a desktop or laptop computer to take this survey,I have made my browser window full screen",5,1,12,2,11,7,6,"5,13,14","1,7,15",63,Increasing,8.887,10.111,10.113,2,4,8.567,9.146,9.149,2,12,4.104,4.878,4.88,2,4,8.321,9.188,9.191,2,7,2.581,4.991,4.994,3,1,10.986,11.768,11.773,2,2,,,,,,,,,,,,,,,,,,,,,,,,,,,,,,,,,,,,,,,,,,,,,,,,,,,,,,,,,,,,,,,,,,,,,,,,,,,,,,,,,,,,,,,,,,,,,,,,,,,,,,,,,,,,,,,,,,,,,,,,,,,,,,,,,,,,,,,,,,,,,,,,,,,,,,,,,,,,,,,,,,,,,,,,,,,,,,,,,,,,,6.797,9.569,9.57,4,"1,10,14",19.403,21.459,21.461,4,"5,7,12",13.1,15.823,15.825,4,"5,13,14",7.237,9.108,9.111,4,"2,7,10",10.435,12.292,12.296,4,"7,11,16",10.146,14.521,14.524,4,"3,5,8",,,,,,,,,,,,,,,,,,,,,,,,,,,,,,,,,,,,,,,,,,,,,,,,,,,,,,,,,,,,,,,,,,,,,,,,,,,,,,,,,,,,,,,,,,,,,,,,,,,,,,,,,,,,,,,,,,,,,,,,,,,,,,,,,,,,,,,,,,,,,,,,,,,,,,,,,,,,,,,,,,,,,,,,,,,,,,,,,,,,,,,,,,,,,,,,,,,,,,,,,,,,,,,,,,,8.444,8.98,8.981,2,13,6.282,6.752,6.756,2,16,7.232,7.949,7.951,2,10,5.562,6.705,6.707,3,15,6.785,7.466,7.468,2,7,8.226,8.647,8.649,2,16,,,,,,,,,,,,,,,,,,,,,,,,,,,,,,,,,,,,,,,,,,,,,,,,,,,,,,,,,,,,,7.252,12.493,12.495,4,16,,,,,,,,,,,,,,,,,,,,,,,,,,,,,,,,,,,,,,,,,,,,,,,,,,,,,,,,,,,,,,,,,,,,,,,,,,,,,,,,,,,,,,,,,,,,,,,,,,,,,,,,,,,,,,,,,,,,,,,,,10.455,12.228,12.229,4,"4,5,10",12.425,14.992,14.994,4,"5,8,11",12.43,14.481,14.483,4,"1,7,16",11.83,13.623,13.624,4,"3,6,7",12.47,15.918,15.92,5,"8,14,15",9.706,13.372,13.374,5,"1,13,15",,,,,,,,,,,,,,,,,,,,,,,,,,,,,,,,,,,,,,,,,,,,,,,,,,,,,,,,,,,,,,,,,,,,,,,,,,,,,,,,,,,,,,,,,,,,,,,,,,,,,,,,,,,,,,,,,,,,,,,,,,,,,,,,,,,,,,,,,,,,,,,,,,,,,,,3.244,4,4.002,2,37,4.001,5.083,5.086,3,76,3.538,4.177,4.18,2,47,5.358,5.95,5.952,2,32,3.497,4.364,4.369,2,52,3.671,4.708,4.71,2,58,,,,,,,,,,,,,,,,,,,,,,,,,,,,,,,,,,,,,,,,,,,,,,,,,,,,,,,,,,,,,,,,,,,,,,,,,,,,,,,,,,,,,,,,,,,,,,,,,,,,,,,,,,,,,,,,,,,,,,,,,,,,,,,,,,,,,,,,,,,,,,,,,,,,,,,5.414,6.217,6.219,2,Increasing,5.169,5.812,5.814,2,Decreasing,3.939,8.041,8.043,3,Decreasing,4.004,4.707,4.71,2,Increasing,5.044,5.739,5.74,2,Decreasing,5.255,6.028,6.03,2,Decreasing,,,,,,,,,,,,,,,,,,,,,,,,,,,,,,,Somewhat easy,Somewhat easy,Very easy,Very easy,Very easy,Very easy,The easiest were the ones with the output on the contrasting blue background and in larger font because it was easier on the eyes.,No,25-34 years old,Female,,Black or African American,No,Normal,,1,2,4,5,5,5
9/15/24 14:59,9/15/24 15:09,100,621,TRUE,9/15/24 15:10,R_7Q9Hsq5h6I7L7ZM,anonymous,EN,I confirm,"I am using a desktop or laptop computer to take this survey,I have made my browser window full screen",5,1,12,2,11,7,6,"5,13,14","6,7,15",63,Increasing,,,,,,,,,,,,,,,,,,,,,,,,,,,,,,,,,,,,,,,,,,,,,,,,,,,,,,,,,,,,,,,,,,,,,,,,,,,,,,,,,,,,,,,,,,,7.041,9.009,9.012,2,7,7.671,9.402,9.407,3,1,6.68,8.431,8.434,2,2,5.364,7.514,7.519,2,4,5.224,6.125,6.129,2,12,6.622,8.322,8.332,2,4,,,,,,,,,,,,,,,,,,,,,,,,,,,,,,,,,,,,,,,,,,,,,,,,,,,,,,,,,,,,,,,,,,,,,,,,,,,,,,,,,,,,,,,,,,,,,,,,,,,,,,,,,,,,,,,,,,,,,,,,,,,,,,,,,,,,,,,,,,,,,,,,,,,,,,,,,,,,,,,,,,,,,,,,,,,,,,,,,,,,,,,,,,,,,,,,,,,,,,,,,,,,,,,,,,,3.099,6.736,6.739,4,"11,14,16",4.698,8.682,8.687,4,"3,8,15",3.416,10.999,11.002,4,"1,10,14",6.157,12.275,12.278,6,"2,6,12",3.716,8.3,8.304,4,"5,14,16",3.415,11.948,11.952,4,"2,6,9",,,,,,,,,,,,,,,,,,,,,,,,,,,,,,,,,,,,,,,,,,,,,,,,,,,,,,,,,,,,,,,,,,,,,,,,,,,,,,,,,,,,,,,,,,,,,,,,,,,,,,,,,,,,,,,,,,,,,,,,,5.589,6.89,6.894,2,16,4.25,5.334,5.337,2,10,4.572,7.474,7.478,2,15,4.95,6.767,6.77,2,7,7.954,8.905,8.907,2,16,4.895,6.169,6.172,2,13,,,,,,,,,,,,,,,,,,,,,,,,,,,,,,,3.323,4.524,4.528,2,16,,,,,,,,,,,,,,,,,,,,,,,,,,,,,,,,,,,,,,,,,,,,,,,,,,,,,,,,,,,,,3.091,5.308,5.312,4,"14,15,16",3.256,8.091,8.095,4,"1,12,13",4.163,12.314,12.318,4,"3,5,10",5.032,11.951,11.953,4,"5,8,9",6.005,12.989,12.994,4,"7,9,16",3.919,7.719,7.722,4,"6,7,12",,,,,,,,,,,,,,,,,,,,,,,,,,,,,,,,,,,,,,,,,,,,,,,,,,,,,,,,,,,,,,,,,,,,,,,,,,,,,,,,,,,,,,,,,,,3.273,4.162,4.165,2,47,5.954,7.487,7.49,2,32,4.934,6.15,6.153,2,52,3.531,4.378,4.382,2,58,4.695,6.129,6.132,2,37,4.138,5.857,5.861,2,76,,,,,,,,,,,,,,,,,,,,,,,,,,,,,,,,,,,,,,,,,,,,,,,,,,,,,,,,,,,,,,,,,,,,,,,,,,,,,,,,,,,,,,,,,,,,,,,,,,,,,,,,,,,,,,,,,,,,,,,,,,,,,,,,,,,,,,,,,,,,,,,,,,,,,,,3.899,5.15,5.152,3,Staying the same,3.355,4.322,4.327,2,Increasing,3.208,4.224,4.23,2,Decreasing,3.312,4.08,4.083,2,Decreasing,3.041,3.876,3.878,2,Increasing,3.66,4.776,4.78,2,Decreasing,,,,,,,,,,,,,,,,,,,,,,,,,,,,,,,,,,,,,,,,,,,,,,,,,,,,,,,,,,,,,,,,,,,,,,,,,,,,,,,,,,,,,,,,,,,,,,,,,,,,,,,,,,,,,,,,,,,,,,,,,,,,,,,,,,,,,,,,,,,,,,,,,,,,,,,Neither easy nor difficult,Neither easy nor difficult,Neither easy nor difficult,Neither easy nor difficult,Neither easy nor difficult,Neither easy nor difficult,confusing,,18-24 years old,Female,,White or Caucasian,No,Corrected to normal,,4,6,5,3,1,1
9/15/24 14:56,9/15/24 15:11,100,887,TRUE,9/15/24 15:11,R_6Hqo8J7XPArg5mV,anonymous,EN,I confirm,"I am using a desktop or laptop computer to take this survey,I have made my browser window full screen",5,1,12,2,11,7,6,"13,14,16","1,2,15",63,Increasing,,,,,,,,,,,,,,,,,,,,,,,,,,,,,,,6.746,8.168,8.17,2,12,6.854,8.276,8.278,2,4,5.571,7.033,7.034,2,7,4.456,5.518,5.519,2,1,7.28,8.322,8.323,2,2,7.504,8.226,8.227,2,4,,,,,,,,,,,,,,,,,,,,,,,,,,,,,,,,,,,,,,,,,,,,,,,,,,,,,,,,,,,,,,,,,,,,,,,,,,,,,,,,,,,,,,,,,,,,,,,,,,,,,,,,,,,,,,,,,,,,,,,,,,,,,,,,,,,,,,,,,,,,,,,,,,,,,,,,,,,,,,,,,,,,,,,,,,,,,,,,,,,,,,,,,,,,,,,,,,,,,,,,,,,,,,,,,,,2.979,7.445,7.447,4,"5,13,14",4.678,9.184,9.185,4,"2,7,9",4.186,11.192,11.194,4,"11,14,16",4.874,10.47,10.471,4,"5,8,15",2.76,8.236,8.237,4,"1,2,14",5.644,11.59,11.591,4,"2,5,12",,,,,,,,,,,,,,,,,,,,,,,,,,,,,,,,,,,,,,,,,,,,,,,,,,,,,,,,,,,,,,,,,,,,,,,,,,,,,,,,,,,,,,,,,,,8.242,9.794,9.795,2,1,7.214,7.726,7.727,2,16,11.106,12.048,12.049,2,8,17.756,18.498,18.499,2,7,8.308,9.68,9.681,2,10,5.235,7.699,7.7,3,15,,,,,,,,,,,,,,,,,,,,,,,,,,,,,,,,,,,,,,,,,,,,,,,,,,,,,,,,,,,,,,,,,,,,,,,,,,,,,,,,,,,,,,,,,,,,,,,,,,,,,,,,,,,,,,,,,,,,,,,,,4.798,7.184,7.185,4,16,,,,,,,,,,,,,,,,,,,,,,,,,,,,,,,,,,,,,,,,,,,,,,,,,,,,,,,,,,,,,,,,,,,,,,,,,,,,,,,,,,,,,,,,,,,2.5,9.606,9.608,4,"1,13,15",3.706,13.372,13.373,4,"3,4,5",4.266,9.342,9.343,4,"8,9,11",3.901,9.177,9.178,4,"1,2,7",2.839,8.055,8.057,4,"6,9,12",4.69,10.106,10.107,4,"3,14,16",,,,,,,,,,,,,,,,,,,,,,,,,,,,,,,,,,,,,,,,,,,,,,,,,,,,,,,,,,,,,,,,,,,,,,,,,,,,,,,,,,,,,,,,,,,,,,,,,,,,,,,,,,,,,,,,,,,,,,,,,4.408,5.19,5.192,2,52,2.037,2.779,2.78,2,58,3.747,4.329,4.33,2,37,2.299,2.901,2.902,2,76,2.305,3.136,3.138,2,47,1.967,2.699,2.7,2,32,,,,,,,,,,,,,,,,,,,,,,,,,,,,,,,,,,,,,,,,,,,,,,,,,,,,,,,,,,,,,,,,,,,,,,,,,,,,,,,,,,,,,,,,,,,,,,,,,,,,,,,,,,,,,,,,,,,,,,,,,,,,,,,,,,,,,,,,,,,,,,,,,,,,,,,2.946,3.838,3.839,2,Decreasing,3.11,3.872,3.873,2,Decreasing,4.367,5.308,5.31,2,Increasing,3.051,4.174,4.175,2,Decreasing,6.717,8.719,8.72,2,Decreasing,2.385,3.397,3.398,2,Increasing,,,,,,,,,,,,,,,,,,,,,,,,,,,,,,,,,,,,,,,,,,,,,,,,,,,,,,,,,,,,,,,,,,,,,,,,,,,,,,,,,,,,,,,,,,,Very easy,Very easy,Very easy,Very easy,Very easy,Very easy,"While I believe they were all easy to read, Design C was more striking to my eye and leads me to the highest value quicker.",Nope! Thank you !,25-34 years old,Male,,Other,No,Normal,,2,4,2,4,3,3
9/15/24 14:57,9/15/24 15:11,100,837,TRUE,9/15/24 15:11,R_5pPLcZsYLIAektH,anonymous,EN,I confirm,"I am using a desktop or laptop computer to take this survey,I have made my browser window full screen",5,1,12,2,11,7,6,"5,11,16","1,2,6",63,Increasing,,,,,,,,,,,,,,,,,,,,,,,,,,,,,,,,,,,,,,,,,,,,,,,,,,,,,,,,,,,,,,,,,,,,,,,,,,,,,,,,,,,,,,,,,,,,,,,,,,,,,,,,,,,,,,,,,,,,,,,,,,,,,,,,,,,,,,,,,,,,,,,,,,,,,,,8.437,9.363,9.365,2,2,7.312,8.155,8.158,2,4,6.965,8.434,8.436,2,12,5.838,6.51,6.513,2,4,6.238,7.978,7.981,2,7,6.905,7.612,7.615,2,1,2.779,7.718,7.72,4,"3,5,8",3.071,8.237,8.239,4,"1,2,10",3.137,8.53,8.532,4,"2,6,12",4.945,12.138,12.14,4,"5,14,16",2.596,7.608,7.61,4,"2,6,7",5.996,11.844,11.846,4,"7,11,16",,,,,,,,,,,,,,,,,,,,,,,,,,,,,,,,,,,,,,,,,,,,,,,,,,,,,,,,,,,,,,,,,,,,,,,,,,,,,,,,,,,,,,,,,,,,,,,,,,,,,,,,,,,,,,,,,,,,,,,,,,,,,,,,,,,,,,,,,,,,,,,,,,,,,,,7.947,10.127,10.13,5,15,7.766,8.722,8.724,2,7,10.181,11.424,11.426,3,16,6.456,6.847,6.849,2,13,8.444,9.657,9.659,3,16,8.48,9.129,9.131,2,10,,,,,,,,,,,,,,,,,,,,,,,,,,,,,,,,,,,,,,,,,,,,,,,,,,,,,,,,,,,,,,,,,,,,,,,,,,,,,,,,,,,,,,,,,,,,,,,,,,,,,,,,,,,,,,,,,,,,,,,,,,,,,,,,,,,,,,,,,,,,,,,,,,,,,,,5.53,6.401,6.403,2,16,5.648,7.62,7.623,4,"1,2,7",5.573,7.916,7.918,6,"3,6,7",3.609,11.285,11.287,4,"3,8,16",6.732,8.826,8.828,4,"1,11,12",4.14,5.675,5.677,5,"3,4,5",7.255,8.642,8.644,4,"5,8,9",,,,,,,,,,,,,,,,,,,,,,,,,,,,,,,,,,,,,,,,,,,,,,,,,,,,,,,,,,,,,,,,,,,,,,,,,,,,,,,,,,,,,,,,,,,,,,,,,,,,,,,,,,,,,,,,,,,,,,,,,,,,,,,,,,,,,,,,,,,,,,,,,,,,,,,,,,,,,,,,,,,,,,,,,,,,,,,,,,,,,3.112,3.96,3.962,2,32,4.368,5.021,5.023,2,52,2.359,2.947,2.949,2,58,2.849,3.652,3.654,2,37,4.213,4.793,4.795,2,76,3.056,3.991,3.993,3,47,,,,,,,,,,,,,,,,,,,,,,,,,,,,,,,,,,,,,,,,,,,,,,,,,,,,,,,,,,,,,,,,,,,,,,,,,,,,,,,,,,,,,,,,,,,,,,,,,,,,,,,,,,,,,,,,,,,,,,,,,,,,,,,,,,,,,,,,,,,,,,,,,,,,,,,,,,,,,,,,,,,,,,,,,,,,,,,,,,,,,,,,,,,,,,,,,,,,,,,,,,,,,,,,,,,3.292,3.91,3.912,2,Decreasing,0.825,7.336,7.338,3,Increasing,3.968,5.571,5.574,3,Decreasing,5.209,8.457,8.459,2,Decreasing,1.028,2.749,2.751,3,Increasing,4.477,5.149,5.151,2,Decreasing,,,,,,,,,,,,,,,,,,,,,,,,,,,,,,,,,,,,,,,,,,,,,,,,,,,,,,,,,,,,,Somewhat easy,Very easy,Somewhat difficult,Somewhat easy,Somewhat easy,Neither easy nor difficult,The easiest one to compare tasks was Design B because I could read the numbers easily and none of the graph was blocked. Design C was difficult because it was difficult to read the smaller numbers.,"I am not a fan of Design F either because there are no numbers on the graph like the other ones, which is where I first look.",18-24 years old,Male,,White or Caucasian,No,Corrected to normal,,6,1,1,1,2,4
9/15/24 14:59,9/15/24 15:12,100,771,TRUE,9/15/24 15:12,R_1Ed9zgI6e3TMkax,anonymous,EN,I confirm,"I am using a desktop or laptop computer to take this survey,I have made my browser window full screen",5,1,12,2,11,7,6,"5,13,14","1,6,15",63,Increasing,,,,,,,,,,,,,,,,,,,,,,,,,,,,,,,,,,,,,,,,,,,,,,,,,,,,,,,,,,,,,,,,,,,,,,,,,,,,,,,,,,,,,,,,,,,,,,,,,,,,,,,,,,,,,,,,,,,,,,,,,,,,,,,,,,,,,,,,,,,,,,,,,,,,,,,8.127,8.996,9.004,2,2,6.64,7.69,7.694,2,4,5.577,6.593,6.599,2,12,6.082,7.196,7.202,2,4,7.826,8.635,8.641,2,7,5.777,7.017,7.022,2,1,,,,,,,,,,,,,,,,,,,,,,,,,,,,,,,,,,,,,,,,,,,,,,,,,,,,,,,,,,,,,,,,,,,,,,,,,,,,,,,,,,,,,,,,,,,,,,,,,,,,,,,,,,,,,,,,,,,,,,,,,,,,,,,,,,,,,,,,,,,,,,,,,,,,,,,5.577,8.163,8.167,4,"13,14,16",5.574,11.453,11.457,4,"8,13,14",4.702,10.119,10.123,4,"1,2,14",7.2,13.677,13.681,4,"5,11,12",5.917,9.661,9.667,4,"5,13,14",5.677,8.807,8.811,4,"6,7,9",,,,,,,,,,,,,,,,,,,,,,,,,,,,,,,,,,,,,,,,,,,,,,,,,,,,,,,,,,,,,,,,,,,,,,,,,,,,,,,,,,,,,,,,,,,,,,,,,,,,,,,,,,,,,,,,,,,,,,,,,,,,,,,,,,,,,,,,,,,,,,,,,,,,,,,8.191,9.481,9.485,2,10,7.122,8.214,8.218,2,15,7.939,8.808,8.813,2,7,7.249,8.103,8.108,2,16,7.351,7.967,7.975,2,13,10.721,11.56,11.564,2,16,10.161,11.717,11.72,2,1,,,,,,,,,,,,,,,,,,,,,,,,,,,,,,,,,,,,,,,,,,,,,,,,,,,,,,,,,,,,,,,,,,,,,,,,,,,,,,,,,,,,,,,,,,,,,,,,,,,,,,,,,,,,,,,,,,,,,,,,,,,,,,,,,,,,,,,,,,,,,,,,,,,,,,,7.708,9.771,9.776,4,"5,8,11",7.382,10.078,10.081,4,"1,7,16",4.539,6.138,6.142,4,"5,6,7",6.466,9.972,9.976,4,"3,8,14",5.907,8.493,8.497,4,"1,12,13",8.958,11.069,11.073,4,"4,10,12",,,,,,,,,,,,,,,,,,,,,,,,,,,,,,,,,,,,,,,,,,,,,,,,,,,,,,,,,,,,,,,,,,,,,,,,,,,,,,,,,,,,,,,,,,,,,,,,,,,,,,,,,,,,,,,,,,,,,,,,,,,,,,,,,,,,,,,,,,,,,,,,,,,,,,,5.209,6.127,6.13,2,76,4.326,5.342,5.346,2,47,4.069,5.491,5.496,3,32,4.512,5.582,5.586,2,52,4.965,6.122,6.126,2,58,3.685,4.974,4.978,2,37,,,,,,,,,,,,,,,,,,,,,,,,,,,,,,,3.721,4.681,4.685,2,Increasing,4.162,4.842,4.845,2,Decreasing,4.42,5.39,5.394,2,Decreasing,4.569,5.9,5.904,2,Increasing,3.924,4.846,4.851,2,Decreasing,4.755,5.671,5.674,2,Staying the same,,,,,,,,,,,,,,,,,,,,,,,,,,,,,,,,,,,,,,,,,,,,,,,,,,,,,,,,,,,,,,,,,,,,,,,,,,,,,,,,,,,,,,,,,,,,,,,,,,,,,,,,,,,,,,,,,,,,,,,,,Somewhat easy,Somewhat easy,Neither easy nor difficult,Somewhat difficult,Somewhat easy,Neither easy nor difficult,"A is a graph that I'm used to, it come naturally. C and E were tough sometimes because the number could be so small. ",N/A,25-34 years old,Female,,White or Caucasian,No,Corrected to normal,,6,6,6,6,6,2
9/15/24 14:58,9/15/24 15:14,100,956,TRUE,9/15/24 15:14,R_1y25ofjQkDVFFwp,anonymous,EN,I confirm,"I am using a desktop or laptop computer to take this survey,I have made my browser window full screen",5,1,12,2,11,7,6,"5,13,14","1,2,15",63,Increasing,,,,,,,,,,,,,,,,,,,,,,,,,,,,,,,,,,,,,,,,,,,,,,,,,,,,,,,,,,,,,,,,,,,,,,,,,,,,,,,,,,,,,,,,,,,,,,,,,,,,,,,,,,,,,,,,,,,,,,,,,8.004,9.518,9.523,3,1,7.521,8.631,8.634,2,2,5.064,6.109,6.115,2,4,8.744,9.59,9.593,2,12,7.348,8.421,8.424,2,4,7.74,8.865,8.87,2,7,,,,,,,,,,,,,,,,,,,,,,,,,,,,,,,,,,,,,,,,,,,,,,,,,,,,,,,,,,,,,,,,,,,,,,,,,,,,,,,,,,,,,,,,,,,5.339,14.793,14.796,4,"2,5,12",7.322,16.198,16.204,4,"5,13,14",3.827,12.343,12.347,4,"2,9,10",10.274,15.581,15.585,4,"11,13,16",5.507,15.031,15.035,4,"5,8,15",11.51,16.852,16.857,6,"1,10,14",,,,,,,,,,,,,,,,,,,,,,,,,,,,,,,,,,,,,,,,,,,,,,,,,,,,,,,,,,,,,,,,,,,,,,,,,,,,,,,,,,,,,,,,,,,,,,,,,,,,,,,,,,,,,,,,,,,,,,,,,9.181,10.305,10.308,2,7,10.108,11.06,11.065,2,16,7.843,8.92,8.923,2,13,7.947,8.798,8.802,2,16,8.062,9.103,9.106,2,10,7.33,8.487,8.495,2,15,,,,,,,,,,,,,,,,,,,,,,,,,,,,,,,,,,,,,,,,,,,,,,,,,,,,,,,,,,,,,,,,,,,,,,,,,,,,,,,,,,,,,,,,,,,,,,,,,,,,,,,,,,,,,,,,,,,,,,,,,8.077,9.034,9.042,2,1,,,,,,,,,,,,,,,,,,,,,,,,,,,,,,,,,,,,,,,,,,,,,,,,,,,,,,,,,,,,,,,,,,,,,,,,,,,,,,,,,,,,,,,,,,,2.118,10.984,10.994,5,"1,12,13",5.487,14.462,14.468,4,"3,5,10",4.423,13.427,13.431,6,"5,11,12",5.726,11.934,11.939,4,"7,9,16",3.669,17.007,17.011,6,"3,6,12",4.565,15.153,15.158,4,"3,8,14",,,,,,,,,,,,,,,,,,,,,,,,,,,,,,,,,,,,,,,,,,,,,,,,,,,,,,,,,,,,,,,,,,,,,,,,,,,,,,,,,,,,,,,,,,,,,,,,,,,,,,,,,,,,,,,,,,,,,,,,,,,,,,,,,,,,,,,,,,,,,,,,,,,,,,,,,,,,,,,,,,,,,,,,,,,,,,,,,,,,,4.504,5.711,5.715,2,37,4.758,6.231,6.235,3,76,2.694,3.752,3.756,2,47,3.748,4.911,4.914,2,32,4.648,5.85,5.853,2,52,4.378,5.45,5.454,2,58,,,,,,,,,,,,,,,,,,,,,,,,,,,,,,,,,,,,,,,,,,,,,,,,,,,,,,,,,,,,,,,,,,,,,,,,,,,,,,,,,,,,,,,,,,,3.745,4.855,4.858,2,Decreasing,3.544,4.421,4.426,2,Decreasing,4.774,5.705,5.708,2,Staying the same,3.62,4.709,4.712,2,Decreasing,3.228,3.978,3.999,2,Staying the same,3.618,4.909,4.928,2,Increasing,,,,,,,,,,,,,,,,,,,,,,,,,,,,,,,,,,,,,,,,,,,,,,,,,,,,,,,,,,,,,,,,,,,,,,,,,,,,,,,,,,,,,,,,,,,Somewhat difficult,Very easy,Somewhat easy,Very easy,Very easy,Very easy,The easiest design was B. The blue squares were all the same so it was easier to read the graph. The worst was design C and E. Making the blue boxes varied by size makes it difficult to read.,None.,18-24 years old,Female,,White or Caucasian,No,Corrected to normal,,5,3,2,4,5,3
9/15/24 14:57,9/15/24 15:15,100,1080,TRUE,9/15/24 15:15,R_772mwnOF2CohXlv,anonymous,EN,I confirm,"I am using a desktop or laptop computer to take this survey,I have made my browser window full screen",5,1,12,2,11,7,6,"13,14,16","6,7,15",63,Increasing,,,,,,,,,,,,,,,,,,,,,,,,,,,,,,,7.749,8.79,8.793,2,12,8.668,9.932,9.935,2,4,7.714,9.547,9.55,2,7,9.223,11.103,11.106,3,1,8.731,9.791,9.795,2,2,8.698,9.668,9.671,2,4,,,,,,,,,,,,,,,,,,,,,,,,,,,,,,,,,,,,,,,,,,,,,,,,,,,,,,,,,,,,,,,,,,,,,,,,,,,,,,,,,,,,,,,,,,,,,,,,,,,,,,,,,,,,,,,,,,,,,,,,,,,,,,,,,,,,,,,,,,,,,,,,,,,,,,,,,,,,,,,,,,,,,,,,,,,,,,,,,,,,,,,,,,,,,,,,,,,,,,,,,,,,,,,,,,,,,,,,,,,,,,,,,,,,,,,,,,,,,,,,,5.397,15.862,15.865,8,"2,6,10",4.617,14.679,14.683,4,"7,11,16",7.202,16.323,16.327,4,"3,5,8",4.33,13.126,13.13,4,"1,2,14",8.296,21.416,21.419,6,"5,7,12",3.04,12.612,12.615,4,"5,13,14",,,,,,,,,,,,,,,,,,,,,,,,,,,,,,,,,,,,,,,,,,,,,,,,,,,,,,,,,,,,,,,,,,,,,,,,,,,,,,,,,,,,,,,,,,,,,,,,,,,,,,,,,,,,,,,,,,,,,,,,,7.555,8.627,8.629,3,13,6.943,7.799,7.802,2,16,8.048,9.192,9.196,2,10,7.306,8.231,8.234,2,15,7.04,7.884,7.888,2,7,8.03,9.517,9.519,2,16,,,,,,,,,,,,,,,,,,,,,,,,,,,,,,,,,,,,,,,,,,,,,,,,,,,,,,,,,,,,,6.784,7.737,7.741,2,1,,,,,,,,,,,,,,,,,,,,,,,,,,,,,,,,,,,,,,,,,,,,,,,,,,,,,,,,,,,,,,,,,,,,,,,,,,,,,,,,,,,,,,,,,,,,,,,,,,,,,,,,,,,,,,,,,,,,,,,,,3.85,10.371,10.375,4,"4,10,12",3.688,9.992,9.994,4,"5,8,9",2.852,17.644,17.646,6,"1,7,16",2.913,7.682,7.684,4,"3,6,7",3.135,13.723,13.726,7,"3,8,10",1.957,11.102,11.104,4,"1,11,12",,,,,,,,,,,,,,,,,,,,,,,,,,,,,,,,,,,,,,,,,,,,,,,,,,,,,,,,,,,,,,,,,,,,,,,,,,,,,,,,,,,,,,,,,,,4.565,5.429,5.431,2,52,3.157,3.977,3.98,2,58,3.919,5.223,5.225,3,37,3.488,5.628,5.63,3,76,2.289,3.245,3.247,2,47,3.759,4.643,4.645,2,32,,,,,,,,,,,,,,,,,,,,,,,,,,,,,,,,,,,,,,,,,,,,,,,,,,,,,,,,,,,,,,,,,,,,,,,,,,,,,,,,,,,,,,,,,,,,,,,,,,,,,,,,,,,,,,,,,,,,,,,,,,,,,,,,,,,,,,,,,,,,,,,,,,,,,,,,,,,,,,,,,,,,,,,,,,,,,,,,,,,,,,,,,,,,,,,,,,,,,,,,,,,,,,,,,,,4.202,5.701,5.704,2,Increasing,3.574,4.521,4.524,2,Decreasing,3.133,4.114,4.116,2,Staying the same,3.666,6.174,6.176,3,Staying the same,3.934,4.606,4.609,2,Decreasing,3.748,4.84,4.842,2,Decreasing,,,,,,,,,,,,,,,,,,,,,,,,,,,,,,,Somewhat difficult,Neither easy nor difficult,Neither easy nor difficult,Somewhat easy,Somewhat easy,Somewhat easy,"Worse design A because its difficult to tell if increasing, decreasing, or staying the same at the end. The best design is design F",No,25-34 years old,Male,,Black or African American,No,Corrected to normal,,2,5,4,5,3,5
9/15/24 15:00,9/15/24 15:18,100,1095,TRUE,9/15/24 15:18,R_7LzITO2QXoObWVH,anonymous,EN,I confirm,"I am using a desktop or laptop computer to take this survey,I have made my browser window full screen",5,1,12,2,11,7,6,"5,13,16","1,2,6",63,Increasing,9.454,13.032,13.041,2,4,11.296,13.523,13.533,2,12,10.048,13.365,13.372,2,4,11.104,13.984,13.991,2,7,7.021,9.251,9.26,2,1,11.178,12.476,12.485,2,2,,,,,,,,,,,,,,,,,,,,,,,,,,,,,,,,,,,,,,,,,,,,,,,,,,,,,,,,,,,,,,,,,,,,,,,,,,,,,,,,,,,,,,,,,,,,,,,,,,,,,,,,,,,,,,,,,,,,,,,,,,,,,,,,,,,,,,,,,,,,,,,,,,,,,,,,,,,,,,,,,,,,,,,,,,,,,,,,,,,,,4.344,12.339,12.346,4,"1,2,10",6.102,21.767,21.774,4,"2,5,12",5.192,18.309,18.316,4,"5,11,14",4.039,13.496,13.505,4,"2,6,9",10.069,19.702,19.708,4,"7,13,14",7.944,24.358,24.364,6,"3,5,8",,,,,,,,,,,,,,,,,,,,,,,,,,,,,,,,,,,,,,,,,,,,,,,,,,,,,,,,,,,,,,,,,,,,,,,,,,,,,,,,,,,,,,,,,,,,,,,,,,,,,,,,,,,,,,,,,,,,,,,,,,,,,,,,,,,,,,,,,,,,,,,,,,,,,,,,,,,,,,,,,,,,,,,,,,,,,,,,,,,,,,,,,,,,,,,,,,,,,,,,,,,,,,,,,,,,,,,,,,,,,,,,,,,,,,,,,,,,,,,,,,,,,,,,,,,,,,,,,,,,,,,,,,,,,,,5.629,8.677,8.684,2,10,5.259,8.171,8.18,2,15,5.453,8.349,8.357,2,7,8.024,12.32,12.327,2,16,8.183,10.719,10.726,2,13,7.189,8.967,8.973,2,16,7.317,8.656,8.664,2,16,,,,,,,,,,,,,,,,,,,,,,,,,,,,,,,4.806,9.933,9.939,4,"3,6,7",4.446,13.011,13.019,4,"3,8,14",2.909,10.561,10.569,4,"1,11,12",4.886,11.272,11.281,4,"3,4,5",6.267,13.657,13.66,4,"5,8,9",5.187,13.435,13.442,4,"1,2,7",,,,,,,,,,,,,,,,,,,,,,,,,,,,,,,,,,,,,,,,,,,,,,,,,,,,,,,,,,,,,,,,,,,,,,,,,,,,,,,,,,,,,,,,,,,,,,,,,,,,,,,,,,,,,,,,,,,,,,,,,3.199,5.575,5.58,2,47,4.131,5.772,5.781,2,32,4.095,5.926,5.935,3,52,3.811,5.11,5.114,2,58,3.739,5.108,5.115,2,37,4.387,5.693,5.7,2,76,,,,,,,,,,,,,,,,,,,,,,,,,,,,,,,,,,,,,,,,,,,,,,,,,,,,,,,,,,,,,,,,,,,,,,,,,,,,,,,,,,,,,,,,,,,,,,,,,,,,,,,,,,,,,,,,,,,,,,,,,,,,,,,,,,,,,,,,,,,,,,,,,,,,,,,,,,,,,,,,,,,,,,,,,,,,,,,,,,,,,,,,,,,,,,,,,,,,,,,,,,,,,,,,,,,,,,,,,,,,,,,,,,,,,,,,,,,,,,,,,,,,,,,,,,,,,,,,,,,,,,,,,,,,,,,,,,,,,,,,,,,,,,,,,,,,,,,,,,,,,3.827,5.454,5.461,2,Decreasing,4.632,14.505,14.511,2,Staying the same,3.254,4.833,4.839,2,Increasing,3.627,5.607,5.613,2,Decreasing,3.977,5.425,5.43,2,Decreasing,9.1,12.43,12.436,2,Increasing,Very easy,Very easy,Somewhat easy,Very easy,Very easy,Somewhat easy,"Design A, B, D, and E were the easiest to use to complete the tasks because they were straightforward and all the font sizing was easy to read. Design C wasn't as easy because the font size differed and made it harder to read the numbers. Design F wasn't as easy too because the bar next to the number just seemed unnecessary and distracting from the numerical value that was important.",No additional feedback.,25-34 years old,Female,,Asian,No,Normal,,1,2,6,2,1,6
9/15/24 14:55,9/15/24 15:18,100,1365,TRUE,9/15/24 15:18,R_7gZjnOW330xc76h,anonymous,EN,I confirm,"I am using a desktop or laptop computer to take this survey,I have made my browser window full screen",5,1,12,2,11,7,6,"5,11,14","1,2,15",63,Increasing,,,,,,,,,,,,,,,,,,,,,,,,,,,,,,,,,,,,,,,,,,,,,,,,,,,,,,,,,,,,,4.574,7.361,7.367,3,4,8.619,11.834,11.837,3,7,4.638,7.402,7.405,5,1,6.994,9.788,9.791,3,2,6.567,8.942,8.944,3,4,5.987,8.408,8.41,3,12,,,,,,,,,,,,,,,,,,,,,,,,,,,,,,,,,,,,,,,,,,,,,,,,,,,,,,,,,,,,,,,,,,,,,,,,,,,,,,,,,,,,,,,,,,,,,,,,,,,,,,,,,,,,,,,,,,,,,,,,,,,,,,,,,,,,,,,,,,,,,,,,,,,,,,,,,,,,,,,,,,,,,,,,,,,,,,,,,,,,,,,,,,,,,,,,,,,,,,,,,,,,,,,,,,,7.242,11.709,11.712,5,"2,6,7",5.409,14.459,14.462,6,"13,14,16",8.313,12.283,12.286,5,"1,8,15",9.968,14.068,14.07,5,"1,2,14",10.321,14.23,14.234,5,"5,11,12",7.258,11.495,11.498,5,"5,13,14",,,,,,,,,,,,,,,,,,,,,,,,,,,,,,,,,,,,,,,,,,,,,,,,,,,,,,,,,,,,,,,,,,,,,,,,,,,,,,,,,,,,,,,,,,,9.118,11.736,11.739,3,16,8.191,10.367,10.369,3,13,4.486,6.639,6.641,3,16,6.867,9.424,9.426,3,10,5.073,7.79,7.792,3,15,13.86,16.723,16.725,3,7,,,,,,,,,,,,,,,,,,,,,,,,,,,,,,,,,,,,,,,,,,,,,,,,,,,,,,,,,,,,,,,,,,,,,,,,,,,,,,,,,,,,,,,,,,,8.022,14.595,14.597,5,1,,,,,,,,,,,,,,,,,,,,,,,,,,,,,,,,,,,,,,,,,,,,,,,,,,,,,,,,,,,,,,,,,,,,,,,,,,,,,,,,,,,,,,,,,,,,,,,,,,,,,,,,,,,,,,,,,,,,,,,,,,,,,,,,,,,,,,,,,,,,,,,,,,,,,,,7.13,11.038,11.041,5,"5,8,12",8.326,12.753,12.755,5,"1,2,9",7.158,10.699,10.701,5,"6,7,12",8.134,12.478,12.48,5,"3,8,16",5.569,9.309,9.311,5,"1,11,12",8.972,14.475,14.478,6,"3,4,12",,,,,,,,,,,,,,,,,,,,,,,,,,,,,,,,,,,,,,,,,,,,,,,,,,,,,,,,,,,,,,,,,,,,,,,,,,,,,,,,,,,,,,,,,,,,,,,,,,,,,,,,,,,,,,,,,,,,,,,,,,,,,,,,,,,,,,,,,,,,,,,,,,,,,,,5.705,10.445,10.448,4,76,6.55,10.61,10.612,4,47,5.589,8.116,8.125,3,32,3.898,9.606,9.609,4,52,5.839,8.602,8.605,3,58,6.599,9.5,9.503,3,37,,,,,,,,,,,,,,,,,,,,,,,,,,,,,,,,,,,,,,,,,,,,,,,,,,,,,,,,,,,,,,,,,,,,,,,,,,,,,,,,,,,,,,,,,,,5.51,7.868,7.871,3,Decreasing,7.019,11.217,11.22,4,Increasing,5.883,8.448,8.45,3,Decreasing,6.296,11.862,11.864,3,Decreasing,5.75,8.704,8.707,3,Increasing,6.473,10.603,10.606,4,Decreasing,,,,,,,,,,,,,,,,,,,,,,,,,,,,,,,,,,,,,,,,,,,,,,,,,,,,,,,,,,,,,Somewhat difficult,Somewhat easy,Somewhat easy,Very easy,Very easy,Somewhat difficult,Desin D and E were easiest to use because the size of the block. Design A and F were the worst because the block sizes didn't change. ,no further feedback. I thought the study was straightforward and easy to understand. ,45-54 years old,Male,,White or Caucasian,No,Corrected to normal,,3,5,3,6,6,4
9/15/24 14:58,9/15/24 15:23,100,1484,TRUE,9/15/24 15:23,R_58xLCzxngpNPONj,anonymous,EN,I confirm,"I am using a desktop or laptop computer to take this survey,I have made my browser window full screen",5,1,12,2,11,7,6,"5,13,14","1,7,15",63,Increasing,,,,,,,,,,,,,,,,,,,,,,,,,,,,,,,,,,,,,,,,,,,,,,,,,,,,,,,,,,,,,6.944,9.821,9.822,3,4,6.891,9.512,9.514,3,7,5.249,8.473,8.476,3,1,6.068,9.331,9.333,3,2,7.734,14.143,14.146,4,4,7.715,10.16,10.162,3,10,,,,,,,,,,,,,,,,,,,,,,,,,,,,,,,,,,,,,,,,,,,,,,,,,,,,,,,,,,,,,,,,,,,,,,,,,,,,,,,,,,,,,,,,,,,4.483,16.662,16.665,6,"5,13,15",15.354,19.072,19.075,5,"1,2,11",11.177,28.611,28.614,6,"2,5,12",11.787,21.282,21.285,6,"5,11,13",18.456,26.856,26.859,6,"2,6,10",7.807,22.459,22.461,7,"7,11,16",,,,,,,,,,,,,,,,,,,,,,,,,,,,,,,,,,,,,,,,,,,,,,,,,,,,,,,,,,,,,,,,,,,,,,,,,,,,,,,,,,,,,,,,,,,,,,,,,,,,,,,,,,,,,,,,,,,,,,,,,,,,,,,,,,,,,,,,,,,,,,,,,,,,,,,,,,,,,,,,,,,,,,,,,,,,,,,,,,,,,,,,,,,,,,,,,,,,,,,,,,,,,,,,,,,,,,,,,,,,,,,,,,,,,,,,,,,,,,,,,,,,,,,,,,,,,,,,,,,,,,,,,,,,,,,10.017,12.277,12.279,3,16,11.871,14.717,14.72,3,10,9.013,10.758,10.76,3,15,10.689,12.88,12.882,3,7,7.283,12.264,12.266,4,16,14.574,17.243,17.245,3,13,,,,,,,,,,,,,,,,,,,,,,,,,,,,,,,7.576,9.75,9.752,3,16,,,,,,,,,,,,,,,,,,,,,,,,,,,,,,,,,,,,,,,,,,,,,,,,,,,,,,,,,,,,,10.469,16.627,16.628,6,"3,8,14",12.674,16.948,16.95,5,"11,12,13",12.208,15.832,15.835,5,"4,5,10",7.35,11.893,11.896,5,"5,8,9",10.292,14.681,14.683,5,"7,9,16",8.778,18.616,18.618,5,"6,9,12",,,,,,,,,,,,,,,,,,,,,,,,,,,,,,,,,,,,,,,,,,,,,,,,,,,,,,,,,,,,,,,,,,,,,,,,,,,,,,,,,,,,,,,,,,,,,,,,,,,,,,,,,,,,,,,,,,,,,,,,,2.693,9.65,9.653,4,32,3.28,6.829,6.832,3,52,3.208,6.515,6.517,3,58,2.723,6.109,6.111,3,37,3.995,8.344,8.347,4,76,6.61,10.556,10.558,3,47,,,,,,,,,,,,,,,,,,,,,,,,,,,,,,,,,,,,,,,,,,,,,,,,,,,,,,,,,,,,,,,,,,,,,,,,,,,,,,,,,,,,,,,,,,,,,,,,,,,,,,,,,,,,,,,,,,,,,,,,,,,,,,,,,,,,,,,,,,,,,,,,,,,,,,,5.238,7.921,7.923,3,Increasing,3.407,8.064,8.066,3,Decreasing,6.151,8.287,8.29,3,Decreasing,6.137,8.876,8.878,3,Increasing,3.914,6.259,6.261,3,Decreasing,4.258,10.042,10.046,3,Staying the same,,,,,,,,,,,,,,,,,,,,,,,,,,,,,,,,,,,,,,,,,,,,,,,,,,,,,,,,,,,,,,,,,,,,,,,,,,,,,,,,,,,,,,,,,,,,,,,,,,,,,,,,,,,,,,,,,,,,,,,,,Somewhat easy,Somewhat difficult,Very easy,Very easy,Somewhat difficult,Somewhat difficult,"Easiest: C & D because the outcomes had a visual that also showed how big the number was and it was near the end of the graph.  Hardest: B, E, and F because they outcome visuals were harder to notice or differentiate between at first glance",none,35-44 years old,Female,,White or Caucasian,No,Corrected to normal,,3,1,5,3,2,2
9/15/24 14:57,9/15/24 15:35,100,2283,TRUE,9/15/24 15:35,R_1a90qWCgjN4aB8Q,anonymous,EN,I confirm,"I am using a desktop or laptop computer to take this survey,I have made my browser window full screen",5,1,12,2,11,7,6,"5,13,16","1,2,15",63,Increasing,,,,,,,,,,,,,,,,,,,,,,,,,,,,,,,,,,,,,,,,,,,,,,,,,,,,,,,,,,,,,,,,,,,,,,,,,,,,,,,,,,,,,,,,,,,8.969,10.077,10.08,2,7,6.558,8.325,8.335,2,1,6.119,7.784,7.791,3,2,7.156,8.886,8.891,2,4,5.383,6.177,6.181,2,12,5.596,7.132,7.14,2,4,,,,,,,,,,,,,,,,,,,,,,,,,,,,,,,,,,,,,,,,,,,,,,,,,,,,,,,,,,,,,,,,,,,,,,,,,,,,,,,,,,,,,,,,,,,,,,,,,,,,,,,,,,,,,,,,,,,,,,,,,,,,,,,,,,,,,,,,,,,,,,,,,,,,,,,5.866,9.993,9.997,4,"5,13,14",9.131,12.438,12.441,4,"2,9,10",11.3,17.849,17.853,4,"7,14,16",7.446,14.243,14.245,4,"5,8,15",2.982,10.247,10.252,4,"1,2,10",12.006,15.76,15.767,4,"2,5,12",,,,,,,,,,,,,,,,,,,,,,,,,,,,,,,,,,,,,,,,,,,,,,,,,,,,,,,,,,,,,8.506,9.136,9.143,2,15,7.431,8.784,8.787,2,7,9.572,10.884,10.89,2,16,7.245,8.395,8.398,2,13,4.919,5.629,5.632,2,16,8.582,9.631,9.637,2,10,,,,,,,,,,,,,,,,,,,,,,,,,,,,,,,,,,,,,,,,,,,,,,,,,,,,,,,,,,,,,,,,,,,,,,,,,,,,,,,,,,,,,,,,,,,,,,,,,,,,,,,,,,,,,,,,,,,,,,,,,,,,,,,,,,,,,,,,,,,,,,,,,,,,,,,5.271,6.981,6.987,2,16,9.628,11.963,11.967,4,"1,7,9",5.962,8.343,8.35,4,"3,6,7",6.508,10.594,10.597,4,"8,15,16",6.584,9.032,9.035,4,"1,3,12",6.581,9.185,9.187,5,"3,4,12",7.336,9.175,9.18,4,"8,11,12",,,,,,,,,,,,,,,,,,,,,,,,,,,,,,,,,,,,,,,,,,,,,,,,,,,,,,,,,,,,,,,,,,,,,,,,,,,,,,,,,,,,,,,,,,,,,,,,,,,,,,,,,,,,,,,,,,,,,,,,,,,,,,,,,,,,,,,,,,,,,,,,,,,,,,,,,,,,,,,,,,,,,,,,,,,,,,,,,,,,,,,,,,,,,,,,,,,,,,,,,,,,,,,,,,,,,,,,,,,,,,,,,,,,,,,,,,,,,,,,,3.439,4.35,4.354,2,58,3.549,4.559,4.563,2,37,4.564,5.412,5.418,2,76,3.345,4.687,4.693,3,47,4.761,6.115,6.12,2,32,4.287,5.194,5.2,2,52,,,,,,,,,,,,,,,,,,,,,,,,,,,,,,,,,,,,,,,,,,,,,,,,,,,,,,,,,,,,,5.474,7.106,7.111,2,Staying the same,5.425,6.502,6.508,2,Increasing,3.242,4.189,4.191,2,Decreasing,4.855,5.932,5.937,2,Decreasing,5.205,6.802,6.809,2,Increasing,4.741,5.803,5.806,2,Decreasing,,,,,,,,,,,,,,,,,,,,,,,,,,,,,,,,,,,,,,,,,,,,,,,,,,,,,,,,,,,,,,,,,,,,,,,,,,,,,,,,,,,,,,,,,,,,,,,,,,,,,,,,,,,,,,,,,,,,,,,,,,,,,,,,,,,,,,,,,,,,,,,,,,,,,,,Somewhat easy,Somewhat easy,Very easy,Somewhat easy,Very easy,Somewhat easy,"Easiest was the larger boxes, they stand out and catch the eye. Hardest were the ones with just the numbers and no visual indicator",No,25-34 years old,Male,,White or Caucasian,No,Normal,,4,4,1,1,4,1
9/16/24 8:56,9/16/24 9:09,100,784,TRUE,9/16/24 9:09,R_6ES0YmsXL58TIuR,anonymous,EN,I confirm,"I am using a desktop or laptop computer to take this survey,I have made my browser window full screen",5,1,12,2,11,7,6,"5,11,14","1,6,15",63,Increasing,,,,,,,,,,,,,,,,,,,,,,,,,,,,,,,,,,,,,,,,,,,,,,,,,,,,,,,,,,,,,,,,,,,,,,,,,,,,,,,,,,,,,,,,,,,10.108,11.239,11.242,2,7,7.204,7.954,7.957,2,1,8.825,9.608,9.611,2,2,6.909,7.658,7.662,2,4,8.793,9.626,9.629,2,12,7.781,8.915,8.918,2,4,,,,,,,,,,,,,,,,,,,,,,,,,,,,,,,,,,,,,,,,,,,,,,,,,,,,,,,,,,,,,,,,,,,,,,,,,,,,,,,,,,,,,,,,,,,,,,,,,,,,,,,,,,,,,,,,,,,,,,,,,5.095,14.895,14.898,4,"2,5,12",3.627,19.263,19.266,4,"4,5,13",4.261,8.527,8.53,4,"2,6,9",6.025,9.855,9.858,4,"11,14,16",14.441,27.81,27.812,4,"5,8,13",5.92,14.72,14.723,4,"1,11,14",,,,,,,,,,,,,,,,,,,,,,,,,,,,,,,,,,,,,,,,,,,,,,,,,,,,,,,,,,,,,,,,,,,,,,,,,,,,,,,,,,,,,,,,,,,7.833,8.368,8.372,2,15,5.856,6.84,6.843,2,7,9.37,9.904,9.907,2,16,7.288,7.939,7.941,2,13,13.529,14.579,14.582,3,16,7.22,8.221,8.222,2,6,,,,,,,,,,,,,,,,,,,,,,,,,,,,,,,,,,,,,,,,,,,,,,,,,,,,,,,,,,,,,,,,,,,,,,,,,,,,,,,,,,,,,,,,,,,,,,,,,,,,,,,,,,,,,,,,,,,,,,,,,,,,,,,,,,,,,,,,,,,,,,,,,,,,,,,7.355,8.641,8.644,2,16,,,,,,,,,,,,,,,,,,,,,,,,,,,,,,,3.989,6.904,6.906,4,"6,7,12",3.972,8.939,8.943,4,"8,14,16",3.025,8.125,8.127,4,"1,12,13",2.738,8.456,8.459,4,"3,10,12",2.901,9.867,9.87,4,"5,8,12",4.277,8.979,8.982,4,"1,2,9",,,,,,,,,,,,,,,,,,,,,,,,,,,,,,,,,,,,,,,,,,,,,,,,,,,,,,,,,,,,,,,,,,,,,,,,,,,,,,,,,,,,,,,,,,,,,,,,,,,,,,,,,,,,,,,,,,,,,,,,,,,,,,,,,,,,,,,,,,,,,,,,,,,,,,,,,,,,,,,,,,,,,,,,,,,,,,,,,,,,,,,,,,,,,,,,,,,,,,,,,,,,,,,,,,,,,,,,,,,,,,,,,,,,,,,,,,,,,,,,,,,,,,,,,,,,,,,,,,,,,,,,,,,,,,,4.098,5,5.002,2,76,5.53,6.331,6.334,2,47,3.949,5.816,5.819,4,32,3.888,4.688,4.691,2,52,3.645,4.544,4.546,2,58,4.289,5.105,5.108,2,37,,,,,,,,,,,,,,,,,,,,,,,,,,,,,,,,,,,,,,,,,,,,,,,,,,,,,,,,,,,,,,,,,,,,,,,,,,,,,,,,,,,,,,,,,,,,,,,,,,,,,,,,,,,,,,,,,,,,,,,,,,,,,,,,,,,,,,,,,,,,,,,,,,,,,,,4.921,5.553,5.556,2,Decreasing,3.231,4.067,4.069,2,Staying the same,2.099,3.768,3.772,3,Increasing,3.747,4.563,4.566,2,Decreasing,3.781,4.48,4.484,2,Decreasing,4.431,5.448,5.451,2,Increasing,Very easy,Very easy,Very easy,Very easy,Very easy,Very easy,"Design E was the hardest due to some of the numbers being so small and harder to see. Design B was the easist due to the numbers having a square around them, making them easier to see.",No,25-34 years old,Female,,"White or Caucasian,Black or African American",No,Normal,,4,3,1,2,6,6
9/16/24 8:56,9/16/24 9:10,100,824,TRUE,9/16/24 9:10,R_1iaiD6vlFfseqCp,anonymous,EN,I confirm,"I am using a desktop or laptop computer to take this survey,I have made my browser window full screen",5,1,12,2,11,7,6,"5,13,16","1,7,15",63,Increasing,,,,,,,,,,,,,,,,,,,,,,,,,,,,,,,,,,,,,,,,,,,,,,,,,,,,,,,,,,,,,,,,,,,,,,,,,,,,,,,,,,,,,,,,,,,,,,,,,,,,,,,,,,,,,,,,,,,,,,,,,,,,,,,,,,,,,,,,,,,,,,,,,,,,,,,6.05,6.803,6.808,2,2,6.558,7.378,7.383,2,4,4.819,5.604,5.606,2,12,2.621,3.871,3.873,2,4,4.547,5.565,5.569,2,7,2.616,3.803,3.806,2,1,,,,,,,,,,,,,,,,,,,,,,,,,,,,,,,,,,,,,,,,,,,,,,,,,,,,,,,,,,,,,,,,,,,,,,,,,,,,,,,,,,,,,,,,,,,,,,,,,,,,,,,,,,,,,,,,,,,,,,,,,,,,,,,,,,,,,,,,,,,,,,,,,,,,,,,6.419,11.338,11.341,4,"6,7,11",3.539,9.134,9.137,5,"3,5,10",2.576,8.731,8.734,4,"1,10,11",4.497,18.874,18.877,4,"2,6,12",4.545,9.623,9.627,4,"5,14,16",3.784,16.286,16.289,4,"2,4,6",,,,,,,,,,,,,,,,,,,,,,,,,,,,,,,,,,,,,,,,,,,,,,,,,,,,,,,,,,,,,5.571,6.869,6.872,2,16,3.049,4.172,4.176,2,13,2.725,3.776,3.779,3,16,6.003,7.249,7.252,2,14,4.217,6.09,6.094,3,15,7.109,8.055,8.058,2,7,,,,,,,,,,,,,,,,,,,,,,,,,,,,,,,,,,,,,,,,,,,,,,,,,,,,,,,,,,,,,,,,,,,,,,,,,,,,,,,,,,,,,,,,,,,5.353,6.698,6.702,2,1,,,,,,,,,,,,,,,,,,,,,,,,,,,,,,,,,,,,,,,,,,,,,,,,,,,,,,,,,,,,,3.806,9.021,9.024,4,"8,14,15",4.105,7.341,7.345,4,"13,15,16",1.83,8.527,8.531,4,"1,4,10",4.982,8.412,8.414,4,"5,8,9",2.899,11.046,11.049,4,"1,6,16",3.351,7.245,7.25,4,"3,5,7",,,,,,,,,,,,,,,,,,,,,,,,,,,,,,,,,,,,,,,,,,,,,,,,,,,,,,,,,,,,,,,,,,,,,,,,,,,,,,,,,,,,,,,,,,,,,,,,,,,,,,,,,,,,,,,,,,,,,,,,,1.098,3.694,3.697,3,32,3.787,4.789,4.794,2,52,3.497,4.298,4.299,2,58,3.288,4.154,4.158,2,37,4.52,5.498,5.501,2,76,2.713,3.579,3.583,2,47,,,,,,,,,,,,,,,,,,,,,,,,,,,,,,,,,,,,,,,,,,,,,,,,,,,,,,,,,,,,,,,,,,,,,,,,,,,,,,,,,,,,,,,,,,,,,,,,,,,,,,,,,,,,,,,,,,,,,,,,,,,,,,,,,,,,,,,,,,,,,,,,,,,,,,,,,,,,,,,,,,,,,,,,,,,,,,,,,,,,,,,,,,,,,,,,,,,,,,,,,,,,,,,,,,,,,,,,,,,,,,,,,,,,,,,,,,,,,,,,,7.059,11.276,11.279,3,Increasing,3.281,5.011,5.016,3,Decreasing,2.853,4.325,4.327,2,Decreasing,2.628,3.621,3.624,2,Increasing,3.905,4.737,4.74,2,Decreasing,3.004,3.787,3.79,2,Decreasing,,,,,,,,,,,,,,,,,,,,,,,,,,,,,,,Very easy,Very easy,Very easy,Very easy,Very easy,Very easy,"I think the easiest task was the multiple choice questions that had to do with what was the output of Machine X. The harder task were probably the ""what 3 machines had the lowest/highest output questions.""",No additional feedback.,18-24 years old,Male,,Black or African American,No,Corrected to normal,,6,6,3,3,2,5
9/16/24 8:54,9/16/24 9:10,100,995,TRUE,9/16/24 9:10,R_71FzwqKgfMXC564,anonymous,EN,I confirm,"I am using a desktop or laptop computer to take this survey,I have made my browser window full screen",5,1,12,2,11,7,6,"13,14,16","1,2,15",63,Increasing,10.204,11.224,11.227,2,4,10.506,15.129,15.132,4,12,4.257,5.447,5.45,2,4,9.202,10.073,10.075,2,7,6.125,7.369,7.372,2,1,9.419,10.863,10.867,2,2,,,,,,,,,,,,,,,,,,,,,,,,,,,,,,,,,,,,,,,,,,,,,,,,,,,,,,,,,,,,,,,,,,,,,,,,,,,,,,,,,,,,,,,,,,,,,,,,,,,,,,,,,,,,,,,,,,,,,,,,,,,,,,,,,,,,,,,,,,,,,,,,,,,,,,,,,,,,,,,,,,,,,,,,,,,,,,,,,,,,,,,,,,,,,,,,,,,,,,,,,,,,,,,,,,,,,,,,,,,,,,,,,,,,,,,,,,,,,,,,,4.566,10.176,10.179,4,"5,13,14",5.694,13.542,13.545,4,"2,7,10",6.783,40.719,40.722,4,"7,11,13",5.473,18.647,18.65,4,"3,5,15",3.634,16.429,16.436,6,"1,2,14",5.945,15.365,15.376,4,"2,7,12",,,,,,,,,,,,,,,,,,,,,,,,,,,,,,,,,,,,,,,,,,,,,,,,,,,,,,,,,,,,,,,,,,,,,,,,,,,,,,,,,,,,,,,,,,,,,,,,,,,,,,,,,,,,,,,,,,,,,,,,,,,,,,,,,,,,,,,,,,,,,,,,,,,,,,,,,,,,,,,,,,,,,,,,,,,,,,,,,,,,,4.587,5.347,5.35,2,16,6.029,6.789,6.792,2,10,4.549,5.042,5.047,2,15,6.236,7.478,7.483,2,1,3.418,4.161,4.164,2,16,9.336,10.037,10.04,2,13,,,,,,,,,,,,,,,,,,,,,,,,,,,,,,,9.434,10.645,10.647,2,16,,,,,,,,,,,,,,,,,,,,,,,,,,,,,,,,,,,,,,,,,,,,,,,,,,,,,,,,,,,,,,,,,,,,,,,,,,,,,,,,,,,,,,,,,,,,,,,,,,,,,,,,,,,,,,,,,,,,,,,,,,,,,,,,,,,,,,,,,,,,,,,,,,,,,,,2.481,8.422,8.425,4,"1,8,9",5.058,16.127,16.133,6,"1,11,16",3.508,9.469,9.471,4,"5,6,9",4.544,24.145,24.149,6,"8,14,15",3.577,9.46,9.463,4,"12,13,15",4.749,10.972,10.975,4,"10,13,15",,,,,,,,,,,,,,,,,,,,,,,,,,,,,,,,,,,,,,,,,,,,,,,,,,,,,,,,,,,,,,,,,,,,,,,,,,,,,,,,,,,,,,,,,,,,,,,,,,,,,,,,,,,,,,,,,,,,,,,,,3.759,10.221,10.227,3,37,3.377,4.433,4.436,2,76,3.568,4.517,4.57,2,47,3.71,4.489,4.498,2,32,4.606,5.656,5.66,2,52,4.063,5.207,5.21,2,58,,,,,,,,,,,,,,,,,,,,,,,,,,,,,,,,,,,,,,,,,,,,,,,,,,,,,,,,,,,,,,,,,,,,,,,,,,,,,,,,,,,,,,,,,,,3.864,4.623,4.627,2,Decreasing,5.452,6.329,6.332,2,Decreasing,5.145,6.116,6.119,2,Increasing,2.909,5.728,5.732,3,Decreasing,7.842,10.258,10.261,2,Decreasing,4.724,9.759,9.764,4,Increasing,,,,,,,,,,,,,,,,,,,,,,,,,,,,,,,,,,,,,,,,,,,,,,,,,,,,,,,,,,,,,,,,,,,,,,,,,,,,,,,,,,,,,,,,,,,Somewhat difficult,Somewhat easy,Neither easy nor difficult,Neither easy nor difficult,Somewhat difficult,Somewhat easy,NOTHING IS WORSE,GPPD STUDY,25-34 years old,Female,,White or Caucasian,No,Normal,,1,4,5,6,5,3
9/16/24 8:56,9/16/24 9:12,100,969,TRUE,9/16/24 9:12,R_6S8ZudnRSe6UyDj,anonymous,EN,I confirm,"I am using a desktop or laptop computer to take this survey,I have made my browser window full screen",5,1,12,2,11,7,6,"5,11,13","1,2,6",63,Increasing,,,,,,,,,,,,,,,,,,,,,,,,,,,,,,,,,,,,,,,,,,,,,,,,,,,,,,,,,,,,,,,,,,,,,,,,,,,,,,,,,,,,,,,,,,,,,,,,,,,,,,,,,,,,,,,,,,,,,,,,,,,,,,,,,,,,,,,,,,,,,,,,,,,,,,,8.642,9.369,9.371,2,2,6.722,8.042,8.044,2,4,5.076,7.38,7.382,3,12,6.427,7.291,7.293,2,4,5.771,7.346,7.348,2,7,6.474,7.37,7.372,2,1,,,,,,,,,,,,,,,,,,,,,,,,,,,,,,,,,,,,,,,,,,,,,,,,,,,,,,,,,,,,,3.416,9.204,9.206,4,"2,5,11",4.533,10.324,10.326,4,"11,13,16",3.805,9.78,9.781,4,"2,7,10",6.129,9.769,9.77,4,"7,11,13",4.203,10.666,10.668,4,"3,13,15",2.341,8.981,8.983,4,"1,2,14",,,,,,,,,,,,,,,,,,,,,,,,,,,,,,,,,,,,,,,,,,,,,,,,,,,,,,,,,,,,,,,,,,,,,,,,,,,,,,,,,,,,,,,,,,,,,,,,,,,,,,,,,,,,,,,,,,,,,,,,,,,,,,,,,,,,,,,,,,,,,,,,,,,,,,,,,,,,,,,,,,,,,,,,,,,,,,,,,,,,,7.161,7.953,7.954,2,13,9.728,10.232,10.233,2,16,7.327,8.063,8.065,2,10,6.073,9.41,9.411,2,15,6.124,6.877,6.879,2,7,7.442,8.153,8.154,2,16,,,,,,,,,,,,,,,,,,,,,,,,,,,,,,,,,,,,,,,,,,,,,,,,,,,,,,,,,,,,,6.063,7.286,7.288,2,16,,,,,,,,,,,,,,,,,,,,,,,,,,,,,,,,,,,,,,,,,,,,,,,,,,,,,,,,,,,,,,,,,,,,,,,,,,,,,,,,,,,,,,,,,,,3.884,9.804,9.807,4,"1,12,13",4.231,8.302,8.304,5,"5,10,12",8.099,9.835,9.836,4,"9,11,12",7.645,10.277,10.279,4,"1,2,7",4.945,9.75,9.752,4,"3,7,9",5.028,8.131,8.133,4,"14,15,16",,,,,,,,,,,,,,,,,,,,,,,,,,,,,,,,,,,,,,,,,,,,,,,,,,,,,,,,,,,,,,,,,,,,,,,,,,,,,,,,,,,,,,,,,,,,,,,,,,,,,,,,,,,,,,,,,,,,,,,,,3.351,5.471,5.473,3,52,3.469,4.332,4.334,2,58,3.54,4.428,4.43,2,37,3.57,4.458,4.46,2,76,3.741,4.429,4.43,2,47,3.415,4.175,4.177,2,32,,,,,,,,,,,,,,,,,,,,,,,,,,,,,,,,,,,,,,,,,,,,,,,,,,,,,,,,,,,,,,,,,,,,,,,,,,,,,,,,,,,,,,,,,,,,,,,,,,,,,,,,,,,,,,,,,,,,,,,,,,,,,,,,,,,,,,,,,,,,,,,,,,,,,,,,,,,,,,,,,,,,,,,,,,,,,,,,,,,,,5.438,7.285,7.287,3,Decreasing,5.051,5.843,5.845,2,Increasing,4.777,5.433,5.435,2,Decreasing,4.722,5.467,5.469,2,Staying the same,5.184,7.817,7.818,2,Increasing,6.21,7.066,7.068,2,Decreasing,,,,,,,,,,,,,,,,,,,,,,,,,,,,,,,,,,,,,,,,,,,,,,,,,,,,,,,,,,,,,Neither easy nor difficult,Somewhat easy,Very easy,Neither easy nor difficult,Very easy,Neither easy nor difficult,"My eyes tracked well with the increased box size, this was easiest. The bar graph was worst, didn't stick out enough for me.",no,45-54 years old,Male,,White or Caucasian,No,Corrected to normal,,6,3,4,4,3,4
9/16/24 8:57,9/16/24 9:13,100,965,TRUE,9/16/24 9:13,R_3jlHi611LI3DD44,anonymous,EN,I confirm,"I am using a desktop or laptop computer to take this survey,I have made my browser window full screen",5,1,12,2,11,7,6,"13,14,16","1,7,15",63,Increasing,,,,,,,,,,,,,,,,,,,,,,,,,,,,,,,,,,,,,,,,,,,,,,,,,,,,,,,,,,,,,,,,,,,,,,,,,,,,,,,,,,,,,,,,,,,,,,,,,,,,,,,,,,,,,,,,,,,,,,,,,,,,,,,,,,,,,,,,,,,,,,,,,,,,,,,5.298,9.875,9.886,2,2,3.399,6.353,6.357,2,4,3.746,6.032,6.036,2,12,5.416,7.021,7.025,2,4,4.342,7.559,7.562,2,7,4.117,6.171,6.176,2,1,,,,,,,,,,,,,,,,,,,,,,,,,,,,,,,,,,,,,,,,,,,,,,,,,,,,,,,,,,,,,,,,,,,,,,,,,,,,,,,,,,,,,,,,,,,,,,,,,,,,,,,,,,,,,,,,,,,,,,,,,2.725,13.405,13.408,4,"2,7,9",4.265,12.537,12.543,6,"11,14,16",3.049,16.052,16.056,7,"5,8,15",3.495,15.255,15.258,4,"1,10,14",5.981,13.549,13.552,6,"2,5,11",3.512,12.615,12.618,4,"5,13,14",,,,,,,,,,,,,,,,,,,,,,,,,,,,,,,,,,,,,,,,,,,,,,,,,,,,,,,,,,,,,,,,,,,,,,,,,,,,,,,,,,,,,,,,,,,,,,,,,,,,,,,,,,,,,,,,,,,,,,,,,,,,,,,,,,,,,,,,,,,,,,,,,,,,,,,,,,,,,,,,,,,,,,,,,,,,,,,,,,,,,5.442,9.71,9.712,3,10,4.507,7.664,7.668,2,15,3.877,6.028,6.03,2,1,4.406,7.482,7.485,2,16,7.17,9.051,9.055,2,13,5.502,6.851,6.854,2,16,5.795,8.512,8.514,3,1,4.555,10.239,10.243,4,"2,9,16",3.435,9.713,9.716,4,"3,9,12",2.513,12.249,12.253,7,"3,8,14",2.599,14.511,14.514,4,"1,13,15",4.971,9.315,9.318,4,"4,5,10",3.404,18.057,18.059,7,"9,11,12",,,,,,,,,,,,,,,,,,,,,,,,,,,,,,,,,,,,,,,,,,,,,,,,,,,,,,,,,,,,,,,,,,,,,,,,,,,,,,,,,,,,,,,,,,,,,,,,,,,,,,,,,,,,,,,,,,,,,,,,,,,,,,,,,,,,,,,,,,,,,,,,,,,,,,,,,,,,,,,,,,,,,,,,,,,,,,,,,,,,,,,,,,,,,,,,,,,,,,,,,,,,,,,,,,,,,,,,,,,,,,,,,,,,,,,,,,,,,,,,,4.076,4.96,4.963,2,58,3.538,4.37,4.373,2,37,2.873,4.027,4.03,2,76,3.152,4.772,4.775,2,47,4.629,6.211,6.226,2,32,3.098,4.096,4.099,2,52,,,,,,,,,,,,,,,,,,,,,,,,,,,,,,,,,,,,,,,,,,,,,,,,,,,,,,,,,,,,,,,,,,,,,,,,,,,,,,,,,,,,,,,,,,,1.934,2.975,2.978,2,Increasing,3.175,4.599,4.602,2,Decreasing,3.171,5.896,5.897,3,Decreasing,5.502,8.763,8.766,4,Increasing,4.274,5.592,5.596,2,Decreasing,3.374,4.137,4.14,2,Staying the same,,,,,,,,,,,,,,,,,,,,,,,,,,,,,,,,,,,,,,,,,,,,,,,,,,,,,,,,,,,,,,,,,,,,,,,,,,,,,,,,,,,,,,,,,,,,,,,,,,,,,,,,,,,,,,,,,,,,,,,,,Neither easy nor difficult,Very easy,Somewhat easy,Very easy,Very easy,Somewhat easy,"The large number graphs with the blue squares were great to work with when looking for large numbers, but difficult when trying to see smaller numbers. The last graph with the bar next to the square number didn't really provide much additional information for me as I couldn't quite understand the bar, and still relied on the plotted graph.",No additional feedback.,45-54 years old,Male,,Asian,No,Corrected to normal,,6,5,6,1,4,2
9/16/24 9:01,9/16/24 9:14,100,758,TRUE,9/16/24 9:14,R_7D53Alqshjw42hw,anonymous,EN,I confirm,"I am using a desktop or laptop computer to take this survey,I have made my browser window full screen",5,1,12,2,11,7,6,"5,11,13","1,2,15",63,Increasing,7.445,8.768,8.77,3,4,8.303,9.077,9.079,2,12,5.025,6.093,6.096,2,4,8.632,9.475,9.478,3,7,5.015,5.972,5.974,2,1,12.338,13.372,13.374,2,2,,,,,,,,,,,,,,,,,,,,,,,,,,,,,,,,,,,,,,,,,,,,,,,,,,,,,,,,,,,,,,,,,,,,,,,,,,,,,,,,,,,,,,,,,,,,,,,,,,,,,,,,,,,,,,,,,,,,,,,,,,,,,,,,,,,,,,,,,,,,,,,,,,,,,,,,,,,,,,,,,,,,,,,,,,,,,,,,,,,,,,,,,,,,,,,,,,,,,,,,,,,,,,,,,,,,,,,,,,,,,,,,,,,,,,,,,,,,,,,,,,,,,,,,,,,,,,,,,,,,,,,,,,,,,,,,,,,,,,,,,,,,,,,,,,,,,,,,,,,,,6.069,12.186,12.188,4,"11,14,16",4.361,9.742,9.744,4,"3,5,15",4.961,11.1,11.102,4,"1,10,11",6.929,16.601,16.602,4,"5,11,12",6.272,14.948,14.95,4,"5,13,14",4.979,9.611,9.613,5,"2,6,7",,,,,,,,,,,,,,,,,,,,,,,,,,,,,,,,,,,,,,,,,,,,,,,,,,,,,,,,,,,,,,,,,,,,,,,,,,,,,,,,,,,,,,,,,,,,,,,,,,,,,,,,,,,,,,,,,,,,,,,,,6.173,6.959,6.961,2,16,6.314,10.81,10.812,3,10,6.312,9.314,9.316,2,15,3.751,6.975,6.977,3,7,5.765,6.264,6.266,2,16,8.212,10.015,10.017,3,13,,,,,,,,,,,,,,,,,,,,,,,,,,,,,,,3.838,5.765,5.768,2,16,4.488,8.637,8.639,4,"2,7,16",10.043,16.006,16.009,4,"3,6,12",3.587,10.163,10.166,4,"3,8,14",4.814,13.016,13.022,4,"1,12,13",4.535,9.963,9.966,5,"5,10,12",5.363,10.247,10.249,4,"5,8,12",,,,,,,,,,,,,,,,,,,,,,,,,,,,,,,,,,,,,,,,,,,,,,,,,,,,,,,,,,,,,,,,,,,,,,,,,,,,,,,,,,,,,,,,,,,,,,,,,,,,,,,,,,,,,,,,,,,,,,,,,,,,,,,,,,,,,,,,,,,,,,,,,,,,,,,,,,,,,,,,,,,,,,,,,,,,,,,,,,,,,,,,,,,,,,,,,,,,,,,,,,,,,,,,,,,,,,,,,,,,,,,,,,,,,,,,,,,,,,,,,,,,,,,,,,,,,,,,,,,,,,,,,,,,,,,2.967,3.898,3.9,2,37,2.92,3.574,3.576,2,76,3.628,4.589,4.592,2,47,3.443,4.198,4.2,2,32,4.06,4.828,4.83,2,52,3.85,4.366,4.368,2,58,,,,,,,,,,,,,,,,,,,,,,,,,,,,,,,,,,,,,,,,,,,,,,,,,,,,,,,,,,,,,,,,,,,,,,,,,,,,,,,,,,,,,,,,,,,,,,,,,,,,,,,,,,,,,,,,,,,,,,,,,,,,,,,,,,,,,,,,,,,,,,,,,,,,,,,3.762,4.605,4.607,2,Increasing,2.602,3.241,3.243,2,Decreasing,4.194,5.091,5.092,2,Staying the same,3.056,3.903,3.905,2,Increasing,6.849,7.608,7.61,2,Decreasing,3.917,4.49,4.491,2,Decreasing,,,,,,,,,,,,,,,,,,,,,,,,,,,,,,,Somewhat easy,Somewhat easy,Very easy,Very easy,Very easy,Somewhat easy,"I believe Design C was the best, with the boxes relative to the number is was quite easy to find the largest or smallest number very quickly. The worst I would say was design A, although it wasnt hard it just took more time to find. ",N/A ,25-34 years old,Male,,White or Caucasian,No,Normal,,1,6,5,1,5,5
9/16/24 8:55,9/16/24 9:14,100,1148,TRUE,9/16/24 9:14,R_7lABF6j07i2yJ8Z,anonymous,EN,I confirm,"I am using a desktop or laptop computer to take this survey,I have made my browser window full screen",5,1,12,2,11,7,6,"5,13,16","1,2,15",63,Increasing,,,,,,,,,,,,,,,,,,,,,,,,,,,,,,,,,,,,,,,,,,,,,,,,,,,,,,,,,,,,,4.783,7.834,7.844,3,4,4.935,12.75,12.761,4,7,5.685,8.92,8.929,3,1,6.67,10.209,10.223,4,2,4.402,6.466,6.476,3,4,7.93,10.413,10.425,3,12,,,,,,,,,,,,,,,,,,,,,,,,,,,,,,,,,,,,,,,,,,,,,,,,,,,,,,,,,,,,,,,,,,,,,,,,,,,,,,,,,,,,,,,,,,,5.821,11.681,11.689,5,"3,5,15",8.117,14.95,14.962,6,"1,10,14",7.119,11.745,11.753,5,"2,5,6",7.394,15.001,15.01,6,"5,13,14",11.362,16.568,16.577,5,"2,4,6",7.255,11.683,11.691,5,"7,11,16",,,,,,,,,,,,,,,,,,,,,,,,,,,,,,,,,,,,,,,,,,,,,,,,,,,,,,,,,,,,,,,,,,,,,,,,,,,,,,,,,,,,,,,,,,,,,,,,,,,,,,,,,,,,,,,,,,,,,,,,,,,,,,,,,,,,,,,,,,,,,,,,,,,,,,,,,,,,,,,,,,,,,,,,,,,,,,,,,,,,,8.531,10.44,10.45,3,1,7.828,10.13,10.14,3,16,6.252,10.302,10.314,4,13,6.367,10.932,10.942,4,16,8.678,11.214,11.222,3,10,13.777,16.543,16.552,3,1,,,,,,,,,,,,,,,,,,,,,,,,,,,,,,,,,,,,,,,,,,,,,,,,,,,,,,,,,,,,,,,,,,,,,,,,,,,,,,,,,,,,,,,,,,,,,,,,,,,,,,,,,,,,,,,,,,,,,,,,,7.025,9.558,9.566,3,1,,,,,,,,,,,,,,,,,,,,,,,,,,,,,,,,,,,,,,,,,,,,,,,,,,,,,,,,,,,,,,,,,,,,,,,,,,,,,,,,,,,,,,,,,,,,,,,,,,,,,,,,,,,,,,,,,,,,,,,,,6.501,11.078,11.085,5,"1,5,10",4.438,8.881,8.889,5,"1,5,9",5.176,9.932,9.942,5,"1,9,16",7.944,12.143,12.152,5,"3,6,12",5.317,12.973,12.983,5,"10,14,15",8.408,12.272,12.284,5,"1,14,15",,,,,,,,,,,,,,,,,,,,,,,,,,,,,,,,,,,,,,,,,,,,,,,,,,,,,,,,,,,,,,,,,,,,,,,,,,,,,,,,,,,,,,,,,,,8.761,13.887,13.896,4,52,3.926,6.448,6.461,3,58,5.515,6.471,6.48,2,37,6.392,7.472,7.482,2,76,5.391,8.108,8.118,3,47,6.417,8.971,8.979,3,32,,,,,,,,,,,,,,,,,,,,,,,,,,,,,,,,,,,,,,,,,,,,,,,,,,,,,,,,,,,,,,,,,,,,,,,,,,,,,,,,,,,,,,,,,,,6.142,11.298,11.309,3,Decreasing,6.135,8.707,8.717,3,Increasing,7.201,10.486,10.495,3,Decreasing,5.789,8.893,8.901,3,Decreasing,7.804,10.04,10.051,3,Increasing,7.818,11.398,11.407,3,Decreasing,,,,,,,,,,,,,,,,,,,,,,,,,,,,,,,,,,,,,,,,,,,,,,,,,,,,,,,,,,,,,,,,,,,,,,,,,,,,,,,,,,,,,,,,,,,,,,,,,,,,,,,,,,,,,,,,,,,,,,,,,,,,,,,,,,,,,,,,,,,,,,,,,,,,,,,Somewhat easy,Somewhat easy,Somewhat easy,Very easy,Very easy,Somewhat easy,when the number was a large or small box in relation to others,none,45-54 years old,Female,,White or Caucasian,No,Corrected to normal,,3,1,2,5,3,1
9/16/24 8:59,9/16/24 9:14,100,908,TRUE,9/16/24 9:14,R_6dotE0U2JYk3RWS,anonymous,EN,I confirm,"I am using a desktop or laptop computer to take this survey,I have made my browser window full screen",5,1,12,2,11,7,6,"5,11,13","2,6,15",63,Increasing,,,,,,,,,,,,,,,,,,,,,,,,,,,,,,,,,,,,,,,,,,,,,,,,,,,,,,,,,,,,,6.133,7.308,7.31,2,4,8.208,9.433,9.435,2,7,3.85,4.71,4.712,2,1,4.921,5.85,5.851,2,2,4.156,5.105,5.106,2,4,8.283,9.38,9.382,3,12,,,,,,,,,,,,,,,,,,,,,,,,,,,,,,,,,,,,,,,,,,,,,,,,,,,,,,,,,,,,,,,,,,,,,,,,,,,,,,,,,,,,,,,,,,,,,,,,,,,,,,,,,,,,,,,,,,,,,,,,,,,,,,,,,,,,,,,,,,,,,,,,,,,,,,,,,,,,,,,,,,,,,,,,,,,,,,,,,,,,,7.925,10.163,10.164,4,"5,13,14",14.428,17.864,17.867,5,"2,6,7",9.093,11.51,11.513,4,"11,13,14",5.852,9.549,9.551,5,"3,5,8",3.997,11.931,11.933,6,"1,2,14",10.771,12.975,12.977,4,"2,5,12",,,,,,,,,,,,,,,,,,,,,,,,,,,,,,,,,,,,,,,,,,,,,,,,,,,,,,,,,,,,,7.683,8.618,8.619,2,15,5.017,5.936,5.938,2,7,4.659,5.39,5.392,2,16,4.105,5.571,5.573,2,13,5.358,5.953,5.954,2,16,7.36,8.676,8.678,3,10,,,,,,,,,,,,,,,,,,,,,,,,,,,,,,,,,,,,,,,,,,,,,,,,,,,,,,,,,,,,,,,,,,,,,,,,,,,,,,,,,,,,,,,,,,,,,,,,,,,,,,,,,,,,,,,,,,,,,,,,,,,,,,,,,,,,,,,,,,,,,,,,,,,,,,,3.553,4.156,4.157,2,16,,,,,,,,,,,,,,,,,,,,,,,,,,,,,,,6.235,8.147,8.149,4,"3,6,12",7.394,11.772,11.775,4,"8,14,16",4.556,7.292,7.294,5,"1,12,13",9.217,11.284,11.286,4,"3,4,10",7.056,9.798,9.8,4,"5,9,11",6.621,9.028,9.029,5,"1,7,16",,,,,,,,,,,,,,,,,,,,,,,,,,,,,,,,,,,,,,,,,,,,,,,,,,,,,,,,,,,,,,,,,,,,,,,,,,,,,,,,,,,,,,,,,,,,,,,,,,,,,,,,,,,,,,,,,,,,,,,,,3.324,4.161,4.162,2,47,3.261,4.883,4.885,2,32,3.494,4.64,4.642,2,52,3.075,4.023,4.025,2,58,3.362,4.201,4.202,2,37,4.019,5.217,5.219,2,76,,,,,,,,,,,,,,,,,,,,,,,,,,,,,,,,,,,,,,,,,,,,,,,,,,,,,,,,,,,,,,,,,,,,,,,,,,,,,,,,,,,,,,,,,,,,,,,,,,,,,,,,,,,,,,,,,,,,,,,,,,,,,,,,,,,,,,,,,,,,,,,,,,,,,,,,,,,,,,,,,,,,,,,,,,,,,,,,,,,,,,,,,,,,,,,,,,,,,,,,,,,,,,,,,,,3.599,4.781,4.784,2,Decreasing,5.096,5.854,5.855,2,Decreasing,6.368,7.43,7.431,2,Increasing,4.336,5.944,5.945,3,Decreasing,4.669,6.205,6.206,2,Decreasing,3.887,5.721,5.722,2,Increasing,,,,,,,,,,,,,,,,,,,,,,,,,,,,,,,,,,,,,,,,,,,,,,,,,,,,,,,,,,,,,,,,,,,,,,,,,,,,,,,,,,,,,,,,,,,Somewhat difficult,Somewhat easy,Very easy,Somewhat difficult,Very easy,Somewhat difficult,E and C are easiest because of the box size corresponding to outputs,no,25-34 years old,Female,,White or Caucasian,No,Normal,,3,4,1,2,1,3
9/16/24 8:57,9/16/24 9:14,100,1024,TRUE,9/16/24 9:14,R_34ph5UODQXR7bOP,anonymous,EN,I confirm,"I am using a desktop or laptop computer to take this survey,I have made my browser window full screen",5,1,12,2,11,7,6,"5,13,16","6,7,15",63,Increasing,,,,,,,,,,,,,,,,,,,,,,,,,,,,,,,,,,,,,,,,,,,,,,,,,,,,,,,,,,,,,,,,,,,,,,,,,,,,,,,,,,,,,,,,,,,,,,,,,,,,,,,,,,,,,,,,,,,,,,,,,4.878,8.469,8.472,2,1,7.98,9.283,9.287,2,2,3.945,5.882,5.887,2,4,7.004,8.758,8.761,2,12,3.121,4.875,4.879,2,4,8.065,13.076,13.078,2,7,,,,,,,,,,,,,,,,,,,,,,,,,,,,,,,,,,,,,,,,,,,,,,,,,,,,,,,,,,,,,2.595,14.944,14.947,7,"1,11,14",4.061,15.525,15.528,5,"2,5,6",5.713,16.375,16.378,5,"5,13,14",3.573,21.229,21.232,5,"2,6,7",7.147,31.207,31.21,7,"11,14,16",4.427,19.212,19.215,5,"5,8,15",,,,,,,,,,,,,,,,,,,,,,,,,,,,,,,,,,,,,,,,,,,,,,,,,,,,,,,,,,,,,,,,,,,,,,,,,,,,,,,,,,,,,,,,,,,,,,,,,,,,,,,,,,,,,,,,,,,,,,,,,,,,,,,,,,,,,,,,,,,,,,,,,,,,,,,6.94,8.861,8.865,2,7,6.887,8.207,8.211,2,16,7.289,8.809,8.813,2,13,5.718,7.955,7.958,2,16,5.412,8.803,8.806,2,10,8.125,12.95,12.954,2,15,,,,,,,,,,,,,,,,,,,,,,,,,,,,,,,,,,,,,,,,,,,,,,,,,,,,,,,,,,,,,,,,,,,,,,,,,,,,,,,,,,,,,,,,,,,,,,,,,,,,,,,,,,,,,,,,,,,,,,,,,6.434,13.878,13.881,3,1,,,,,,,,,,,,,,,,,,,,,,,,,,,,,,,,,,,,,,,,,,,,,,,,,,,,,,,,,,,,,2.724,12.437,12.44,5,"3,8,14",4.132,11.909,11.912,5,"1,12,13",2.864,14.979,14.984,7,"4,5,10",2.923,18.543,18.547,7,"8,9,11",3.572,18.791,18.794,5,"1,9,16",3.349,10.509,10.515,5,"3,6,12",,,,,,,,,,,,,,,,,,,,,,,,,,,,,,,,,,,,,,,,,,,,,,,,,,,,,,,,,,,,,,,,,,,,,,,,,,,,,,,,,,,,,,,,,,,3.904,5.157,5.161,2,47,3.806,5.042,5.047,2,32,4.622,6.226,6.231,2,52,4.771,6.607,6.611,2,58,5.616,6.87,6.873,2,37,4.089,5.245,5.248,2,76,,,,,,,,,,,,,,,,,,,,,,,,,,,,,,,,,,,,,,,,,,,,,,,,,,,,,,,,,,,,,,,,,,,,,,,,,,,,,,,,,,,,,,,,,,,,,,,,,,,,,,,,,,,,,,,,,,,,,,,,,,,,,,,,,,,,,,,,,,,,,,,,,,,,,,,,,,,,,,,,,,,,,,,,,,,,,,,,,,,,,3.559,5.131,5.134,2,Increasing,4.629,5.766,5.77,2,Decreasing,4.639,6.109,6.112,2,Decreasing,3.757,7.58,7.583,2,Staying the same,1.178,8.437,8.44,3,Decreasing,12.286,16.741,16.744,4,Staying the same,,,,,,,,,,,,,,,,,,,,,,,,,,,,,,,,,,,,,,,,,,,,,,,,,,,,,,,,,,,,,,,,,,,,,,,,,,,,,,,,,,,,,,,,,,,,,,,,,,,,,,,,,,,,,,,,,,,,,,,,,Somewhat difficult,Somewhat easy,Very easy,Somewhat easy,Very easy,Neither easy nor difficult,The ones with bigger and smaller numbers were easiest to use because the eye can quickly see which is the largest and smallest  endpoint.,Thank you,35-44 years old,Female,,White or Caucasian,No,Corrected to normal,,5,2,2,3,1,2
9/16/24 8:54,9/16/24 9:15,100,1234,TRUE,9/16/24 9:15,R_6wFwwtUGvx0QJpH,anonymous,EN,I confirm,"I am using a desktop or laptop computer to take this survey,I have made my browser window full screen",5,1,12,2,11,7,6,"5,13,14","1,2,7",63,Increasing,,,,,,,,,,,,,,,,,,,,,,,,,,,,,,,7.95,8.514,8.516,2,12,5.222,7.121,7.123,2,4,6.969,7.623,7.625,2,7,5.256,6.678,6.68,2,1,8.035,8.823,8.825,2,2,6.529,7.364,7.365,2,4,,,,,,,,,,,,,,,,,,,,,,,,,,,,,,,,,,,,,,,,,,,,,,,,,,,,,,,,,,,,,,,,,,,,,,,,,,,,,,,,,,,,,,,,,,,,,,,,,,,,,,,,,,,,,,,,,,,,,,,,,,,,,,,,,,,,,,,,,,,,,,,,,,,,,,,2.048,9.774,9.777,4,"1,2,11",3.151,10.497,10.499,5,"2,7,12",5.373,12.643,12.645,5,"5,11,14",2.942,7.624,7.626,4,"2,6,7",9.646,19.892,19.894,5,"7,11,16",10.966,19.64,19.642,5,"5,8,15",,,,,,,,,,,,,,,,,,,,,,,,,,,,,,,,,,,,,,,,,,,,,,,,,,,,,,,,,,,,,,,,,,,,,,,,,,,,,,,,,,,,,,,,,,,,,,,,,,,,,,,,,,,,,,,,,,,,,,,,,,,,,,,,,,,,,,,,,,,,,,,,,,,,,,,,,,,,,,,,,,,,,,,,,,,,,,,,,,,,,,,,,,,,,,,,,,,,,,,,,,,,,,,,,,,,,,,,,,,,,,,,,,,,,,,,,,,,,,,,,,,,,,,,,,,,,,,,,,,,,,,,,,,,,,,2.828,11.696,11.698,4,12,4.02,7.148,7.15,2,15,4.786,7.166,7.168,2,7,7.624,8.296,8.298,2,16,6.27,7.77,7.772,2,13,4.099,15.524,15.526,4,16,4.44,6.24,6.242,2,16,,,,,,,,,,,,,,,,,,,,,,,,,,,,,,,,,,,,,,,,,,,,,,,,,,,,,,,,,,,,,,,,,,,,,,,,,,,,,,,,,,,,,,,,,,,3.988,9.574,9.576,4,"1,11,12",8.106,14,14.002,4,"4,5,10",3.514,14.915,14.918,5,"5,8,9",2.771,10.479,10.481,4,"1,7,16",3.123,7.645,7.647,4,"3,6,7",2.517,9.599,9.601,4,"3,8,14",,,,,,,,,,,,,,,,,,,,,,,,,,,,,,,,,,,,,,,,,,,,,,,,,,,,,,,,,,,,,,,,,,,,,,,,,,,,,,,,,,,,,,,,,,,,,,,,,,,,,,,,,,,,,,,,,,,,,,,,,,,,,,,,,,,,,,,,,,,,,,,,,,,,,,,3.297,4.217,4.219,2,58,3.433,4.206,4.208,2,37,3.241,7.602,7.605,6,76,3.35,4.246,4.248,2,47,4.109,5.519,5.521,2,32,4.513,5.439,5.441,2,52,,,,,,,,,,,,,,,,,,,,,,,,,,,,,,,,,,,,,,,,,,,,,,,,,,,,,,,,,,,,,,,,,,,,,,,,,,,,,,,,,,,,,,,,,,,,,,,,,,,,,,,,,,,,,,,,,,,,,,,,,,,,,,,,,,,,,,,,,,,,,,,,,,,,,,,,,,,,,,,,,,,,,,,,,,,,,,,,,,,,,,,,,,,,,,,,,,,,,,,,,,,,,,,,,,,3.531,5.167,5.17,2,Decreasing,5.111,9.365,9.367,3,Staying the same,4.108,4.996,4.998,2,Increasing,5.044,5.954,5.956,2,Decreasing,3.836,4.508,4.51,2,Decreasing,4.482,5.68,5.683,2,Increasing,Somewhat difficult,Somewhat easy,Somewhat easy,Very easy,Neither easy nor difficult,Somewhat difficult,"The easiest to use were design D. It gave a visual representation of the value without compromising the ability to read the number.  The worst was probably design E.  It was always in the same space, smaller values were hard to read, and it felt disconnected from the graph.",No,25-34 years old,Female,,White or Caucasian,No,Normal,,2,2,6,4,4,6
9/16/24 9:01,9/16/24 9:16,100,851,TRUE,9/16/24 9:16,R_2psMvq3dyzjgAvL,anonymous,EN,I confirm,"I am using a desktop or laptop computer to take this survey,I have made my browser window full screen",5,1,12,2,11,7,6,"5,13,14","1,2,15",63,Increasing,,,,,,,,,,,,,,,,,,,,,,,,,,,,,,,,,,,,,,,,,,,,,,,,,,,,,,,,,,,,,6.671,8.168,8.17,2,4,12.858,13.568,13.57,2,7,4.641,5.941,5.943,2,1,7.56,9.161,9.163,2,2,5.566,6.965,6.968,2,4,9.002,10.448,10.45,2,12,,,,,,,,,,,,,,,,,,,,,,,,,,,,,,,,,,,,,,,,,,,,,,,,,,,,,,,,,,,,,,,,,,,,,,,,,,,,,,,,,,,,,,,,,,,,,,,,,,,,,,,,,,,,,,,,,,,,,,,,,,,,,,,,,,,,,,,,,,,,,,,,,,,,,,,,,,,,,,,,,,,,,,,,,,,,,,,,,,,,,,,,,,,,,,,,,,,,,,,,,,,,,,,,,,,,,,,,,,,,,,,,,,,,,,,,,,,,,,,,,2.624,12.65,12.651,4,"13,14,16",4.798,10.412,10.415,4,"5,8,15",3.692,8.076,8.078,4,"1,2,14",5.137,10.274,10.276,4,"5,6,12",4.939,8.479,8.48,4,"13,14,16",5.122,10.855,10.857,4,"2,9,10",,,,,,,,,,,,,,,,,,,,,,,,,,,,,,,,,,,,,,,,,,,,,,,,,,,,,,,,,,,,,7.042,7.747,7.748,2,16,6.894,7.659,7.661,2,13,5.154,6.917,6.919,4,16,5.328,6.732,6.734,3,10,6.098,7.223,7.225,2,15,10.113,13.073,13.074,4,7,,,,,,,,,,,,,,,,,,,,,,,,,,,,,,,,,,,,,,,,,,,,,,,,,,,,,,,,,,,,,,,,,,,,,,,,,,,,,,,,,,,,,,,,,,,3.588,4.449,4.451,2,16,,,,,,,,,,,,,,,,,,,,,,,,,,,,,,,,,,,,,,,,,,,,,,,,,,,,,,,,,,,,,,,,,,,,,,,,,,,,,,,,,,,,,,,,,,,,,,,,,,,,,,,,,,,,,,,,,,,,,,,,,,,,,,,,,,,,,,,,,,,,,,,,,,,,,,,4.579,12.754,12.756,6,"9,11,12",5.292,15.868,15.869,4,"2,9,16",3.938,7.228,7.23,4,"6,7,12",5.209,9.14,9.142,4,"8,14,15",2.738,10.383,10.385,4,"1,12,13",5.879,11.607,11.609,4,"4,10,12",,,,,,,,,,,,,,,,,,,,,,,,,,,,,,,,,,,,,,,,,,,,,,,,,,,,,,,,,,,,,,,,,,,,,,,,,,,,,,,,,,,,,,,,,,,,,,,,,,,,,,,,,,,,,,,,,,,,,,,,,,,,,,,,,,,,,,,,,,,,,,,,,,,,,,,4.126,4.841,4.843,2,76,3.188,4.068,4.07,2,47,3.343,4.143,4.145,2,32,4.263,5.01,5.012,2,52,3.18,4.127,4.128,2,58,2.881,3.607,3.609,2,37,,,,,,,,,,,,,,,,,,,,,,,,,,,,,,,,,,,,,,,,,,,,,,,,,,,,,,,,,,,,,,,,,,,,,,,,,,,,,,,,,,,,,,,,,,,3.203,4.049,4.051,2,Decreasing,5.259,6.511,6.513,2,Increasing,3.193,3.855,3.856,2,Decreasing,6.425,7.305,7.306,2,Staying the same,2.524,3.459,3.46,2,Increasing,3.726,5.536,5.539,4,Decreasing,,,,,,,,,,,,,,,,,,,,,,,,,,,,,,,,,,,,,,,,,,,,,,,,,,,,,,,,,,,,,Neither easy nor difficult,Somewhat easy,Very easy,Somewhat easy,Very easy,Neither easy nor difficult,"The easiest were designs C & E. The larger or smaller final output numbers made it easier to quickly locate them. Design F was the worst, there was too much information up top and made it harder to quickly locate and read accurately. ",N/A,25-34 years old,Male,,White or Caucasian,No,Corrected to normal,,3,6,3,6,6,4
9/16/24 9:02,9/16/24 9:17,100,891,TRUE,9/16/24 9:17,R_5gBGMRwdx3fqT2d,anonymous,EN,I confirm,"I am using a desktop or laptop computer to take this survey,I have made my browser window full screen",5,1,12,2,11,7,6,"5,13,14","1,2,15",63,Increasing,,,,,,,,,,,,,,,,,,,,,,,,,,,,,,,,,,,,,,,,,,,,,,,,,,,,,,,,,,,,,,,,,,,,,,,,,,,,,,,,,,,,,,,,,,,,,,,,,,,,,,,,,,,,,,,,,,,,,,,,,5.782,7.009,7.012,2,1,4.28,6.014,6.017,2,2,5.323,6.715,6.719,2,4,6.021,7.666,7.669,2,12,3.926,5.056,5.058,2,4,10.432,11.222,11.226,2,7,,,,,,,,,,,,,,,,,,,,,,,,,,,,,,,,,,,,,,,,,,,,,,,,,,,,,,,,,,,,,,,,,,,,,,,,,,,,,,,,,,,,,,,,,,,3.079,12.841,12.844,4,"2,5,12",5.22,10.011,10.014,4,"5,13,14",3.473,9.058,9.06,4,"2,6,7",6.498,10.501,10.504,4,"13,14,16",4.168,12.694,12.697,4,"5,8,15",3.459,13.058,13.06,4,"1,10,11",,,,,,,,,,,,,,,,,,,,,,,,,,,,,,,,,,,,,,,,,,,,,,,,,,,,,,,,,,,,,,,,,,,,,,,,,,,,,,,,,,,,,,,,,,,,,,,,,,,,,,,,,,,,,,,,,,,,,,,,,,,,,,,,,,,,,,,,,,,,,,,,,,,,,,,,,,,,,,,,,,,,,,,,,,,,,,,,,,,,,,,,,,,,,,,,,,,,,,,,,,,,,,,,,,,8.086,9.17,9.173,2,16,6.167,6.962,6.966,2,10,5.264,5.907,5.909,2,15,9.91,10.842,10.846,2,7,4.012,4.648,4.651,2,16,7.972,8.693,8.696,2,13,,,,,,,,,,,,,,,,,,,,,,,,,,,,,,,6.484,7.691,7.692,2,1,,,,,,,,,,,,,,,,,,,,,,,,,,,,,,,,,,,,,,,,,,,,,,,,,,,,,,,,,,,,,,,,,,,,,,,,,,,,,,,,,,,,,,,,,,,,,,,,,,,,,,,,,,,,,,,,,,,,,,,,,,,,,,,,,,,,,,,,,,,,,,,,,,,,,,,5.661,11.22,11.224,4,"9,10,11",6.682,12.904,12.907,4,"1,7,16",3.66,8.718,8.72,4,"6,7,12",5.993,14.393,14.395,4,"3,8,14",3.339,12.635,12.638,4,"1,12,13",4.319,9.997,9.999,4,"4,5,10",2.786,4.042,4.045,2,47,3.06,3.957,3.961,2,32,3.936,4.759,4.762,2,52,4.665,5.93,5.933,2,58,4.682,5.58,5.585,2,37,2.846,3.632,3.636,2,76,,,,,,,,,,,,,,,,,,,,,,,,,,,,,,,,,,,,,,,,,,,,,,,,,,,,,,,,,,,,,,,,,,,,,,,,,,,,,,,,,,,,,,,,,,,,,,,,,,,,,,,,,,,,,,,,,,,,,,,,,,,,,,,,,,,,,,,,,,,,,,,,,,,,,,,,,,,,,,,,,,,,,,,,,,,,,,,,,,,,,,,,,,,,,,,,,,,,,,,,,,,,,,,,,,,,,,,,,,,,,,,,,,,,,,,,,,,,,,,,,,,,,,,,,,,,,,,,,,,,,,,,,,,,,,,,,,,,,,,,,,,,,,,,,,,,,,,,,,,,,4.179,4.923,4.926,2,Decreasing,4.472,5.658,5.662,2,Decreasing,3.918,4.693,4.695,2,Increasing,4.432,5.285,5.288,2,Decreasing,3.862,5.088,5.092,3,Decreasing,5.479,6.13,6.132,2,Increasing,Somewhat easy,Somewhat easy,Very easy,Somewhat easy,Very easy,Somewhat difficult,Design C was the easiest because the size of the marker correlated with the size of the increase/decrease. . Design F was the hardest because the additional graph was confusin. ,No,25-34 years old,Female,,White or Caucasian,No,Normal,,5,3,5,6,1,6
9/16/24 8:57,9/16/24 9:17,100,1235,TRUE,9/16/24 9:17,R_1f3KVl4ZSTOZ4K5,anonymous,EN,I confirm,"I am using a desktop or laptop computer to take this survey,I have made my browser window full screen",5,1,12,2,11,7,6,"11,13,14","1,2,15",63,Increasing,,,,,,,,,,,,,,,,,,,,,,,,,,,,,,,,,,,,,,,,,,,,,,,,,,,,,,,,,,,,,,,,,,,,,,,,,,,,,,,,,,,,,,,,,,,,,,,,,,,,,,,,,,,,,,,,,,,,,,,,,8.123,9.597,9.602,2,1,9.449,10.693,10.702,2,2,5.39,6.667,6.675,2,4,7.832,8.717,8.729,2,12,7.938,9.396,9.403,3,4,9.17,10.144,10.153,2,7,,,,,,,,,,,,,,,,,,,,,,,,,,,,,,,10.722,13.53,13.539,4,"3,5,13",5.57,9.844,9.85,5,"1,2,10",9.501,12.289,12.297,4,"5,6,12",6.881,9.746,9.755,4,"5,11,14",5.888,8.482,8.488,5,"6,7,9",6.542,9.773,9.779,4,"7,14,16",,,,,,,,,,,,,,,,,,,,,,,,,,,,,,,,,,,,,,,,,,,,,,,,,,,,,,,,,,,,,,,,,,,,,,,,,,,,,,,,,,,,,,,,,,,,,,,,,,,,,,,,,,,,,,,,,,,,,,,,,,,,,,,,,,,,,,,,,,,,,,,,,,,,,,,,,,,,,,,,,,,,,,,,,,,,,,,,,,,,,,,,,,,,,,,,,,,,,,,,,,,,,,,,,,,8.722,9.489,9.498,2,16,8.039,8.855,8.864,2,13,8.127,8.849,8.858,2,16,7.155,8.339,8.346,2,10,5.796,7.699,7.709,3,15,9.133,10.05,10.057,2,7,,,,,,,,,,,,,,,,,,,,,,,,,,,,,,,,,,,,,,,,,,,,,,,,,,,,,,,,,,,,,,,,,,,,,,,,,,,,,,,,,,,,,,,,,,,9.531,10.701,10.708,2,1,,,,,,,,,,,,,,,,,,,,,,,,,,,,,,,,,,,,,,,,,,,,,,,,,,,,,,,,,,,,,,,,,,,,,,,,,,,,,,,,,,,,,,,,,,,,,,,,,,,,,,,,,,,,,,,,,,,,,,,,,3.314,6.732,6.739,4,"5,10,12",3.394,7.865,7.874,4,"5,9,11",7.158,9.972,9.98,4,"1,7,16",12.862,15.415,15.421,4,"3,6,12",6.126,10.328,10.332,5,"8,15,16",4.956,8.443,8.449,4,"1,11,13",,,,,,,,,,,,,,,,,,,,,,,,,,,,,,,,,,,,,,,,,,,,,,,,,,,,,,,,,,,,,6.008,7.223,7.229,2,32,4.066,5.53,5.538,3,52,5.253,6.831,6.84,2,58,4.849,6.502,6.511,3,37,5.499,6.655,6.663,2,76,4.741,5.924,5.932,2,47,,,,,,,,,,,,,,,,,,,,,,,,,,,,,,,,,,,,,,,,,,,,,,,,,,,,,,,,,,,,,,,,,,,,,,,,,,,,,,,,,,,,,,,,,,,,,,,,,,,,,,,,,,,,,,,,,,,,,,,,,,,,,,,,,,,,,,,,,,,,,,,,,,,,,,,,,,,,,,,,,,,,,,,,,,,,,,,,,,,,,,,,,,,,,,,,,,,,,,,,,,,,,,,,,,,,,,,,,,,,,,,,,,,,,,,,,,,,,,,,,5.995,11.909,11.913,5,Staying the same,5.096,6.681,6.688,2,Decreasing,9.751,11.815,11.824,2,Staying the same,3.38,12.674,12.682,5,Increasing,4.009,5.685,5.691,2,Decreasing,5.296,7.156,7.168,2,Decreasing,,,,,,,,,,,,,,,,,,,,,,,,,,,,,,,Somewhat easy,Very easy,Very easy,Somewhat easy,Somewhat easy,Neither easy nor difficult,Design C was my favorite. It was easy to locate and follow the graph.,no,18-24 years old,Female,,White or Caucasian,No,Corrected to normal,,5,1,3,5,2,5
9/16/24 8:59,9/16/24 9:18,100,1109,TRUE,9/16/24 9:18,R_149OXiD3I9UGX0l,anonymous,EN,I confirm,"I am using a desktop or laptop computer to take this survey,I have made my browser window full screen",5,1,12,2,11,7,6,"5,13,14","1,2,15",63,Increasing,,,,,,,,,,,,,,,,,,,,,,,,,,,,,,,7.466,8.237,8.24,2,12,5.179,8.005,8.007,3,4,5.334,6.906,6.907,2,7,4.005,4.813,4.816,2,1,4.773,5.677,5.681,2,2,5.423,6.413,6.416,2,4,,,,,,,,,,,,,,,,,,,,,,,,,,,,,,,,,,,,,,,,,,,,,,,,,,,,,,,,,,,,,,,,,,,,,,,,,,,,,,,,,,,,,,,,,,,,,,,,,,,,,,,,,,,,,,,,,,,,,,,,,,,,,,,,,,,,,,,,,,,,,,,,,,,,,,,,,,,,,,,,,,,,,,,,,,,,,,,,,,,,,,,,,,,,,,,,,,,,,,,,,,,,,,,,,,,5.092,11.484,11.487,4,"5,13,14",2.726,10.055,10.058,4,"2,6,9",6.829,10.961,10.964,4,"11,14,16",5.56,10.862,10.863,4,"3,5,8",2.315,16.346,16.349,8,"1,2,11",4.111,10.464,10.467,4,"2,5,12",,,,,,,,,,,,,,,,,,,,,,,,,,,,,,,,,,,,,,,,,,,,,,,,,,,,,,,,,,,,,7.615,8.833,8.835,2,15,5.56,9.272,9.274,3,7,3.241,4.293,4.295,2,16,3.204,4.508,4.509,2,13,4.953,5.895,5.898,2,16,9.469,12.405,12.407,3,10,,,,,,,,,,,,,,,,,,,,,,,,,,,,,,,,,,,,,,,,,,,,,,,,,,,,,,,,,,,,,,,,,,,,,,,,,,,,,,,,,,,,,,,,,,,,,,,,,,,,,,,,,,,,,,,,,,,,,,,,,,,,,,,,,,,,,,,,,,,,,,,,,,,,,,,6.71,8.052,8.054,2,1,,,,,,,,,,,,,,,,,,,,,,,,,,,,,,,,,,,,,,,,,,,,,,,,,,,,,,,,,,,,,5.619,11.744,11.746,4,"3,8,14",2.726,11.216,11.218,4,"1,12,13",4.557,13.658,13.661,6,"4,5,10",6.11,12.524,12.527,4,"5,8,9",3.856,13.617,13.62,4,"1,9,16",4.462,12.297,12.3,4,"6,9,12",,,,,,,,,,,,,,,,,,,,,,,,,,,,,,,,,,,,,,,,,,,,,,,,,,,,,,,,,,,,,,,,,,,,,,,,,,,,,,,,,,,,,,,,,,,,,,,,,,,,,,,,,,,,,,,,,,,,,,,,,,,,,,,,,,,,,,,,,,,,,,,,,,,,,,,,,,,,,,,,,,,,,,,,,,,,,,,,,,,,,3.16,4.252,4.255,3,58,3.04,3.778,3.781,2,37,3.95,4.719,4.721,2,76,3.075,3.877,3.88,2,47,3.374,4.04,4.042,2,32,10.687,11.667,11.671,2,52,,,,,,,,,,,,,,,,,,,,,,,,,,,,,,,,,,,,,,,,,,,,,,,,,,,,,,,,,,,,,,,,,,,,,,,,,,,,,,,,,,,,,,,,,,,,,,,,,,,,,,,,,,,,,,,,,,,,,,,,,3.451,4.298,4.301,2,Decreasing,2.802,3.556,3.557,2,Decreasing,7.075,7.971,7.974,2,Increasing,4.227,4.893,4.896,2,Decreasing,4.722,5.782,5.783,2,Staying the same,4.171,5.207,5.208,2,Increasing,,,,,,,,,,,,,,,,,,,,,,,,,,,,,,,,,,,,,,,,,,,,,,,,,,,,,,,,,,,,,,,,,,,,,,,,,,,,,,,,,,,,,,,,,,,Somewhat easy,Neither easy nor difficult,Very easy,Very easy,Very easy,Somewhat easy,"The larger/smaller numbers(C) based on their levels was probably the easiest visually, along with the bar graph (D).  The hardest was probably E.  While the bar graph was nice, it was almost harder to adjust to as everything was on the same line and not as visually pronounced.",none,55-64 years old,Female,,White or Caucasian,No,Normal,,2,4,1,3,4,3
9/16/24 9:00,9/16/24 9:18,100,1078,TRUE,9/16/24 9:18,R_5kNSI1ozNQar4OJ,anonymous,EN,I confirm,"I am using a desktop or laptop computer to take this survey,I have made my browser window full screen",5,1,12,2,11,7,6,"5,13,16","1,2,15",63,Increasing,8.423,10.992,11.006,3,4,5.893,8.341,8.352,3,12,4.429,6.876,6.885,3,4,5.814,8.212,8.224,3,7,3.656,6.151,6.165,3,1,8.128,10.985,10.997,3,2,,,,,,,,,,,,,,,,,,,,,,,,,,,,,,,,,,,,,,,,,,,,,,,,,,,,,,,,,,,,,,,,,,,,,,,,,,,,,,,,,,,,,,,,,,,,,,,,,,,,,,,,,,,,,,,,,,,,,,,,,,,,,,,,,,,,,,,,,,,,,,,,,,,,,,,,,,,,,,,,,,,,,,,,,,,,,,,,,,,,,,,,,,,,,,,,,,,,,,,,,,,,,,,,,,,,,,,,,,,,,,,,,,,,,,,,,,,,,,,,,,,,,,,,,,,,,,,,,,,,,,,,,,,,,,,5.007,10.262,10.27,5,"2,6,9",8.602,14.351,14.361,7,"11,13,16",3.655,13.089,13.1,6,"3,8,15",4.211,14.257,14.268,6,"1,11,14",1.587,27.107,27.118,11,"2,5,12",7.115,12.146,12.149,5,"5,11,13",,,,,,,,,,,,,,,,,,,,,,,,,,,,,,,,,,,,,,,,,,,,,,,,,,,,,,,,,,,,,,,,,,,,,,,,,,,,,,,,,,,,,,,,,,,,,,,,,,,,,,,,,,,,,,,,,,,,,,,,,,,,,,,,,,,,,,,,,,,,,,,,,,,,,,,,,,,,,,,,,,,,,,,,,,,,,,,,,,,,,8.045,10.129,10.138,3,14,6.168,8.695,8.709,3,15,9.053,10.974,10.984,3,7,6.771,10.165,10.175,4,16,4.684,11.905,11.914,4,13,5.582,9.343,9.347,3,16,7.793,15.253,15.266,6,16,,,,,,,,,,,,,,,,,,,,,,,,,,,,,,,4.643,9.151,9.161,6,"6,9,12",6.357,10.869,10.88,6,"3,8,14",6.634,11.184,11.193,5,"12,13,15",4.606,8.274,8.284,5,"4,5,10",7.758,11.055,11.065,5,"8,11,12",5.89,10.221,10.23,5,"1,7,9",,,,,,,,,,,,,,,,,,,,,,,,,,,,,,,,,,,,,,,,,,,,,,,,,,,,,,,,,,,,,,,,,,,,,,,,,,,,,,,,,,,,,,,,,,,,,,,,,,,,,,,,,,,,,,,,,,,,,,,,,,,,,,,,,,,,,,,,,,,,,,,,,,,,,,,,,,,,,,,,,,,,,,,,,,,,,,,,,,,,,,,,,,,,,,,,,,,,,,,,,,,,,,,,,,,,,,,,,,,,,,,,,,,,,,,,,,,,,,,,,,,,,,,,,,,,,,,,,,,,,,,,,,,,,,,2.774,5.404,5.414,3,76,3.23,5.536,5.546,3,47,2.28,5.053,5.065,3,32,4.072,6.877,6.886,3,52,2.468,6.447,6.45,4,58,2.725,5.145,5.155,3,37,1.827,5.319,5.329,4,Staying the same,2.9,5.119,5.124,3,Increasing,2.957,4.982,4.989,3,Decreasing,3.467,5.748,5.759,3,Increasing,2.852,5.965,5.974,3,Increasing,3.442,5.936,5.946,3,Decreasing,,,,,,,,,,,,,,,,,,,,,,,,,,,,,,,,,,,,,,,,,,,,,,,,,,,,,,,,,,,,,,,,,,,,,,,,,,,,,,,,,,,,,,,,,,,,,,,,,,,,,,,,,,,,,,,,,,,,,,,,,,,,,,,,,,,,,,,,,,,,,,,,,,,,,,,Somewhat easy,Somewhat easy,Very easy,Somewhat easy,Very easy,Somewhat difficult,The ones where the boxes were larger or smaller based on output were the easiest to use.  the ones with the bar and number on top were the hardest as it was distracting from the information. ,nope!,35-44 years old,Male,,White or Caucasian,No,Corrected to normal,,1,5,6,2,6,1
9/16/24 8:59,9/16/24 9:19,100,1208,TRUE,9/16/24 9:19,R_6cq4dHJWjPo1ztD,anonymous,EN,I confirm,"I am using a desktop or laptop computer to take this survey,I have made my browser window full screen",5,1,12,2,11,7,6,"5,14,16","1,2,15",63,Increasing,,,,,,,,,,,,,,,,,,,,,,,,,,,,,,,,,,,,,,,,,,,,,,,,,,,,,,,,,,,,,,,,,,,,,,,,,,,,,,,,,,,,,,,,,,,14.035,15.123,15.125,2,7,9.973,10.972,10.974,2,1,5.772,6.812,6.814,2,2,8.396,9.292,9.294,2,4,6.837,7.637,7.639,2,12,7.34,8.844,8.845,2,4,,,,,,,,,,,,,,,,,,,,,,,,,,,,,,,,,,,,,,,,,,,,,,,,,,,,,,,,,,,,,4.528,15.504,15.506,4,"5,8,15",5.98,21.088,21.09,4,"1,2,11",5.923,15.523,15.525,4,"5,6,11",6.946,16.739,16.74,4,"5,13,14",6.289,18.266,18.267,4,"2,7,9",11.711,21.871,21.873,4,"11,13,16",,,,,,,,,,,,,,,,,,,,,,,,,,,,,,,,,,,,,,,,,,,,,,,,,,,,,,,,,,,,,,,,,,,,,,,,,,,,,,,,,,,,,,,,,,,,,,,,,,,,,,,,,,,,,,,,,,,,,,,,,,,,,,,,,,,,,,,,,,,,,,,,,,,,,,,,,,,,,,,,,,,,,,,,,,,,,,,,,,,,,,,,,,,,,,,,,,,,,,,,,,,,,,,,,,,18.72,19.632,19.634,2,16,13.485,16.133,16.135,2,13,10.399,11.455,11.456,2,10,11.249,12.248,12.25,2,10,15.841,20.328,20.33,3,15,9.86,12.244,12.245,2,7,,,,,,,,,,,,,,,,,,,,,,,,,,,,,,,,,,,,,,,,,,,,,,,,,,,,,,,,,,,,,,,,,,,,,,,,,,,,,,,,,,,,,,,,,,,9.427,10.411,10.413,2,16,,,,,,,,,,,,,,,,,,,,,,,,,,,,,,,,,,,,,,,,,,,,,,,,,,,,,,,,,,,,,,,,,,,,,,,,,,,,,,,,,,,,,,,,,,,5.366,21.158,21.159,4,"1,11,13",6.206,13.415,13.416,4,"4,5,10",8.791,18.318,18.319,4,"5,8,12",5.717,15.702,15.704,4,"1,7,9",7.599,18.607,18.609,4,"6,7,12",6.274,32.251,32.253,4,"3,8,14",,,,,,,,,,,,,,,,,,,,,,,,,,,,,,,,,,,,,,,,,,,,,,,,,,,,,,,,,,,,,,,,,,,,,,,,,,,,,,,,,,,,,,,,,,,,,,,,,,,,,,,,,,,,,,,,,,,,,,,,,,,,,,,,,,,,,,,,,,,,,,,,,,,,,,,,,,,,,,,,,,,,,,,,,,,,,,,,,,,,,,,,,,,,,,,,,,,,,,,,,,,,,,,,,,,4.712,5.768,5.769,2,76,3.77,4.625,4.628,2,47,11.052,12.228,12.229,2,32,5.318,6.341,6.342,2,52,6.087,7.031,7.032,2,58,4.506,5.457,5.459,2,37,,,,,,,,,,,,,,,,,,,,,,,,,,,,,,,4.358,5.309,5.312,2,Increasing,5.589,6.509,6.51,2,Decreasing,5.539,6.667,6.669,2,Decreasing,7.874,9.002,9.005,2,Increasing,7.768,8.792,8.794,2,Decreasing,9.316,10.556,10.557,2,Decreasing,,,,,,,,,,,,,,,,,,,,,,,,,,,,,,,,,,,,,,,,,,,,,,,,,,,,,,,,,,,,,,,,,,,,,,,,,,,,,,,,,,,,,,,,,,,,,,,,,,,,,,,,,,,,,,,,,,,,,,,,,Somewhat easy,Somewhat easy,Very easy,Somewhat easy,Very easy,Somewhat easy,The bigger squares made it easier. The general graphs were harder.,Thanks.,55-64 years old,Male,,White or Caucasian,No,Corrected to normal,,4,1,3,4,6,2
9/16/24 8:55,9/16/24 9:20,100,1483,TRUE,9/16/24 9:20,R_1eW7BIW0nKMgg5w,anonymous,EN,I confirm,"I am using a desktop or laptop computer to take this survey,I have made my browser window full screen",5,1,12,2,11,7,6,"5,13,14","1,2,15",63,Increasing,,,,,,,,,,,,,,,,,,,,,,,,,,,,,,,12.81,14.211,14.217,2,12,8.482,10.002,10.004,2,4,7.613,11.416,11.418,2,11,4.933,7.702,7.707,2,1,6.207,7.357,7.359,2,2,6.157,8.553,8.556,3,4,,,,,,,,,,,,,,,,,,,,,,,,,,,,,,,,,,,,,,,,,,,,,,,,,,,,,,,,,,,,,,,,,,,,,,,,,,,,,,,,,,,,,,,,,,,,,,,,,,,,,,,,,,,,,,,,,,,,,,,,,,,,,,,,,,,,,,,,,,,,,,,,,,,,,,,,,,,,,,,,,,,,,,,,,,,,,,,,,,,,,,,,,,,,,,,,,,,,,,,,,,,,,,,,,,,,,,,,,,,,,,,,,,,,,,,,,,,,,,,,,5.303,15.049,15.051,4,"2,6,9",5.583,21.656,21.659,4,"11,13,16",3.335,11.836,11.837,4,"3,5,8",6.586,20.288,20.292,4,"1,2,11",4.91,13.965,13.968,4,"2,5,12",5.768,16.154,16.156,4,"5,13,14",,,,,,,,,,,,,,,,,,,,,,,,,,,,,,,,,,,,,,,,,,,,,,,,,,,,,,,,,,,,,,,,,,,,,,,,,,,,,,,,,,,,,,,,,,,,,,,,,,,,,,,,,,,,,,,,,,,,,,,,,8.694,10.449,10.451,2,13,8.646,10.134,10.137,2,16,7.946,10,10.003,3,10,6.098,8.192,8.195,2,15,11.084,12.422,12.424,2,7,10.921,12.722,12.725,2,16,,,,,,,,,,,,,,,,,,,,,,,,,,,,,,,,,,,,,,,,,,,,,,,,,,,,,,,,,,,,,7.792,9.529,9.531,2,16,,,,,,,,,,,,,,,,,,,,,,,,,,,,,,,,,,,,,,,,,,,,,,,,,,,,,,,,,,,,,,,,,,,,,,,,,,,,,,,,,,,,,,,,,,,,,,,,,,,,,,,,,,,,,,,,,,,,,,,,,5.789,11.18,11.183,4,"4,5,12",5.957,11.748,11.75,4,"5,11,12",4.682,11.111,11.114,4,"1,2,9",7.714,15.189,15.191,4,"6,9,12",5.543,12.72,12.724,4,"3,8,14",4.787,13.261,13.263,4,"1,12,13",,,,,,,,,,,,,,,,,,,,,,,,,,,,,,,,,,,,,,,,,,,,,,,,,,,,,,,,,,,,,3.919,5.233,5.236,2,32,6.071,7.275,7.277,2,52,3.83,5.34,5.344,2,58,3.985,4.962,4.965,2,37,4.058,5.504,5.507,2,76,3.972,5.253,5.255,2,47,,,,,,,,,,,,,,,,,,,,,,,,,,,,,,,,,,,,,,,,,,,,,,,,,,,,,,,,,,,,,,,,,,,,,,,,,,,,,,,,,,,,,,,,,,,,,,,,,,,,,,,,,,,,,,,,,,,,,,,,,6.141,7.382,7.385,2,Staying the same,3.86,5.508,5.511,2,Increasing,7.526,8.886,8.889,2,Decreasing,5.176,6.399,6.402,2,Decreasing,6.533,8.02,8.022,2,Increasing,5.132,6.273,6.276,2,Decreasing,,,,,,,,,,,,,,,,,,,,,,,,,,,,,,,,,,,,,,,,,,,,,,,,,,,,,,,,,,,,,,,,,,,,,,,,,,,,,,,,,,,,,,,,,,,,,,,,,,,,,,,,,,,,,,,,,,,,,,,,,,,,,,,,,,,,,,,,,,,,,,,,,,,,,,,Somewhat easy,Somewhat easy,Very easy,Somewhat easy,Very easy,Neither easy nor difficult,The  ones in which the square containing current number got bigger when the number was bigger were easier to find with a quick scan. The one with the small bar graph was not easy to scan for.,,65+ years old,Male,,White or Caucasian,No,Normal,,2,5,4,5,2,1
9/16/24 9:08,9/16/24 9:26,100,1070,TRUE,9/16/24 9:26,R_7pM8D5EdP1zUZlp,anonymous,EN,I confirm,"I am using a desktop or laptop computer to take this survey,I have made my browser window full screen",5,1,12,2,11,7,6,"13,14,16","1,6,7",63,Increasing,,,,,,,,,,,,,,,,,,,,,,,,,,,,,,,,,,,,,,,,,,,,,,,,,,,,,,,,,,,,,,,,,,,,,,,,,,,,,,,,,,,,,,,,,,,,,,,,,,,,,,,,,,,,,,,,,,,,,,,,,9.709,10.322,10.327,2,16,6.633,7.747,7.751,2,2,5.541,6.717,6.72,2,4,5.993,7.007,7.014,2,12,5.892,7.364,7.368,2,4,11.65,12.414,12.416,2,7,,,,,,,,,,,,,,,,,,,,,,,,,,,,,,,,,,,,,,,,,,,,,,,,,,,,,,,,,,,,,,,,,,,,,,,,,,,,,,,,,,,,,,,,,,,,,,,,,,,,,,,,,,,,,,,,,,,,,,,,,,,,,,,,,,,,,,,,,,,,,,,,,,,,,,,4.064,9.751,9.753,5,"2,7,9",4.386,10.38,10.383,4,"11,14,16",4.146,10.794,10.798,4,"5,8,15",5.124,13.321,13.324,4,"1,10,14",6.791,13.636,13.639,4,"2,5,6",6.139,14.024,14.028,4,"5,13,14",,,,,,,,,,,,,,,,,,,,,,,,,,,,,,,,,,,,,,,,,,,,,,,,,,,,,,,,,,,,,,,,,,,,,,,,,,,,,,,,,,,,,,,,,,,,,,,,,,,,,,,,,,,,,,,,,,,,,,,,,6.451,8.171,8.172,2,13,7.484,8.97,8.972,2,16,6.732,8.169,8.171,2,10,6.03,7.537,7.539,2,15,5.474,6.406,6.408,2,7,7.832,8.839,8.842,2,16,,,,,,,,,,,,,,,,,,,,,,,,,,,,,,,,,,,,,,,,,,,,,,,,,,,,,,,,,,,,,6.986,12.159,12.161,3,16,7.048,19.845,19.847,4,"1,9,16",5.231,13.258,13.261,4,"3,6,12",6.393,13.99,13.993,5,"3,8,14",6.3,12.728,12.73,5,"1,12,13",6.665,12.808,12.81,4,"5,10,12",4.788,17.104,17.106,4,"9,11,12",,,,,,,,,,,,,,,,,,,,,,,,,,,,,,,,,,,,,,,,,,,,,,,,,,,,,,,,,,,,,,,,,,,,,,,,,,,,,,,,,,,,,,,,,,,,,,,,,,,,,,,,,,,,,,,,,,,,,,,,,,,,,,,,,,,,,,,,,,,,,,,,,,,,,,,,,,,,,,,,,,,,,,,,,,,,,,,,,,,,,,,,,,,,,,,,,,,,,,,,,,,,,,,,,,,5.214,6.399,6.402,2,52,3.564,4.365,4.367,2,58,3.397,4.389,4.391,2,37,3.043,4.441,4.446,2,76,3.368,4.15,4.153,2,47,4.252,5.384,5.386,2,32,,,,,,,,,,,,,,,,,,,,,,,,,,,,,,,,,,,,,,,,,,,,,,,,,,,,,,,,,,,,,,,,,,,,,,,,,,,,,,,,,,,,,,,,,,,,,,,,,,,,,,,,,,,,,,,,,,,,,,,,,,,,,,,,,,,,,,,,,,,,,,,,,,,,,,,,,,,,,,,,,,,,,,,,,,,,,,,,,,,,,4.532,5.666,5.668,2,Decreasing,3.545,4.9,4.903,2,Increasing,4.175,5.56,5.563,2,Decreasing,4.688,5.461,5.463,2,Staying the same,3.313,4.149,4.152,2,Increasing,4.094,4.932,4.935,2,Decreasing,,,,,,,,,,,,,,,,,,,,,,,,,,,,,,,,,,,,,,,,,,,,,,,,,,,,,,,,,,,,,Neither easy nor difficult,Neither easy nor difficult,Very easy,Somewhat easy,Very easy,Somewhat difficult,The easier design was when the numbers were larger. I didn't need the graph only the number to decide. The worst design is where the number is all the same size at the top of the graph and highlighted. It was confusing. ,no,25-34 years old,Female,,Black or African American,No,Corrected to normal,,5,5,4,1,3,4
9/16/24 9:03,9/16/24 9:28,100,1458,TRUE,9/16/24 9:28,R_6XgFtBpIm1HOoMh,anonymous,EN,I confirm,"I am using a desktop or laptop computer to take this survey,I have made my browser window full screen",5,1,12,2,11,7,6,"5,13,14","1,7,15",63,Increasing,,,,,,,,,,,,,,,,,,,,,,,,,,,,,,,,,,,,,,,,,,,,,,,,,,,,,,,,,,,,,,,,,,,,,,,,,,,,,,,,,,,,,,,,,,,,,,,,,,,,,,,,,,,,,,,,,,,,,,,,,,,,,,,,,,,,,,,,,,,,,,,,,,,,,,,10.935,12.605,12.621,2,2,5.868,7.604,7.621,2,4,6.737,7.778,7.797,2,12,5.593,6.796,6.815,2,4,9.018,11.036,11.05,2,7,5.173,6.831,6.849,2,1,,,,,,,,,,,,,,,,,,,,,,,,,,,,,,,,,,,,,,,,,,,,,,,,,,,,,,,,,,,,,,,,,,,,,,,,,,,,,,,,,,,,,,,,,,,4.281,17.652,17.671,4,"5,13,14",4.246,11.494,11.509,4,"2,7,9",5.1,14.331,14.347,4,"7,13,16",5.085,11.171,11.186,4,"3,5,15",6.615,17.894,17.909,4,"1,10,14",9.11,17.034,17.046,4,"2,5,12",,,,,,,,,,,,,,,,,,,,,,,,,,,,,,,,,,,,,,,,,,,,,,,,,,,,,,,,,,,,,7.753,9.026,9.044,2,15,7.078,8.44,8.454,2,7,4.913,5.865,5.875,2,16,9.668,10.789,10.805,2,13,6.445,7.798,7.819,2,16,10.089,11.491,11.509,2,10,,,,,,,,,,,,,,,,,,,,,,,,,,,,,,,,,,,,,,,,,,,,,,,,,,,,,,,,,,,,,,,,,,,,,,,,,,,,,,,,,,,,,,,,,,,,,,,,,,,,,,,,,,,,,,,,,,,,,,,,,,,,,,,,,,,,,,,,,,,,,,,,,,,,,,,5.45,7.206,7.219,2,16,,,,,,,,,,,,,,,,,,,,,,,,,,,,,,,,,,,,,,,,,,,,,,,,,,,,,,,,,,,,,5.996,12.779,12.793,4,"3,8,15",7.459,12.575,12.589,4,"13,15,16",5.424,11.983,11.999,4,"4,5,10",6.645,16.131,16.146,4,"5,11,12",4.758,11.779,11.794,4,"1,7,16",5.183,11.22,11.233,4,"3,6,9",,,,,,,,,,,,,,,,,,,,,,,,,,,,,,,,,,,,,,,,,,,,,,,,,,,,,,,,,,,,,,,,,,,,,,,,,,,,,,,,,,,,,,,,,,,,,,,,,,,,,,,,,,,,,,,,,,,,,,,,,,,,,,,,,,,,,,,,,,,,,,,,,,,,,,,,,,,,,,,,,,,,,,,,,,,,,,,,,,,,,,,,,,,,,,,,,,,,,,,,,,,,,,,,,,,4.554,6.263,6.277,2,37,4.125,5.128,5.144,2,76,3.306,4.31,4.323,2,47,3.591,4.614,4.628,2,32,4.453,6.539,6.554,2,52,4.458,5.47,5.479,2,58,,,,,,,,,,,,,,,,,,,,,,,,,,,,,,,,,,,,,,,,,,,,,,,,,,,,,,,,,,,,,,,,,,,,,,,,,,,,,,,,,,,,,,,,,,,,,,,,,,,,,,,,,,,,,,,,,,,,,,,,,,,,,,,,,,,,,,,,,,,,,,,,,,,,,,,4.76,7.364,7.382,2,Increasing,4.604,5.971,5.985,2,Decreasing,9.392,12.14,12.158,2,Decreasing,3.671,5.361,5.379,2,Increasing,3.982,5.204,5.219,2,Decreasing,4.717,5.731,5.748,2,Decreasing,,,,,,,,,,,,,,,,,,,,,,,,,,,,,,,Somewhat easy,Very easy,Very easy,Very easy,Very easy,Neither easy nor difficult,C was the easist because you could see which box is small or large immediately by size. Hardest was F because there design was complicated compared to others.,no,35-44 years old,Male,,White or Caucasian,No,Corrected to normal,,6,4,1,3,5,5
9/16/24 8:58,9/16/24 9:29,100,1903,TRUE,9/16/24 9:29,R_5SGN6Flg7FnJoY1,anonymous,EN,I confirm,"I am using a desktop or laptop computer to take this survey,I have made my browser window full screen",5,1,12,2,11,7,6,"5,13,14","1,2,15",63,Increasing,,,,,,,,,,,,,,,,,,,,,,,,,,,,,,,,,,,,,,,,,,,,,,,,,,,,,,,,,,,,,,,,,,,,,,,,,,,,,,,,,,,,,,,,,,,11.436,12.449,12.45,2,7,10.637,12.469,12.472,2,1,14.649,16.117,16.119,2,2,11.66,12.645,12.652,2,4,10.567,11.551,11.552,2,12,11.11,12.234,12.237,2,4,,,,,,,,,,,,,,,,,,,,,,,,,,,,,,,,,,,,,,,,,,,,,,,,,,,,,,,,,,,,,,,,,,,,,,,,,,,,,,,,,,,,,,,,,,,4.021,17.109,17.11,4,"1,2,14",3.466,21.762,21.764,4,"2,5,12",14.024,20.411,20.414,4,"13,14,16",6.987,24.313,24.318,5,"2,9,10",5.213,25.084,25.086,4,"7,14,16",7.998,25.238,25.24,4,"5,8,15",,,,,,,,,,,,,,,,,,,,,,,,,,,,,,,,,,,,,,,,,,,,,,,,,,,,,,,,,,,,,,,,,,,,,,,,,,,,,,,,,,,,,,,,,,,,,,,,,,,,,,,,,,,,,,,,,,,,,,,,,,,,,,,,,,,,,,,,,,,,,,,,,,,,,,,14.16,15.407,15.409,2,7,10.689,11.706,11.708,2,16,10.466,11.869,11.871,2,13,12.505,14.076,14.078,2,16,16.319,17.397,17.404,2,10,5.418,25.406,25.408,4,15,,,,,,,,,,,,,,,,,,,,,,,,,,,,,,,,,,,,,,,,,,,,,,,,,,,,,,,,,,,,,,,,,,,,,,,,,,,,,,,,,,,,,,,,,,,,,,,,,,,,,,,,,,,,,,,,,,,,,,,,,7.424,20.805,20.807,2,16,,,,,,,,,,,,,,,,,,,,,,,,,,,,,,,,,,,,,,,,,,,,,,,,,,,,,,,,,,,,,,,,,,,,,,,,,,,,,,,,,,,,,,,,,,,7.447,16.97,16.976,4,"1,12,13",23.766,31.425,31.427,5,"5,10,15",25.514,32.17,32.171,4,"9,10,11",10.913,26.29,26.291,4,"1,7,16",4.26,16.701,16.707,4,"7,9,12",4.036,10.884,10.887,4,"8,14,15",,,,,,,,,,,,,,,,,,,,,,,,,,,,,,,,,,,,,,,,,,,,,,,,,,,,,,,,,,,,,,,,,,,,,,,,,,,,,,,,,,,,,,,,,,,,,,,,,,,,,,,,,,,,,,,,,,,,,,,,,,,,,,,,,,,,,,,,,,,,,,,,,,,,,,,,,,,,,,,,,,,,,,,,,,,,,,,,,,,,,4.746,6.276,6.279,2,37,6.966,9.232,9.233,3,76,7.579,10.134,10.136,2,47,10.802,12.69,12.692,2,32,8.782,10.143,10.146,2,52,10.645,11.998,12,2,58,,,,,,,,,,,,,,,,,,,,,,,,,,,,,,,,,,,,,,,,,,,,,,,,,,,,,,,,,,,,,6.594,7.64,7.642,2,Increasing,7.559,9.26,9.263,2,Decreasing,5.56,6.664,6.667,2,Decreasing,8.411,9.987,9.989,2,Increasing,8.751,10.913,10.914,3,Decreasing,11.772,12.836,12.839,2,Decreasing,,,,,,,,,,,,,,,,,,,,,,,,,,,,,,,,,,,,,,,,,,,,,,,,,,,,,,,,,,,,,,,,,,,,,,,,,,,,,,,,,,,,,,,,,,,,,,,,,,,,,,,,,,,,,,,,,,,,,,,,,Very easy,Very easy,Very easy,Very easy,Very easy,Very easy,"Design A, B, C, D, E, F were all easy to complete",Great study,25-34 years old,Male,,Black or African American,No,Normal,,4,2,2,4,5,2
9/16/24 9:15,9/16/24 9:32,100,1051,TRUE,9/16/24 9:32,R_1Vb04r3qtv93Qg9,anonymous,EN,I confirm,"I am using a desktop or laptop computer to take this survey,I have made my browser window full screen",5,1,12,2,11,7,6,"5,13,14","1,7,15",63,Increasing,,,,,,,,,,,,,,,,,,,,,,,,,,,,,,,,,,,,,,,,,,,,,,,,,,,,,,,,,,,,,,,,,,,,,,,,,,,,,,,,,,,,,,,,,,,10.002,11.766,11.769,2,7,5.538,7.282,7.285,2,1,4.085,5.528,5.533,2,2,4.509,5.891,5.896,2,4,11.778,13.223,13.228,2,12,5.329,8.089,8.095,2,4,,,,,,,,,,,,,,,,,,,,,,,,,,,,,,,,,,,,,,,,,,,,,,,,,,,,,,,,,,,,,,,,,,,,,,,,,,,,,,,,,,,,,,,,,,,4.737,21.083,21.089,4,"1,2,14",4.404,17.721,17.725,4,"2,5,12",11.364,19.59,19.595,4,"5,13,14",5.22,15.453,15.457,4,"2,7,10",6.251,16.546,16.549,4,"7,11,16",7.503,22.574,22.578,4,"5,8,13",,,,,,,,,,,,,,,,,,,,,,,,,,,,,,,,,,,,,,,,,,,,,,,,,,,,,,,,,,,,,,,,,,,,,,,,,,,,,,,,,,,,,,,,,,,,,,,,,,,,,,,,,,,,,,,,,,,,,,,,,,,,,,,,,,,,,,,,,,,,,,,,,,,,,,,,,,,,,,,,,,,,,,,,,,,,,,,,,,,,,,,,,,,,,,,,,,,,,,,,,,,,,,,,,,,10.584,11.572,11.576,2,13,8.143,8.864,8.866,2,16,10.406,11.435,11.439,2,10,5.717,6.658,6.66,2,15,7.268,9.496,9.5,2,7,15.363,16.615,16.618,2,16,,,,,,,,,,,,,,,,,,,,,,,,,,,,,,,,,,,,,,,,,,,,,,,,,,,,,,,,,,,,,7.238,8.502,8.506,2,16,,,,,,,,,,,,,,,,,,,,,,,,,,,,,,,,,,,,,,,,,,,,,,,,,,,,,,,,,,,,,,,,,,,,,,,,,,,,,,,,,,,,,,,,,,,,,,,,,,,,,,,,,,,,,,,,,,,,,,,,,,,,,,,,,,,,,,,,,,,,,,,,,,,,,,,12.345,19.459,19.465,4,"5,11,12",4.197,14.489,14.495,4,"1,9,16",5.431,16.622,16.625,4,"3,6,12",4.905,14.106,14.109,4,"8,14,15",6.996,16.244,16.247,4,"1,11,13",4.67,13.139,13.143,4,"4,5,10",,,,,,,,,,,,,,,,,,,,,,,,,,,,,,,3.461,5.114,5.117,2,32,4.296,5.691,5.694,2,52,5.058,6.417,6.423,2,58,4.821,6.091,6.095,2,37,6.832,8.261,8.267,2,76,4.109,5.298,5.303,2,47,,,,,,,,,,,,,,,,,,,,,,,,,,,,,,,,,,,,,,,,,,,,,,,,,,,,,,,,,,,,,,,,,,,,,,,,,,,,,,,,,,,,,,,,,,,,,,,,,,,,,,,,,,,,,,,,,,,,,,,,,5.454,6.506,6.509,2,Staying the same,3.745,4.736,4.739,2,Increasing,4.177,5.146,5.151,2,Decreasing,4.149,5.776,5.779,2,Decreasing,7.175,13.067,13.072,2,Staying the same,4.145,5.31,5.314,2,Decreasing,,,,,,,,,,,,,,,,,,,,,,,,,,,,,,,,,,,,,,,,,,,,,,,,,,,,,,,,,,,,,,,,,,,,,,,,,,,,,,,,,,,,,,,,,,,,,,,,,,,,,,,,,,,,,,,,,,,,,,,,,,,,,,,,,,,,,,,,,,,,,,,,,,,,,,,Somewhat easy,Somewhat easy,Very easy,Somewhat easy,Somewhat easy,Somewhat easy,I found the ones with the larger or smaller boxes the easiest to read,no,45-54 years old,Female,,Other,Yes,Normal,,4,2,4,6,2,1
9/16/24 9:07,9/16/24 9:36,100,1728,TRUE,9/16/24 9:36,R_7g1aRMTwh12RrgO,anonymous,EN,I confirm,"I am using a desktop or laptop computer to take this survey,I have made my browser window full screen",5,1,12,2,11,7,6,"5,13,14","1,2,7",63,Increasing,11.295,12.286,12.291,2,4,7.61,8.657,8.663,2,12,7.071,10.151,10.158,2,4,10.39,11.518,11.524,2,7,7.42,8.462,8.468,2,1,12.189,13.098,13.102,2,2,,,,,,,,,,,,,,,,,,,,,,,,,,,,,,,,,,,,,,,,,,,,,,,,,,,,,,,,,,,,,,,,,,,,,,,,,,,,,,,,,,,,,,,,,,,,,,,,,,,,,,,,,,,,,,,,,,,,,,,,,,,,,,,,,,,,,,,,,,,,,,,,,,,,,,,5.983,14.127,14.13,4,"3,5,8",7.457,15.761,15.765,4,"1,2,10",4.726,21.318,21.324,4,"2,5,12",8.174,18.342,18.347,4,"5,13,14",4.861,17.43,17.435,4,"2,6,7",8.126,17.854,17.862,4,"7,11,16",,,,,,,,,,,,,,,,,,,,,,,,,,,,,,,,,,,,,,,,,,,,,,,,,,,,,,,,,,,,,,,,,,,,,,,,,,,,,,,,,,,,,,,,,,,,,,,,,,,,,,,,,,,,,,,,,,,,,,,,,,,,,,,,,,,,,,,,,,,,,,,,,,,,,,,,,,,,,,,,,,,,,,,,,,,,,,,,,,,,,,,,,,,,,,,,,,,,,,,,,,,,,,,,,,,,,,,,,,,,,,,,,,,,,,,,,,,,,,,,,,,,,,,,,,,,,,,,,,,,,,,,,,,,,,,,,,,,,,,,,,,,,,,,,,,,,,,,,,,,,9.796,11.388,11.392,2,10,9.242,12.659,12.665,2,15,8.838,9.781,9.785,2,7,11.394,12.81,12.813,2,16,7.867,9.747,9.752,2,13,14.992,16.768,16.773,3,16,8.871,12.368,12.373,2,16,,,,,,,,,,,,,,,,,,,,,,,,,,,,,,,,,,,,,,,,,,,,,,,,,,,,,,,,,,,,,,,,,,,,,,,,,,,,,,,,,,,,,,,,,,,,,,,,,,,,,,,,,,,,,,,,,,,,,,,,,9.431,14.536,14.541,4,"4,5,10",9.919,15.425,15.43,4,"5,8,9",6.123,12.404,12.408,4,"1,2,9",4.876,15.309,15.314,4,"3,6,7",5.871,17.895,17.898,4,"3,8,14",6.403,15.515,15.522,4,"1,11,12",,,,,,,,,,,,,,,,,,,,,,,,,,,,,,,,,,,,,,,,,,,,,,,,,,,,,,,,,,,,,,,,,,,,,,,,,,,,,,,,,,,,,,,,,,,4.93,5.995,6,2,52,5.609,7.409,7.412,2,58,4.005,5.901,5.905,2,37,5.73,7.41,7.418,2,76,4.962,7.066,7.07,2,47,3.978,5.41,5.416,2,32,,,,,,,,,,,,,,,,,,,,,,,,,,,,,,,,,,,,,,,,,,,,,,,,,,,,,,,,,,,,,,,,,,,,,,,,,,,,,,,,,,,,,,,,,,,,,,,,,,,,,,,,,,,,,,,,,,,,,,,,,,,,,,,,,,,,,,,,,,,,,,,,,,,,,,,,,,,,,,,,,,,,,,,,,,,,,,,,,,,,,,,,,,,,,,,,,,,,,,,,,,,,,,,,,,,,,,,,,,,,,,,,,,,,,,,,,,,,,,,,,7.145,8.585,8.592,2,Decreasing,8.293,11.181,11.185,2,Decreasing,6.458,8.081,8.084,2,Increasing,5.355,6.812,6.816,2,Decreasing,5.102,6.526,6.53,2,Decreasing,8.177,10.105,10.108,2,Increasing,Very easy,Very easy,Somewhat easy,Neither easy nor difficult,Neither easy nor difficult,Somewhat easy,Keeping the current number the same size (with or without blue box around it) was easiest for me to quickly visually process. Once the size of box and placement of bars was added my process slowed. Basically the bars and varied shaped boxes made it less clean and easy to quickly evaluate.,,55-64 years old,Non-binary / third gender,,White or Caucasian,No,Corrected to normal,,1,1,6,5,3,6
9/16/24 9:02,9/16/24 9:43,100,2502,TRUE,9/16/24 9:43,R_5OH6k0XbwZWCrAT,anonymous,EN,I confirm,"I am using a desktop or laptop computer to take this survey,I have made my browser window full screen",5,1,12,2,11,7,6,"13,14,16","1,2,7",63,Increasing,,,,,,,,,,,,,,,,,,,,,,,,,,,,,,,11.941,13.102,13.105,2,12,13.994,14.778,14.781,2,4,18.227,19.044,19.047,2,7,11.379,12.427,12.433,2,1,13.879,14.903,14.906,2,2,10.067,11.011,11.015,2,4,,,,,,,,,,,,,,,,,,,,,,,,,,,,,,,,,,,,,,,,,,,,,,,,,,,,,,,,,,,,,,,,,,,,,,,,,,,,,,,,,,,,,,,,,,,,,,,,,,,,,,,,,,,,,,,,,,,,,,,,,,,,,,,,,,,,,,,,,,,,,,,,,,,,,,,,,,,,,,,,,,,,,,,,,,,,,,,,,,,,,,,,,,,,,,,,,,,,,,,,,,,,,,,,,,,,,,,,,,,,,,,,,,,,,,,,,,,,,,,,,,,,,,,,,,,,,,,,,,,,,,,,,,,,,,,11.175,18.103,18.106,4,"11,13,16",10.771,22.843,22.846,4,"5,8,15",8.589,20.597,20.6,4,"1,10,14",7.065,18.297,18.3,4,"2,5,12",7.044,17.94,17.944,4,"13,14,16",6.8,22.951,22.955,4,"2,6,7",,,,,,,,,,,,,,,,,,,,,,,,,,,,,,,,,,,,,,,,,,,,,,,,,,,,,,,,,,,,,,,,,,,,,,,,,,,,,,,,,,,,,,,,,,,,,,,,,,,,,,,,,,,,,,,,,,,,,,,,,8.491,9.251,9.255,2,16,6.884,11.332,11.335,3,10,30.266,31.314,31.317,2,15,8.504,9.344,9.348,2,7,12.202,13.53,13.534,3,16,10.964,11.82,11.823,2,13,,,,,,,,,,,,,,,,,,,,,,,,,,,,,,,10.626,23.506,23.508,3,16,,,,,,,,,,,,,,,,,,,,,,,,,,,,,,,11.825,17.377,17.38,4,"3,7,9",12.14,22.788,22.791,4,"3,8,14",5.752,15.952,15.955,4,"1,12,13",9.693,19.333,19.335,4,"5,10,12",10.691,21.298,21.301,4,"5,11,12",10.701,15.077,15.079,4,"1,7,16",,,,,,,,,,,,,,,,,,,,,,,,,,,,,,,,,,,,,,,,,,,,,,,,,,,,,,,,,,,,,,,,,,,,,,,,,,,,,,,,,,,,,,,,,,,,,,,,,,,,,,,,,,,,,,,,,,,,,,,,,9.348,10.268,10.27,2,47,4.157,5.045,5.047,2,32,5.825,6.641,6.644,2,52,3.713,4.953,4.956,2,58,4.542,5.558,5.561,2,37,8.155,9.043,9.046,2,76,,,,,,,,,,,,,,,,,,,,,,,,,,,,,,,,,,,,,,,,,,,,,,,,,,,,,,,,,,,,,,,,,,,,,,,,,,,,,,,,,,,,,,,,,,,,,,,,,,,,,,,,,,,,,,,,,,,,,,,,,,,,,,,,,,,,,,,,,,,,,,,,,,,,,,,,,,,,,,,,,,,,,,,,,,,,,,,,,,,,,,,,,,,,,,,,,,,,,,,,,,,,,,,,,,,4.988,6.285,6.288,2,Increasing,5.653,6.501,6.504,2,Decreasing,6.929,7.849,7.853,2,Decreasing,12.199,18.872,18.875,3,Increasing,6.991,7.895,7.899,2,Decreasing,4.693,12.445,12.448,2,Increasing,,,,,,,,,,,,,,,,,,,,,,,,,,,,,,,,,,,,,,,,,,,,,,,,,,,,,,,,,,,,,,,,,,,,,,,,,,,,,,,,,,,,,,,,,,,Somewhat difficult,Somewhat easy,Very difficult,Somewhat difficult,Somewhat easy,Somewhat easy,When they were in a straight line they were easy,,65+ years old,Male,,White or Caucasian,No,Normal,,2,6,5,2,1,3
9/16/24 9:00,9/16/24 10:05,100,3922,TRUE,9/16/24 10:05,R_6vlxynAAvl3T5Vn,anonymous,EN,I confirm,"I am using a desktop or laptop computer to take this survey,I have made my browser window full screen",5,1,12,2,11,7,6,"5,14,16","1,2,7",63,Increasing,,,,,,,,,,,,,,,,,,,,,,,,,,,,,,,,,,,,,,,,,,,,,,,,,,,,,,,,,,,,,21.3,25.818,25.82,5,4,16.141,21.249,21.252,4,7,16.358,22.731,22.734,5,1,12.252,21.169,21.171,7,2,17.464,23.929,23.931,3,4,18.468,20.187,20.19,2,10,,,,,,,,,,,,,,,,,,,,,,,,,,,,,,,,,,,,,,,,,,,,,,,,,,,,,,,,,,,,,,,,,,,,,,,,,,,,,,,,,,,,,,,,,,,,,,,,,,,,,,,,,,,,,,,,,,,,,,,,,,,,,,,,,,,,,,,,,,,,,,,,,,,,,,,37.953,46.493,46.495,5,"2,5,11",39.126,46.157,46.159,6,"13,14,16",21.541,28.503,28.505,4,"2,6,7",33.252,41.162,41.165,4,"1,14,16",8.49,50.938,50.94,8,"3,8,15",52.725,64.397,64.399,8,"1,2,14",,,,,,,,,,,,,,,,,,,,,,,,,,,,,,,,,,,,,,,,,,,,,,,,,,,,,,,,,,,,,,,,,,,,,,,,,,,,,,,,,,,,,,,,,,,,,,,,,,,,,,,,,,,,,,,,,,,,,,,,,6.432,33.864,33.866,5,7,7.239,40.163,40.166,8,16,5.458,26.727,26.729,5,12,9.976,27.1,27.102,4,16,9.825,28.807,28.809,5,14,6.975,26.872,26.874,6,15,,,,,,,,,,,,,,,,,,,,,,,,,,,,,,,,,,,,,,,,,,,,,,,,,,,,,,,,,,,,,,,,,,,,,,,,,,,,,,,,,,,,,,,,,,,,,,,,,,,,,,,,,,,,,,,,,,,,,,,,,5.733,37.524,37.526,5,16,9.178,30.978,30.98,7,"1,7,16",19.822,32.005,32.007,6,"3,7,12",11.614,20.299,20.301,5,"3,8,14",16.705,25.066,25.068,6,"1,12,13",13.895,34.084,34.087,6,"4,5,12",7.502,22.279,22.281,6,"9,11,12",,,,,,,,,,,,,,,,,,,,,,,,,,,,,,,,,,,,,,,,,,,,,,,,,,,,,,,,,,,,,,,,,,,,,,,,,,,,,,,,,,,,,,,,,,,,,,,,,,,,,,,,,,,,,,,,,,,,,,,,,,,,,,,,,,,,,,,,,,,,,,,,,,,,,,,,,,,,,,,,,,,,,,,,,,,,,,,,,,,,,,,,,,,,,,,,,,,,,,,,,,,,,,,,,,,,,,,,,,,,,,,,,,,,,,,,,,,,,,,,,6.611,11.955,11.958,3,58,4.041,11.841,11.843,3,37,5.131,9.795,9.797,3,76,7.014,11.12,11.122,3,47,15.669,29.354,29.357,5,32,9.119,13.081,13.083,3,52,,,,,,,,,,,,,,,,,,,,,,,,,,,,,,,,,,,,,,,,,,,,,,,,,,,,,,,,,,,,,,,,,,,,,,,,,,,,,,,,,,,,,,,,,,,,,,,,,,,,,,,,,,,,,,,,,,,,,,,,,,,,,,,,,,,,,,,,,,,,,,,,,,,,,,,12.797,18.64,18.642,3,Decreasing,7.274,18.698,18.7,4,Increasing,4.251,17.936,17.938,3,Decreasing,7.188,21.791,21.793,5,Decreasing,7.166,10.515,10.517,3,Increasing,9.677,16.178,16.18,3,Decreasing,,,,,,,,,,,,,,,,,,,,,,,,,,,,,,,,,,,,,,,,,,,,,,,,,,,,,,,,,,,,,Somewhat difficult,Neither easy nor difficult,Neither easy nor difficult,Neither easy nor difficult,Neither easy nor difficult,Neither easy nor difficult,Neither easy nor difficult,No,35-44 years old,Male,,White or Caucasian,No,Corrected to normal,,3,3,2,1,4,4
9/16/24 10:02,9/16/24 10:13,100,685,TRUE,9/16/24 10:13,R_5ipPXJQKQ48tdMy,anonymous,EN,I confirm,"I am using a desktop or laptop computer to take this survey,I have made my browser window full screen",5,1,12,2,11,7,6,"5,13,14","1,2,15",63,Increasing,4.758,7.054,7.057,2,4,7.016,8.15,8.153,2,12,3.435,5.452,5.455,2,4,5.907,7.774,7.78,2,7,5.908,7.341,7.344,2,1,3.385,5.451,5.454,2,2,,,,,,,,,,,,,,,,,,,,,,,,,,,,,,,,,,,,,,,,,,,,,,,,,,,,,,,,,,,,,,,,,,,,,,,,,,,,,,,,,,,,,,,,,,,,,,,,,,,,,,,,,,,,,,,,,,,,,,,,,,,,,,,,,,,,,,,,,,,,,,,,,,,,,,,3.253,9.02,9.023,4,"3,5,8",2.8,9.399,9.402,4,"1,2,10",2.854,10.319,10.323,4,"2,5,12",4.126,9.961,9.963,4,"5,13,14",1.94,9.239,9.242,4,"2,6,7",4.657,9.539,9.545,4,"7,13,14",,,,,,,,,,,,,,,,,,,,,,,,,,,,,,,,,,,,,,,,,,,,,,,,,,,,,,,,,,,,,,,,,,,,,,,,,,,,,,,,,,,,,,,,,,,,,,,,,,,,,,,,,,,,,,,,,,,,,,,,,,,,,,,,,,,,,,,,,,,,,,,,,,,,,,,5.502,6.853,6.856,2,15,4.354,6.537,6.54,2,7,3.608,6.474,6.479,3,16,4.635,5.601,5.604,2,13,4.959,5.793,5.795,2,16,6.362,8.014,8.018,2,10,,,,,,,,,,,,,,,,,,,,,,,,,,,,,,,,,,,,,,,,,,,,,,,,,,,,,,,,,,,,,,,,,,,,,,,,,,,,,,,,,,,,,,,,,,,,,,,,,,,,,,,,,,,,,,,,,,,,,,,,,,,,,,,,,,,,,,,,,,,,,,,,,,,,,,,4.591,6.106,6.109,2,1,,,,,,,,,,,,,,,,,,,,,,,,,,,,,,,,,,,,,,,,,,,,,,,,,,,,,,,,,,,,,4.316,8.733,8.736,4,"8,14,16",1.821,7.153,7.157,4,"1,12,13",3.569,10.25,10.253,4,"4,5,12",3.509,7.337,7.341,4,"5,11,12",2.739,7.988,7.99,4,"1,9,16",2.804,7.002,7.006,4,"3,6,7",,,,,,,,,,,,,,,,,,,,,,,,,,,,,,,,,,,,,,,,,,,,,,,,,,,,,,,,,,,,,,,,,,,,,,,,,,,,,,,,,,,,,,,,,,,,,,,,,,,,,,,,,,,,,,,,,,,,,,,,,,,,,,,,,,,,,,,,,,,,,,,,,,,,,,,,,,,,,,,,,,,,,,,,,,,,,,,,,,,,,,,,,,,,,,,,,,,,,,,,,,,,,,,,,,,2.654,3.638,3.64,2,37,3.441,4.54,4.543,2,76,2.287,3.454,3.457,2,47,2.519,3.634,3.637,2,32,2.802,4.332,4.335,2,52,1.839,2.872,2.874,2,58,,,,,,,,,,,,,,,,,,,,,,,,,,,,,,,2.887,3.952,3.956,2,Staying the same,2.677,3.729,3.732,2,Increasing,2.603,3.569,3.572,2,Decreasing,2.716,3.768,3.77,2,Decreasing,2.732,3.781,3.783,2,Increasing,4.531,5.63,5.633,2,Decreasing,,,,,,,,,,,,,,,,,,,,,,,,,,,,,,,,,,,,,,,,,,,,,,,,,,,,,,,,,,,,,,,,,,,,,,,,,,,,,,,,,,,,,,,,,,,,,,,,,,,,,,,,,,,,,,,,,,,,,,,,,,,,,,,,,,,,,,,,,,,,,,,,,,,,,,,Very easy,Very easy,Somewhat easy,Somewhat easy,Somewhat easy,Neither easy nor difficult,"The easiest were the ones with just the number by itself, and the more difficult ones had addition features.",no,25-34 years old,Male,,White or Caucasian,No,Corrected to normal,,1,1,1,3,5,1
9/17/24 5:15,9/17/24 5:35,100,1166,TRUE,9/17/24 5:35,R_1tiKSPIrXs1wtKF,anonymous,EN,I confirm,"I am using a desktop or laptop computer to take this survey,I have made my browser window full screen",5,1,12,2,11,7,6,"5,11,13","1,2,7",63,Increasing,,,,,,,,,,,,,,,,,,,,,,,,,,,,,,,5.78,7.099,7.101,2,12,5.274,7.791,7.792,2,4,8.919,10.268,10.269,2,7,4.331,6.082,6.083,2,1,6.154,8.105,8.107,2,2,4.923,6.272,6.274,2,4,,,,,,,,,,,,,,,,,,,,,,,,,,,,,,,,,,,,,,,,,,,,,,,,,,,,,,,,,,,,,,,,,,,,,,,,,,,,,,,,,,,,,,,,,,,,,,,,,,,,,,,,,,,,,,,,,,,,,,,,,,,,,,,,,,,,,,,,,,,,,,,,,,,,,,,,,,,,,,,,,,,,,,,,,,,,,,,,,,,,,,,,,,,,,,,,,,,,,,,,,,,,,,,,,,,,,,,,,,,,,,,,,,,,,,,,,,,,,,,,,5.839,22.589,22.59,4,"2,6,10",6.44,12.273,12.274,4,"7,14,16",5.581,27.398,27.399,6,"3,5,8",10.196,22.578,22.579,6,"2,10,11",5.402,25.436,25.437,5,"2,6,12",5.602,13.386,13.388,4,"5,11,13",,,,,,,,,,,,,,,,,,,,,,,,,,,,,,,,,,,,,,,,,,,,,,,,,,,,,,,,,,,,,,,,,,,,,,,,,,,,,,,,,,,,,,,,,,,6.087,7.984,7.986,2,16,6.006,7.489,7.491,2,13,5.202,6.856,6.857,2,16,7.498,9.015,9.016,2,10,4.062,7.527,7.528,2,15,9.877,11.107,11.108,2,7,,,,,,,,,,,,,,,,,,,,,,,,,,,,,,,,,,,,,,,,,,,,,,,,,,,,,,,,,,,,,,,,,,,,,,,,,,,,,,,,,,,,,,,,,,,6.35,7.2,7.202,2,16,,,,,,,,,,,,,,,,,,,,,,,,,,,,,,,,,,,,,,,,,,,,,,,,,,,,,,,,,,,,,,,,,,,,,,,,,,,,,,,,,,,,,,,,,,,3.845,22.178,22.18,6,"1,11,12",5.088,12.236,12.238,4,"4,5,10",5.488,14.586,14.587,4,"5,11,12",8.955,28.095,28.096,4,"7,9,16",6.675,18.953,18.955,4,"3,6,12",4.247,9.165,9.166,4,"3,8,14",,,,,,,,,,,,,,,,,,,,,,,,,,,,,,,,,,,,,,,,,,,,,,,,,,,,,,,,,,,,,2.795,4.128,4.129,2,47,7.191,8.691,8.692,2,32,3.7,5.816,5.817,2,52,3.492,4.689,4.69,2,58,3.349,4.599,4.6,2,37,3.942,5.491,5.493,2,76,,,,,,,,,,,,,,,,,,,,,,,,,,,,,,,,,,,,,,,,,,,,,,,,,,,,,,,,,,,,,,,,,,,,,,,,,,,,,,,,,,,,,,,,,,,,,,,,,,,,,,,,,,,,,,,,,,,,,,,,,,,,,,,,,,,,,,,,,,,,,,,,,,,,,,,,,,,,,,,,,,,,,,,,,,,,,,,,,,,,,,,,,,,,,,,,,,,,,,,,,,,,,,,,,,,,,,,,,,,,,,,,,,,,,,,,,,,,,,,,,,,,,,,,,,,,,,,,,,,,,,,,,,,,,,,,,,,,,,,,,,,,,,,,,,,,,,,,,,,,,3.698,5.164,5.166,2,Decreasing,16.994,18.327,18.328,2,Staying the same,3.84,5.074,5.075,2,Increasing,3.025,4.223,4.225,2,Decreasing,4.032,5.252,5.253,2,Decreasing,5.109,7.307,7.309,2,Increasing,Very easy,Very easy,Very easy,Very easy,Very easy,Very easy,They were all relatively the same as for easiness,No,25-34 years old,Female,,Asian,No,Corrected to normal,,2,5,3,4,1,6
9/17/24 5:16,9/17/24 5:36,100,1211,TRUE,9/17/24 5:36,R_5oRsfOYTIvfy59Y,anonymous,EN,I confirm,"I am using a desktop or laptop computer to take this survey,I have made my browser window full screen",5,1,12,2,11,7,6,"5,13,14","1,2,15",63,Increasing,,,,,,,,,,,,,,,,,,,,,,,,,,,,,,,,,,,,,,,,,,,,,,,,,,,,,,,,,,,,,,,,,,,,,,,,,,,,,,,,,,,,,,,,,,,,,,,,,,,,,,,,,,,,,,,,,,,,,,,,,2.605,10.481,10.482,3,1,6.923,11.548,11.55,2,2,5.194,6.762,6.764,2,4,5.851,7.991,7.992,2,12,4.999,6.634,6.635,2,4,11.298,14.532,14.534,2,7,,,,,,,,,,,,,,,,,,,,,,,,,,,,,,,,,,,,,,,,,,,,,,,,,,,,,,,,,,,,,5.463,13.935,13.936,4,"1,10,14",13.383,18.861,18.862,4,"2,5,12",6.536,15.287,15.289,4,"5,13,14",7.255,19.257,19.259,6,"2,6,9",7.327,17.698,17.699,4,"7,11,16",7.043,20.328,20.329,4,"5,8,15",,,,,,,,,,,,,,,,,,,,,,,,,,,,,,,,,,,,,,,,,,,,,,,,,,,,,,,,,,,,,,,,,,,,,,,,,,,,,,,,,,,,,,,,,,,,,,,,,,,,,,,,,,,,,,,,,,,,,,,,,,,,,,,,,,,,,,,,,,,,,,,,,,,,,,,,,,,,,,,,,,,,,,,,,,,,,,,,,,,,,,,,,,,,,,,,,,,,,,,,,,,,,,,,,,,6.803,11.764,11.765,2,13,7.325,8.397,8.398,2,16,6.903,9.718,9.72,2,10,7.159,10.985,10.986,2,15,7.024,8.594,8.595,2,7,13.034,13.521,13.523,2,16,,,,,,,,,,,,,,,,,,,,,,,,,,,,,,,,,,,,,,,,,,,,,,,,,,,,,,,,,,,,,8.046,14.936,14.937,2,16,,,,,,,,,,,,,,,,,,,,,,,,,,,,,,,4.486,11.515,11.517,4,"3,6,12",5.202,12.002,12.004,4,"3,8,14",2.366,10.804,10.805,4,"1,12,13",6.205,10.555,10.556,4,"4,5,10",7.4,13.34,13.341,4,"5,8,9",3.614,11.783,11.784,4,"1,9,16",,,,,,,,,,,,,,,,,,,,,,,,,,,,,,,,,,,,,,,,,,,,,,,,,,,,,,,,,,,,,,,,,,,,,,,,,,,,,,,,,,,,,,,,,,,,,,,,,,,,,,,,,,,,,,,,,,,,,,,,,,,,,,,,,,,,,,,,,,,,,,,,,,,,,,,,,,,,,,,,,,,,,,,,,,,,,,,,,,,,,,,,,,,,,,,,,,,,,,,,,,,,,,,,,,,4.866,6.112,6.113,2,58,3.436,4.227,4.228,2,37,3.457,4.202,4.203,2,76,3.342,4.385,4.385,2,47,4.413,5.226,5.227,2,32,3.435,4.234,4.235,2,52,,,,,,,,,,,,,,,,,,,,,,,,,,,,,,,,,,,,,,,,,,,,,,,,,,,,,,,,,,,,,,,,,,,,,,,,,,,,,,,,,,,,,,,,,,,,,,,,,,,,,,,,,,,,,,,,,,,,,,,,,5.346,6.8,6.801,2,Decreasing,3.766,4.799,4.801,2,Decreasing,5.83,6.934,6.936,2,Increasing,3.969,5.023,5.023,2,Decreasing,8.969,15.62,15.621,2,Decreasing,4.557,6.234,6.235,2,Increasing,,,,,,,,,,,,,,,,,,,,,,,,,,,,,,,,,,,,,,,,,,,,,,,,,,,,,,,,,,,,,,,,,,,,,,,,,,,,,,,,,,,,,,,,,,,Somewhat difficult,Somewhat easy,Very easy,Somewhat difficult,Somewhat easy,Very difficult,"Best being Design C as eye is drawn to the numbers and can quickly ascertain the graph from there, and the size makes for quicker judgements. The worst being Design F followed by Design D, as the bars are very distracting.",An interesting study and a lesson on UI design,45-54 years old,Male,,White or Caucasian,No,Normal,,5,2,4,2,4,3
9/17/24 5:25,9/17/24 5:42,100,984,TRUE,9/17/24 5:42,R_3fZAsEzeIGNvLkm,anonymous,EN,I confirm,"I am using a desktop or laptop computer to take this survey,I have made my browser window full screen",5,1,12,2,11,7,6,"5,13,16","1,7,15",63,Increasing,,,,,,,,,,,,,,,,,,,,,,,,,,,,,,,,,,,,,,,,,,,,,,,,,,,,,,,,,,,,,,,,,,,,,,,,,,,,,,,,,,,,,,,,,,,,,,,,,,,,,,,,,,,,,,,,,,,,,,,,,,,,,,,,,,,,,,,,,,,,,,,,,,,,,,,8.633,10.051,10.054,2,2,5.358,6.859,6.863,2,4,5.882,7.067,7.07,2,12,6.725,8.343,8.346,2,4,5.552,6.669,6.674,2,7,3.655,5.373,5.377,2,1,,,,,,,,,,,,,,,,,,,,,,,,,,,,,,,,,,,,,,,,,,,,,,,,,,,,,,,,,,,,,,,,,,,,,,,,,,,,,,,,,,,,,,,,,,,4.097,10.412,10.415,4,"5,13,14",3.226,10.111,10.145,4,"2,7,10",9.268,13.883,13.885,4,"13,14,16",2.969,9.237,9.24,4,"3,5,13",3.361,14.278,14.282,4,"1,2,14",2.916,10.601,10.606,4,"2,5,12",,,,,,,,,,,,,,,,,,,,,,,,,,,,,,,,,,,,,,,,,,,,,,,,,,,,,,,,,,,,,,,,,,,,,,,,,,,,,,,,,,,,,,,,,,,,,,,,,,,,,,,,,,,,,,,,,,,,,,,,,,,,,,,,,,,,,,,,,,,,,,,,,,,,,,,,,,,,,,,,,,,,,,,,,,,,,,,,,,,,,5.949,7.3,7.304,2,16,6.327,7.778,7.781,2,10,5.785,6.901,6.905,2,15,5.787,9.605,9.608,3,7,6.971,7.889,7.891,2,16,6.66,7.594,7.598,2,13,,,,,,,,,,,,,,,,,,,,,,,,,,,,,,,6.098,7.319,7.322,2,1,7.172,15.293,15.294,4,"1,6,16",4.522,12.707,12.71,4,"5,6,12",2.974,7.592,7.596,4,"3,10,14",3.418,9.986,9.988,4,"1,12,13",3.723,8.025,8.028,4,"4,5,10",3.961,8.812,8.816,4,"5,9,12",,,,,,,,,,,,,,,,,,,,,,,,,,,,,,,,,,,,,,,,,,,,,,,,,,,,,,,,,,,,,,,,,,,,,,,,,,,,,,,,,,,,,,,,,,,,,,,,,,,,,,,,,,,,,,,,,,,,,,,,,,,,,,,,,,,,,,,,,,,,,,,,,,,,,,,,,,,,,,,,,,,,,,,,,,,,,,,,,,,,,,,,,,,,,,,,,,,,,,,,,,,,,,,,,,,5.438,6.904,6.907,2,52,6.184,7.518,7.521,2,58,4.614,5.978,5.98,2,37,4.569,5.849,5.853,2,76,3.904,5.324,5.326,2,47,4.381,5.615,5.621,2,32,,,,,,,,,,,,,,,,,,,,,,,,,,,,,,,,,,,,,,,,,,,,,,,,,,,,,,,,,,,,,,,,,,,,,,,,,,,,,,,,,,,,,,,,,,,,,,,,,,,,,,,,,,,,,,,,,,,,,,,,,,,,,,,,,,,,,,,,,,,,,,,,,,,,,,,,,,,,,,,,,,,,,,,,,,,,,,,,,,,,,3.646,4.698,4.701,2,Decreasing,4.296,5.731,5.735,2,Increasing,4.389,5.49,5.492,2,Decreasing,8.469,10.484,10.486,2,Staying the same,3.143,5.374,5.375,2,Increasing,5.659,7.144,7.146,2,Decreasing,,,,,,,,,,,,,,,,,,,,,,,,,,,,,,,,,,,,,,,,,,,,,,,,,,,,,,,,,,,,,Somewhat easy,Somewhat easy,Very easy,Very easy,Very easy,Somewhat easy,Design D was the easiest for me and Design A was the worst but they were all fairly easy to read. ,none,35-44 years old,Female,,White or Caucasian,No,Corrected to normal,,6,4,5,1,3,4
9/17/24 5:22,9/17/24 5:42,100,1194,TRUE,9/17/24 5:42,R_5pPYHHOdUnQqOS1,anonymous,EN,I confirm,"I am using a desktop or laptop computer to take this survey,I have made my browser window full screen",5,1,12,2,11,7,6,"5,13,16","1,6,15",63,Increasing,,,,,,,,,,,,,,,,,,,,,,,,,,,,,,,,,,,,,,,,,,,,,,,,,,,,,,,,,,,,,,,,,,,,,,,,,,,,,,,,,,,,,,,,,,,12.82,14.274,14.277,2,7,5.725,7.579,7.581,2,1,7.612,9.284,9.286,2,2,7.972,10.411,10.415,2,4,5.194,6.465,6.468,2,12,10.107,11.329,11.332,2,4,,,,,,,,,,,,,,,,,,,,,,,,,,,,,,,,,,,,,,,,,,,,,,,,,,,,,,,,,,,,,,,,,,,,,,,,,,,,,,,,,,,,,,,,,,,,,,,,,,,,,,,,,,,,,,,,,,,,,,,,,,,,,,,,,,,,,,,,,,,,,,,,,,,,,,,,,,,,,,,,,,,,,,,,,,,,,,,,,,,,,,,,,,,,,,,,,,,,,,,,,,,,,,,,,,,7.454,13.755,13.758,4,"7,11,16",19.733,23.308,23.311,4,"3,5,8",5.178,13.174,13.176,4,"1,10,11",4.443,18.111,18.113,4,"2,5,12",8.324,17.119,17.121,4,"5,14,16",6.072,20.37,20.373,4,"2,6,10",,,,,,,,,,,,,,,,,,,,,,,,,,,,,,,9.431,10.493,10.495,2,7,8.028,35.209,35.211,6,16,5.095,6.046,6.048,2,13,5.958,6.542,6.545,2,16,8.375,9.223,9.225,2,10,6.791,7.479,7.482,2,15,,,,,,,,,,,,,,,,,,,,,,,,,,,,,,,,,,,,,,,,,,,,,,,,,,,,,,,,,,,,,,,,,,,,,,,,,,,,,,,,,,,,,,,,,,,,,,,,,,,,,,,,,,,,,,,,,,,,,,,,,9.311,10.838,10.842,2,1,,,,,,,,,,,,,,,,,,,,,,,,,,,,,,,,,,,,,,,,,,,,,,,,,,,,,,,,,,,,,,,,,,,,,,,,,,,,,,,,,,,,,,,,,,,,,,,,,,,,,,,,,,,,,,,,,,,,,,,,,,,,,,,,,,,,,,,,,,,,,,,,,,,,,,,6.415,13.164,13.167,4,"5,8,11",4.236,8.083,8.087,4,"1,2,16",3.817,13.012,13.014,4,"3,6,12",8.6,16.292,16.296,6,"8,14,15",5.12,12.812,12.815,4,"1,11,15",9.815,28.039,28.041,4,"5,10,12",,,,,,,,,,,,,,,,,,,,,,,,,,,,,,,,,,,,,,,,,,,,,,,,,,,,,,,,,,,,,,,,,,,,,,,,,,,,,,,,,,,,,,,,,,,,,,,,,,,,,,,,,,,,,,,,,,,,,,,,,,,,,,,,,,,,,,,,,,,,,,,,,,,,,,,5.282,8.584,8.586,3,76,4.664,5.96,5.962,2,47,6.21,8.211,8.213,3,32,8.936,10.288,10.29,2,52,8.69,10.041,10.043,2,58,4.87,5.887,5.889,2,37,,,,,,,,,,,,,,,,,,,,,,,,,,,,,,,5.437,6.789,6.791,2,Increasing,4.682,6.13,6.132,2,Decreasing,5.071,6.391,6.394,2,Decreasing,9.645,13.162,13.165,3,Increasing,4.774,6.142,6.144,2,Decreasing,8.418,10.754,10.756,2,Decreasing,,,,,,,,,,,,,,,,,,,,,,,,,,,,,,,,,,,,,,,,,,,,,,,,,,,,,,,,,,,,,,,,,,,,,,,,,,,,,,,,,,,,,,,,,,,,,,,,,,,,,,,,,,,,,,,,,,,,,,,,,Very easy,Very easy,Very easy,Very easy,Very easy,Very easy,"B, the numbers were highlighted and high/low in the graph per the number, giving a sense of what the number was. ","none, thank you",45-54 years old,Female,,White or Caucasian,No,Corrected to normal,,4,6,2,6,6,2
9/17/24 5:32,9/17/24 5:45,100,751,TRUE,9/17/24 5:45,R_6ZZNSmDuq0PPIw9,anonymous,EN,I confirm,"I am using a desktop or laptop computer to take this survey,I have made my browser window full screen",5,1,12,2,11,7,6,"5,13,16","1,2,15",63,Increasing,,,,,,,,,,,,,,,,,,,,,,,,,,,,,,,,,,,,,,,,,,,,,,,,,,,,,,,,,,,,,2.527,4.475,4.477,4,4,7.194,7.893,7.895,2,6,2.014,3.862,3.864,2,1,3.93,4.953,4.955,2,2,4.003,5.403,5.404,2,4,7.374,7.758,7.761,2,12,,,,,,,,,,,,,,,,,,,,,,,,,,,,,,,,,,,,,,,,,,,,,,,,,,,,,,,,,,,,,,,,,,,,,,,,,,,,,,,,,,,,,,,,,,,,,,,,,,,,,,,,,,,,,,,,,,,,,,,,,,,,,,,,,,,,,,,,,,,,,,,,,,,,,,,2.245,16.311,16.313,6,"2,5,7",5.425,22.202,22.204,6,"5,13,14",2.248,18.4,18.401,4,"2,6,9",8.421,13.649,13.651,4,"9,14,16",2.863,13.731,13.734,7,"3,5,8",5.912,23.786,23.789,4,"1,2,14",,,,,,,,,,,,,,,,,,,,,,,,,,,,,,,,,,,,,,,,,,,,,,,,,,,,,,,,,,,,,,,,,,,,,,,,,,,,,,,,,,,,,,,,,,,,,,,,,,,,,,,,,,,,,,,,,,,,,,,,,,,,,,,,,,,,,,,,,,,,,,,,,,,,,,,,,,,,,,,,,,,,,,,,,,,,,,,,,,,,,,,,,,,,,,,,,,,,,,,,,,,,,,,,,,,,,,,,,,,,,,,,,,,,,,,,,,,,,,,,,9.637,11.149,11.151,2,10,6.863,7.262,7.264,2,15,5.774,6.698,6.7,2,7,4.034,4.63,4.632,2,16,8.145,8.835,8.836,3,13,7.298,8.584,8.586,3,16,6.611,17.664,17.666,3,16,,,,,,,,,,,,,,,,,,,,,,,,,,,,,,,,,,,,,,,,,,,,,,,,,,,,,,,,,,,,,,,,,,,,,,,,,,,,,,,,,,,,,,,,,,,,,,,,,,,,,,,,,,,,,,,,,,,,,,,,,2.167,10.441,10.442,6,"1,5,10",4.592,17.142,17.144,5,"1,11,12",2.306,11.442,11.444,4,"2,9,16",5.825,10.299,10.3,4,"6,9,12",5.361,13.941,13.943,6,"8,10,14",1.747,17.972,17.973,6,"1,13,15",,,,,,,,,,,,,,,,,,,,,,,,,,,,,,,,,,,,,,,,,,,,,,,,,,,,,,,,,,,,,,,,,,,,,,,,,,,,,,,,,,,,,,,,,,,,,,,,,,,,,,,,,,,,,,,,,,,,,,,,,,,,,,,,,,,,,,,,,,,,,,,,,,,,,,,4.086,5.393,5.396,3,37,2.721,3.369,3.371,2,76,2.718,3.484,3.486,2,47,3.238,3.87,3.873,2,32,3.443,4.169,4.171,2,52,4.848,5.632,5.633,2,58,,,,,,,,,,,,,,,,,,,,,,,,,,,,,,,,,,,,,,,,,,,,,,,,,,,,,,,,,,,,,,,,,,,,,,,,,,,,,,,,,,,,,,,,,,,,,,,,,,,,,,,,,,,,,,,,,,,,,,,,,,,,,,,,,,,,,,,,,,,,,,,,,,,,,,,,,,,,,,,,,,,,,,,,,,,,,,,,,,,,,4.131,4.885,4.887,2,Decreasing,4.93,5.555,5.556,2,Decreasing,8.545,9.181,9.183,2,Staying the same,2.467,3.359,3.361,2,Decreasing,4.791,5.405,5.406,2,Decreasing,7.238,17.083,17.087,4,Decreasing,Somewhat easy,Very easy,Very easy,Very easy,Very easy,Very easy,The ones with larger text to show the numbers it was just easier to see the data.,Everything was fine but some graphs it was really hard to tell if they were increasing or decreasing over time.,25-34 years old,Male,,White or Caucasian,No,Normal,,3,3,6,5,5,6
9/17/24 5:25,9/17/24 5:47,100,1295,TRUE,9/17/24 5:47,R_1nOPBdr18wkCbTO,anonymous,EN,I confirm,"I am using a desktop or laptop computer to take this survey,I have made my browser window full screen",5,1,12,2,11,7,6,"5,13,14","1,6,15",63,Increasing,,,,,,,,,,,,,,,,,,,,,,,,,,,,,,,7.241,7.857,7.861,2,12,3.404,4.173,4.175,2,4,4.922,5.584,5.587,2,7,3.015,3.951,3.955,2,1,4.694,5.598,5.603,2,2,6.137,6.829,6.833,2,4,,,,,,,,,,,,,,,,,,,,,,,,,,,,,,,,,,,,,,,,,,,,,,,,,,,,,,,,,,,,,,,,,,,,,,,,,,,,,,,,,,,,,,,,,,,,,,,,,,,,,,,,,,,,,,,,,,,,,,,,,,,,,,,,,,,,,,,,,,,,,,,,,,,,,,,,,,,,,,,,,,,,,,,,,,,,,,,,,,,,,11.973,14.218,14.22,4,"2,11,12",4.891,6.828,6.831,4,"5,13,14",4.408,6.532,6.536,4,"2,6,9",6.987,8.741,8.743,4,"13,14,16",10.414,12.231,12.237,4,"8,13,15",4.446,9.624,9.626,4,"1,2,14",,,,,,,,,,,,,,,,,,,,,,,,,,,,,,,,,,,,,,,,,,,,,,,,,,,,,,,,,,,,,,,,,,,,,,,,,,,,,,,,,,,,,,,,,,,,,,,,,,,,,,,,,,,,,,,,,,,,,,,,,,,,,,,,,,,,,,,,,,,,,,,,,,,,,,,,,,,,,,,,,,,,,,,,,,,,,,,,,,,,,,,,,,,,,,,,,,,,,,,,,,,,,,,,,,,,,,,,,,,,,,,,,,,,,,,,,,,,,,,,,5.526,7.019,7.025,2,10,6.186,6.63,6.633,2,15,5.99,6.652,6.654,2,7,4.787,5.28,5.284,2,16,4.461,4.963,4.965,2,13,5.008,5.721,5.722,2,16,7.052,14.044,14.047,3,16,,,,,,,,,,,,,,,,,,,,,,,,,,,,,,,,,,,,,,,,,,,,,,,,,,,,,,,,,,,,,,,,,,,,,,,,,,,,,,,,,,,,,,,,,,,,,,,,,,,,,,,,,,,,,,,,,,,,,,,,,5.34,7.263,7.265,4,"5,10,12",5.099,7.521,7.524,4,"5,8,9",4.298,6.533,6.536,4,"1,9,16",4.495,6.635,6.638,4,"3,6,12",11.631,13.949,13.951,4,"3,8,14",5.38,7.417,7.419,4,"1,12,13",,,,,,,,,,,,,,,,,,,,,,,,,,,,,,,,,,,,,,,,,,,,,,,,,,,,,,,,,,,,,3.519,4.271,4.273,2,32,4.716,5.547,5.55,2,52,3.773,4.467,4.468,2,58,3.325,3.979,3.981,2,37,5.569,6.271,6.274,2,76,2.885,3.58,3.582,2,47,,,,,,,,,,,,,,,,,,,,,,,,,,,,,,,,,,,,,,,,,,,,,,,,,,,,,,,,,,,,,,,,,,,,,,,,,,,,,,,,,,,,,,,,,,,,,,,,,,,,,,,,,,,,,,,,,,,,,,,,,,,,,,,,,,,,,,,,,,,,,,,,,,,,,,,,,,,,,,,,,,,,,,,,,,,,,,,,,,,,,,,,,,,,,,,,,,,,,,,,,,,,,,,,,,,,,,,,,,,,,,,,,,,,,,,,,,,,,,,,,3.386,4.227,4.23,2,Staying the same,3.428,4.131,4.136,2,Decreasing,4.776,5.422,5.428,2,Staying the same,2.422,4.287,4.291,2,Increasing,2.866,3.715,3.718,2,Decreasing,2.967,3.687,3.69,2,Decreasing,,,,,,,,,,,,,,,,,,,,,,,,,,,,,,,Somewhat difficult,Somewhat difficult,Somewhat easy,Neither easy nor difficult,Somewhat easy,Somewhat difficult,I thought Design F was no better or worse than design A...the bar graph did nothing to help or hinder. The bigger number in the blue box on B was more helpful than A but it still was pretty challenging. I think E was the easiest for me to read because the size of the number/blue box helped me quickly pick out the selections. D was also quite helpful because the long bar graph under the blue box ( as opposed to the smaller bar graph to the left on F) was also visually simpler to distinguish.,The subtle difference in the design of the graph made a large difference in the difficulty/ease of making selections quickly and accurately.,45-54 years old,Female,,White or Caucasian,No,Corrected to normal,,2,3,6,5,2,5
9/17/24 5:33,9/17/24 5:47,100,797,TRUE,9/17/24 5:47,R_77TEYx6Stv9n55f,anonymous,EN,I confirm,"I am using a desktop or laptop computer to take this survey,I have made my browser window full screen",5,1,12,2,11,7,6,"13,14,16","1,2,7",63,Increasing,,,,,,,,,,,,,,,,,,,,,,,,,,,,,,,,,,,,,,,,,,,,,,,,,,,,,,,,,,,,,,,,,,,,,,,,,,,,,,,,,,,,,,,,,,,6.31,8.66,8.661,2,7,1.832,3.36,3.361,2,1,2.704,5.284,5.285,2,2,2.742,4.207,4.208,2,4,5.246,5.99,5.991,2,12,2.237,3.461,3.463,2,4,,,,,,,,,,,,,,,,,,,,,,,,,,,,,,,,,,,,,,,,,,,,,,,,,,,,,,,,,,,,,,,,,,,,,,,,,,,,,,,,,,,,,,,,,,,,,,,,,,,,,,,,,,,,,,,,,,,,,,,,,,,,,,,,,,,,,,,,,,,,,,,,,,,,,,,,,,,,,,,,,,,,,,,,,,,,,,,,,,,,,,,,,,,,,,,,,,,,,,,,,,,,,,,,,,,3.178,10.71,10.711,4,"11,14,16",4.436,12.27,12.271,4,"3,8,13",1.683,11.621,11.622,7,"1,10,14",5.207,19.21,19.211,4,"2,5,12",2.704,13.965,13.966,4,"5,13,16",3.981,13.237,13.238,4,"2,9,10",,,,,,,,,,,,,,,,,,,,,,,,,,,,,,,4.131,6.277,6.278,2,7,3.246,5.089,5.09,2,16,3.272,4.369,4.37,2,13,3.517,4.429,4.43,2,16,4.521,5.874,5.875,2,10,4.094,6.356,6.357,2,15,,,,,,,,,,,,,,,,,,,,,,,,,,,,,,,,,,,,,,,,,,,,,,,,,,,,,,,,,,,,,,,,,,,,,,,,,,,,,,,,,,,,,,,,,,,,,,,,,,,,,,,,,,,,,,,,,,,,,,,,,1.945,4.226,4.228,2,1,1.793,11.003,11.004,4,"1,9,16",2.531,8.904,8.905,4,"3,5,12",3.912,9.335,9.336,4,"3,8,14",2.255,9.942,9.943,4,"1,12,13",3.069,9.793,9.794,5,"4,5,10",4.327,11.568,11.569,4,"5,8,12",,,,,,,,,,,,,,,,,,,,,,,,,,,,,,,,,,,,,,,,,,,,,,,,,,,,,,,,,,,,,,,,,,,,,,,,,,,,,,,,,,,,,,,,,,,,,,,,,,,,,,,,,,,,,,,,,,,,,,,,,,,,,,,,,,,,,,,,,,,,,,,,,,,,,,,,,,,,,,,,,,,,,,,,,,,,,,,,,,,,,2.058,2.781,2.782,2,32,2.046,2.843,2.844,2,52,2.376,3.168,3.169,2,58,2.06,2.741,2.743,2,37,3.56,4.176,4.177,2,76,2.699,3.427,3.428,2,47,,,,,,,,,,,,,,,,,,,,,,,,,,,,,,,,,,,,,,,,,,,,,,,,,,,,,,,,,,,,,,,,,,,,,,,,,,,,,,,,,,,,,,,,,,,,,,,,,,,,,,,,,,,,,,,,,,,,,,,,,,,,,,,,,,,,,,,,,,,,,,,,,,,,,,,,,,,,,,,,,,,,,,,,,,,,,,,,,,,,,4.179,4.947,4.948,2,Decreasing,2.739,5.537,5.538,4,Decreasing,2.999,3.8,3.801,2,Increasing,2.424,3.284,3.285,2,Decreasing,2.671,4.048,4.049,2,Staying the same,1.752,2.703,2.704,2,Increasing,,,,,,,,,,,,,,,,,,,,,,,,,,,,,,,,,,,,,,,,,,,,,,,,,,,,,,,,,,,,,,,,,,,,,,,,,,,,,,,,,,,,,,,,,,,Neither easy nor difficult,Somewhat easy,Very easy,Somewhat easy,Very easy,Somewhat easy,"I found design E the easiest to use as it put the relevant current data in a uniform position I could easily scan for, and I found design A the worst, as it required me to move my eyes vertically for each graph on a row, and I find it ever so slightly more difficult to read naked black text on a white background than white on a blue highlight.",No.,18-24 years old,Male,,"White or Caucasian,Black or African American,Other",Yes,Corrected to normal,,4,6,2,1,2,3
9/17/24 5:25,9/17/24 5:52,100,1674,TRUE,9/17/24 5:52,R_3I75uAXlK2JM3Ww,anonymous,EN,I confirm,"I am using a desktop or laptop computer to take this survey,I have made my browser window full screen",5,1,12,2,11,7,6,"5,13,14","1,2,15",63,Increasing,,,,,,,,,,,,,,,,,,,,,,,,,,,,,,,,,,,,,,,,,,,,,,,,,,,,,,,,,,,,,11.712,12.676,12.69,2,4,10.942,17.245,17.266,2,7,8.307,9.246,9.263,2,1,10.894,15.796,15.815,2,2,10.83,11.658,11.675,2,4,13.368,14.306,14.323,2,10,,,,,,,,,,,,,,,,,,,,,,,,,,,,,,,,,,,,,,,,,,,,,,,,,,,,,,,,,,,,,,,,,,,,,,,,,,,,,,,,,,,,,,,,,,,,,,,,,,,,,,,,,,,,,,,,,,,,,,,,,,,,,,,,,,,,,,,,,,,,,,,,,,,,,,,,,,,,,,,,,,,,,,,,,,,,,,,,,,,,,,,,,,,,,,,,,,,,,,,,,,,,,,,,,,,8.564,21.166,21.183,4,"2,7,9",9.422,20.273,20.289,6,"11,14,16",6.873,11.878,11.894,4,"3,13,15",10.26,15.786,15.803,4,"1,2,14",4.319,19.799,19.82,4,"2,6,12",7.639,15.816,15.832,4,"5,13,14",,,,,,,,,,,,,,,,,,,,,,,,,,,,,,,14.306,14.809,14.821,2,15,15.145,40.933,40.941,3,7,9.824,10.445,10.46,2,16,8.704,12.005,12.022,2,13,9.869,12.907,12.919,2,16,24.8,25.968,25.988,2,10,,,,,,,,,,,,,,,,,,,,,,,,,,,,,,,,,,,,,,,,,,,,,,,,,,,,,,,,,,,,,,,,,,,,,,,,,,,,,,,,,,,,,,,,,,,,,,,,,,,,,,,,,,,,,,,,,,,,,,,,,,,,,,,,,,,,,,,,,,,,,,,,,,,,,,,15.253,20.788,20.795,2,16,,,,,,,,,,,,,,,,,,,,,,,,,,,,,,,5.317,17.456,17.463,6,"6,9,12",5.558,11.633,11.639,6,"3,14,16",4.154,11.969,11.977,4,"1,12,13",7.22,13.785,13.792,4,"4,5,10",7.038,14.923,14.938,4,"5,11,12",4.156,12.789,12.801,4,"1,9,16",,,,,,,,,,,,,,,,,,,,,,,,,,,,,,,,,,,,,,,,,,,,,,,,,,,,,,,,,,,,,,,,,,,,,,,,,,,,,,,,,,,,,,,,,,,,,,,,,,,,,,,,,,,,,,,,,,,,,,,,,,,,,,,,,,,,,,,,,,,,,,,,,,,,,,,,,,,,,,,,,,,,,,,,,,,,,,,,,,,,,,,,,,,,,,,,,,,,,,,,,,,,,,,,,,,,,,,,,,,,,,,,,,,,,,,,,,,,,,,,,,,,,,,,,,,,,,,,,,,,,,,,,,,,,,,6.986,7.702,7.71,2,76,7.595,9.625,9.635,2,47,6.609,7.344,7.36,2,32,5.472,6.754,6.763,2,52,6.382,7.188,7.197,2,58,8.244,9.848,9.852,2,37,7.261,8.586,8.594,2,Staying the same,8.686,9.344,9.359,2,Increasing,8.972,12.329,12.337,2,Decreasing,6.725,7.409,7.419,2,Decreasing,10.976,11.676,11.692,2,Increasing,8.793,9.903,9.911,2,Decreasing,,,,,,,,,,,,,,,,,,,,,,,,,,,,,,,,,,,,,,,,,,,,,,,,,,,,,,,,,,,,,,,,,,,,,,,,,,,,,,,,,,,,,,,,,,,,,,,,,,,,,,,,,,,,,,,,,,,,,,,,,,,,,,,,,,,,,,,,,,,,,,,,,,,,,,,Neither easy nor difficult,Somewhat easy,Very easy,Somewhat easy,Somewhat easy,Neither easy nor difficult,Design C was very easy to solve due to the size of the output whilst design F was the worst to solve due to the difficulty in sporting the level of the levers. ,It was a nice survey.,18-24 years old,Female,,White or Caucasian,No,Normal,,3,5,1,2,6,1
9/17/24 5:40,9/17/24 5:54,100,833,TRUE,9/17/24 5:54,R_6ghgig7kl3O4Avs,anonymous,EN,I confirm,"I am using a desktop or laptop computer to take this survey,I have made my browser window full screen",5,1,12,2,11,7,6,"5,13,16","1,2,6",63,Increasing,,,,,,,,,,,,,,,,,,,,,,,,,,,,,,,,,,,,,,,,,,,,,,,,,,,,,,,,,,,,,,,,,,,,,,,,,,,,,,,,,,,,,,,,,,,,,,,,,,,,,,,,,,,,,,,,,,,,,,,,,,,,,,,,,,,,,,,,,,,,,,,,,,,,,,,6.749,7.333,7.334,2,2,5.739,6.281,6.282,2,4,5.695,6.217,6.219,2,12,3.988,5.194,5.195,2,4,5.644,6.145,6.146,2,7,4.443,5.232,5.233,2,1,2.198,6.333,6.334,4,"3,5,8",1.563,9.814,9.815,4,"1,2,14",2.073,9.028,9.029,4,"2,5,12",2.797,9.806,9.807,4,"5,13,14",2.106,10.68,10.681,4,"2,6,7",5.969,13.403,13.404,5,"7,11,16",,,,,,,,,,,,,,,,,,,,,,,,,,,,,,,,,,,,,,,,,,,,,,,,,,,,,,,,,,,,,,,,,,,,,,,,,,,,,,,,,,,,,,,,,,,,,,,,,,,,,,,,,,,,,,,,,,,,,,,,,,,,,,,,,,,,,,,,,,,,,,,,,,,,,,,,,,,,,,,,,,,,,,,,,,,,,,,,,,,,,,,,,,,,,,,,,,,,,,,,,,,,,,,,,,,,,,,,,,,,,,,,,,,,,,,,,,,,,,,,,,,,,,,,,,,,,,,,,,,,,,,,,,,,,,,7.825,8.395,8.396,2,16,5.943,6.298,6.299,2,10,6.27,6.663,6.664,2,15,5.388,6.013,6.014,2,7,8.164,9.172,9.173,4,16,9.979,11.2,11.201,4,13,,,,,,,,,,,,,,,,,,,,,,,,,,,,,,,6.676,7.216,7.217,2,1,,,,,,,,,,,,,,,,,,,,,,,,,,,,,,,,,,,,,,,,,,,,,,,,,,,,,,,,,,,,,,,,,,,,,,,,,,,,,,,,,,,,,,,,,,,,,,,,,,,,,,,,,,,,,,,,,,,,,,,,,,,,,,,,,,,,,,,,,,,,,,,,,,,,,,,3.136,7.741,7.742,5,"5,9,11",1.737,6.808,6.809,4,"1,2,7",2.36,7.405,7.406,4,"3,6,7",2.319,9.776,9.778,4,"3,8,14",1.443,7.557,7.558,4,"1,11,12",3.628,5.656,5.657,4,"3,4,5",3.113,4.029,4.03,2,47,3.898,4.515,4.517,2,32,3.688,4.616,4.617,3,52,2.994,3.53,3.531,2,58,4.565,5.251,5.252,2,37,4.15,4.765,4.766,2,76,,,,,,,,,,,,,,,,,,,,,,,,,,,,,,,,,,,,,,,,,,,,,,,,,,,,,,,,,,,,,,,,,,,,,,,,,,,,,,,,,,,,,,,,,,,,,,,,,,,,,,,,,,,,,,,,,,,,,,,,,,,,,,,,,,,,,,,,,,,,,,,,,,,,,,,,,,,,,,,,,,,,,,,,,,,,,,,,,,,,,,,,,,,,,,,,,,,,,,,,,,,,,,,,,,,,,,,,,,,,,,,,,,,,,,,,,,,,,,,,,,,,,,,,,,,,,,,,,,,,,,,,,,,,,,,3.501,4.056,4.057,2,Increasing,3.28,3.845,3.846,2,Decreasing,3.92,4.964,4.965,2,Staying the same,2.412,3.082,3.083,3,Increasing,3.571,4.029,4.03,2,Decreasing,3.655,4.094,4.095,2,Decreasing,,,,,,,,,,,,,,,,,,,,,,,,,,,,,,,Very easy,Somewhat easy,Somewhat easy,Very easy,Somewhat easy,Somewhat easy,"For me, design A and D were the easiest. A was the simplest and had the least amount going on, which made it easier for me to parse through. Design D was the only one that for me personally, had a helpful addition, rather than an addition that was just distracting. I think that Designs E and F were the hardest to read because the number had moved away from the point it was representing on the graph, making it less efficient.","I think having the the option to pause between questions is nice, but having it be between every single question made it not only tedious, but broke up the momentum and habit of answering the specific request at the time. I think they should be moved to at least between sets of questions, or maybe even just have one or two spots total to be able to pause throughout the entire thing.",18-24 years old,Male,,"White or Caucasian,Asian",No,Corrected to normal,,6,1,5,6,1,5
9/17/24 5:36,9/17/24 5:58,100,1313,TRUE,9/17/24 5:58,R_7Kfki4miEzazupm,anonymous,EN,I confirm,"I am using a desktop or laptop computer to take this survey,I have made my browser window full screen",5,1,12,2,11,7,6,"5,13,16","1,2,15",63,Increasing,10.04,11.12,11.135,2,4,8.852,9.862,9.876,2,12,10.766,11.849,11.862,2,4,9.172,10.201,10.215,2,7,6.447,8.409,8.42,2,1,13.535,14.686,14.699,2,10,,,,,,,,,,,,,,,,,,,,,,,,,,,,,,,,,,,,,,,,,,,,,,,,,,,,,,,,,,,,,,,,,,,,,,,,,,,,,,,,,,,,,,,,,,,,,,,,,,,,,,,,,,,,,,,,,,,,,,,,,,,,,,,,,,,,,,,,,,,,,,,,,,,,,,,,,,,,,,,,,,,,,,,,,,,,,,,,,,,,,6.944,10.178,10.193,4,"1,2,11",17.66,20.875,20.888,4,"2,11,12",11.8,15.366,15.379,4,"5,11,13",11.223,14.744,14.757,4,"2,6,10",11.966,14.567,14.611,4,"7,11,14",13.198,17.052,17.068,4,"3,5,13",,,,,,,,,,,,,,,,,,,,,,,,,,,,,,,,,,,,,,,,,,,,,,,,,,,,,,,,,,,,,,,,,,,,,,,,,,,,,,,,,,,,,,,,,,,,,,,,,,,,,,,,,,,,,,,,,,,,,,,,,,,,,,,,,,,,,,,,,,,,,,,,,,,,,,,,,,,,,,,,,,,,,,,,,,,,,,,,,,,,,,,,,,,,,,,,,,,,,,,,,,,,,,,,,,,11.248,11.53,11.547,2,13,8.287,9.491,9.505,2,1,19.79,20.52,20.532,2,10,14.989,15.402,15.412,2,15,11.024,12.056,12.069,2,1,16.971,21.616,21.633,6,16,,,,,,,,,,,,,,,,,,,,,,,,,,,,,,,,,,,,,,,,,,,,,,,,,,,,,,,,,,,,,4.952,6.615,6.626,2,1,,,,,,,,,,,,,,,,,,,,,,,,,,,,,,,,,,,,,,,,,,,,,,,,,,,,,,,,,,,,,15.268,17.588,17.601,4,"8,14,15",8.294,12.54,12.554,4,"1,13,15",19.19,23.561,23.573,4,"1,4,12",16.419,19.849,19.861,4,"5,8,12",9.773,14.013,14.027,4,"1,2,16",11.906,14.42,14.431,4,"6,7,12",,,,,,,,,,,,,,,,,,,,,,,,,,,,,,,,,,,,,,,,,,,,,,,,,,,,,,,,,,,,,,,,,,,,,,,,,,,,,,,,,,,,,,,,,,,,,,,,,,,,,,,,,,,,,,,,,,,,,,,,,,,,,,,,,,,,,,,,,,,,,,,,,,,,,,,,,,,,,,,,,,,,,,,,,,,,,,,,,,,,,8.176,8.467,8.477,2,58,7.352,7.738,7.75,2,37,12.692,13.226,13.237,2,76,6.362,6.621,6.632,2,47,10.267,10.577,10.588,2,32,7.191,8.591,8.604,2,52,,,,,,,,,,,,,,,,,,,,,,,,,,,,,,,,,,,,,,,,,,,,,,,,,,,,,,,,,,,,,,,,,,,,,,,,,,,,,,,,,,,,,,,,,,,,,,,,,,,,,,,,,,,,,,,,,,,,,,,,,,,,,,,,,,,,,,,,,,,,,,,,,,,,,,,8.403,8.701,8.711,2,Decreasing,6.633,7.01,7.023,2,Increasing,9.509,9.714,9.724,2,Decreasing,10.153,10.619,10.631,2,Staying the same,6.979,7.315,7.33,2,Increasing,9.856,10.312,10.325,2,Decreasing,,,,,,,,,,,,,,,,,,,,,,,,,,,,,,,,,,,,,,,,,,,,,,,,,,,,,,,,,,,,,Somewhat easy,Very easy,Very easy,Very easy,Somewhat easy,Somewhat easy,Design b was the best and easiest to read... design a a little bit hard without the highlight ,No thank you,25-34 years old,Male,,White or Caucasian,No,Normal,,1,2,4,3,4,4
9/17/24 5:40,9/17/24 6:03,100,1416,TRUE,9/17/24 6:04,R_1law8MBIj8mwMcS,anonymous,EN,I confirm,"I am using a desktop or laptop computer to take this survey,I have made my browser window full screen",5,1,12,2,11,7,6,"5,13,14","1,7,15",63,Increasing,,,,,,,,,,,,,,,,,,,,,,,,,,,,,,,,,,,,,,,,,,,,,,,,,,,,,,,,,,,,,,,,,,,,,,,,,,,,,,,,,,,,,,,,,,,15.053,16.404,16.414,2,7,12.433,26.639,26.65,3,1,9.021,11.79,11.797,2,2,13.349,16.161,16.165,2,4,9.775,11.258,11.262,2,12,15.407,16.726,16.73,2,4,,,,,,,,,,,,,,,,,,,,,,,,,,,,,,,,,,,,,,,,,,,,,,,,,,,,,,,,,,,,,,,,,,,,,,,,,,,,,,,,,,,,,,,,,,,7.738,11.953,11.962,4,"1,2,14",4.279,14.712,14.722,4,"2,5,12",5.221,14.154,14.163,4,"5,13,14",5.901,17.172,17.183,6,"2,6,9",7.235,18.381,18.391,4,"7,14,16",7.235,12.337,12.35,4,"8,13,15",,,,,,,,,,,,,,,,,,,,,,,,,,,,,,,,,,,,,,,,,,,,,,,,,,,,,,,,,,,,,,,,,,,,,,,,,,,,,,,,,,,,,,,,,,,,,,,,,,,,,,,,,,,,,,,,,,,,,,,,,,,,,,,,,,,,,,,,,,,,,,,,,,,,,,,,,,,,,,,,,,,,,,,,,,,,,,,,,,,,,10.294,11.088,11.093,2,16,12.501,13.259,13.264,2,13,7.966,10.347,10.352,2,16,8.47,10.746,10.757,3,10,7.539,8.208,8.215,2,15,12.74,13.563,13.568,2,7,,,,,,,,,,,,,,,,,,,,,,,,,,,,,,,,,,,,,,,,,,,,,,,,,,,,,,,,,,,,,,,,,,,,,,,,,,,,,,,,,,,,,,,,,,,10.906,12.533,12.538,2,16,,,,,,,,,,,,,,,,,,,,,,,,,,,,,,,,,,,,,,,,,,,,,,,,,,,,,,,,,,,,,,,,,,,,,,,,,,,,,,,,,,,,,,,,,,,6.682,13.17,13.181,4,"1,12,13",7.271,15.548,15.553,4,"5,10,12",4.637,12.534,12.546,4,"1,5,12",7.827,16.451,16.456,4,"1,9,16",6.473,15.166,15.174,6,"3,9,12",5.939,11.886,11.896,4,"8,10,14",,,,,,,,,,,,,,,,,,,,,,,,,,,,,,,,,,,,,,,,,,,,,,,,,,,,,,,,,,,,,,,,,,,,,,,,,,,,,,,,,,,,,,,,,,,,,,,,,,,,,,,,,,,,,,,,,,,,,,,,,4.833,6.282,6.288,2,52,4.729,6.026,6.032,2,58,4.917,6.478,6.486,2,37,3.942,6.069,6.08,2,76,4.898,6.237,6.25,2,47,5.762,6.901,6.907,2,32,,,,,,,,,,,,,,,,,,,,,,,,,,,,,,,,,,,,,,,,,,,,,,,,,,,,,,,,,,,,,,,,,,,,,,,,,,,,,,,,,,,,,,,,,,,,,,,,,,,,,,,,,,,,,,,,,,,,,,,,,4.42,5.282,5.291,2,Increasing,4.851,5.933,5.942,2,Decreasing,5.626,8.21,8.215,2,Decreasing,7.517,8.829,8.839,2,Increasing,6.476,7.862,7.874,2,Decreasing,6.939,10.94,10.949,3,Decreasing,,,,,,,,,,,,,,,,,,,,,,,,,,,,,,,,,,,,,,,,,,,,,,,,,,,,,,,,,,,,,,,,,,,,,,,,,,,,,,,,,,,,,,,,,,,,,,,,,,,,,,,,,,,,,,,,,,,,,,,,,Somewhat easy,Neither easy nor difficult,Very easy,Somewhat easy,Very easy,Somewhat easy,"Design C was the easiest due to the larger visuals, and design B was the more difficult because of fewer visual differences in the numbers graphed.",none,45-54 years old,Male,,White or Caucasian,No,Corrected to normal,,4,2,3,4,3,2
9/17/24 5:36,9/17/24 6:07,100,1909,TRUE,9/17/24 6:07,R_1nzdDkm1U93oMZX,anonymous,EN,I confirm,"I am using a desktop or laptop computer to take this survey,I have made my browser window full screen",5,1,12,2,11,7,6,"5,13,16","1,7,15",63,Increasing,,,,,,,,,,,,,,,,,,,,,,,,,,,,,,,,,,,,,,,,,,,,,,,,,,,,,,,,,,,,,,,,,,,,,,,,,,,,,,,,,,,,,,,,,,,,,,,,,,,,,,,,,,,,,,,,,,,,,,,,,12.721,15.569,15.579,2,1,10.963,16.401,16.405,2,2,9.802,11.413,11.417,2,4,10.882,12.163,12.166,2,12,9.713,11.187,11.198,2,4,13.781,15.74,15.75,2,3,,,,,,,,,,,,,,,,,,,,,,,,,,,,,,,,,,,,,,,,,,,,,,,,,,,,,,,,,,,,,,,,,,,,,,,,,,,,,,,,,,,,,,,,,,,,,,,,,,,,,,,,,,,,,,,,,,,,,,,,,10.249,16.513,16.577,4,"5,13,14",12.048,17.062,17.07,4,"2,7,9",8.164,29.876,29.882,4,"11,14,16",16.454,29.437,29.446,4,"3,5,15",14.702,27.018,27.047,4,"1,2,14",12.329,17.483,17.492,4,"2,5,12",,,,,,,,,,,,,,,,,,,,,,,,,,,,,,,,,,,,,,,,,,,,,,,,,,,,,,,,,,,,,,,,,,,,,,,,,,,,,,,,,,,,,,,,,,,,,,,,,,,,,,,,,,,,,,,,,,,,,,,,,10.048,14.408,14.414,3,16,8.077,12.152,12.163,2,13,5.525,9.295,9.299,2,16,8.078,9.252,9.269,2,10,9.165,12.124,12.133,2,15,13.098,15.077,15.081,2,7,,,,,,,,,,,,,,,,,,,,,,,,,,,,,,,,,,,,,,,,,,,,,,,,,,,,,,,,,,,,,,,,,,,,,,,,,,,,,,,,,,,,,,,,,,,12.421,14.31,14.313,2,1,,,,,,,,,,,,,,,,,,,,,,,,,,,,,,,10.228,13.229,13.233,4,"3,7,12",5.242,14.957,14.965,4,"3,14,16",5.659,14.445,14.449,4,"1,13,15",14.342,17.428,17.432,4,"4,5,10",6.491,11.766,11.769,4,"5,11,12",9.306,12.45,12.462,4,"1,9,16",,,,,,,,,,,,,,,,,,,,,,,,,,,,,,,,,,,,,,,,,,,,,,,,,,,,,,,,,,,,,,,,,,,,,,,,,,,,,,,,,,,,,,,,,,,,,,,,,,,,,,,,,,,,,,,,,,,,,,,,,,,,,,,,,,,,,,,,,,,,,,,,,,,,,,,,,,,,,,,,,,,,,,,,,,,,,,,,,,,,,,,,,,,,,,,,,,,,,,,,,,,,,,,,,,,4.739,6.15,6.154,2,58,4.407,5.691,5.699,2,37,5.532,6.683,6.687,2,76,5.701,7.195,7.202,2,47,14.263,15.673,15.679,2,32,7.231,8.231,8.243,2,52,,,,,,,,,,,,,,,,,,,,,,,,,,,,,,,,,,,,,,,,,,,,,,,,,,,,,,,,,,,,,,,,,,,,,,,,,,,,,,,,,,,,,,,,,,,,,,,,,,,,,,,,,,,,,,,,,,,,,,,,,,,,,,,,,,,,,,,,,,,,,,,,,,,,,,,,,,,,,,,,,,,,,,,,,,,,,,,,,,,,,,,,,,,,,,,,,,,,,,,,,,,,,,,,,,,5.927,6.999,7.003,2,Decreasing,14.644,15.527,15.547,2,Staying the same,4.075,8.352,8.357,3,Increasing,4.312,7.631,7.648,3,Decreasing,4.557,5.451,5.455,2,Decreasing,7.442,8.392,8.397,2,Increasing,Somewhat easy,Somewhat easy,Somewhat difficult,Somewhat easy,Very easy,Somewhat easy,E,No,25-34 years old,Male,,Black or African American,No,Normal,,5,4,3,2,4,6
9/17/24 5:48,9/17/24 6:14,100,1559,TRUE,9/17/24 6:14,R_6yReUwKkrJsk3WV,anonymous,EN,I confirm,"I am using a desktop or laptop computer to take this survey,I have made my browser window full screen",5,1,12,2,11,7,6,"5,13,14","1,2,15",63,Increasing,,,,,,,,,,,,,,,,,,,,,,,,,,,,,,,,,,,,,,,,,,,,,,,,,,,,,,,,,,,,,,,,,,,,,,,,,,,,,,,,,,,,,,,,,,,,,,,,,,,,,,,,,,,,,,,,,,,,,,,,,,,,,,,,,,,,,,,,,,,,,,,,,,,,,,,14.003,15.303,15.313,2,2,8.533,10.159,10.169,2,4,9.062,10.268,10.281,2,12,6.741,8.3,8.311,2,4,7.466,11.305,11.319,2,7,13.081,14.647,14.662,2,1,,,,,,,,,,,,,,,,,,,,,,,,,,,,,,,,,,,,,,,,,,,,,,,,,,,,,,,,,,,,,,,,,,,,,,,,,,,,,,,,,,,,,,,,,,,,,,,,,,,,,,,,,,,,,,,,,,,,,,,,,,,,,,,,,,,,,,,,,,,,,,,,,,,,,,,14.779,18.191,18.202,4,"11,13,16",10.165,14.279,14.29,4,"3,5,8",13.498,17.293,17.305,4,"1,2,10",10.474,14.73,14.739,4,"2,5,12",11.937,17.384,17.389,4,"5,11,14",17.755,22.125,22.13,4,"2,7,10",,,,,,,,,,,,,,,,,,,,,,,,,,,,,,,,,,,,,,,,,,,,,,,,,,,,,,,,,,,,,,,,,,,,,,,,,,,,,,,,,,,,,,,,,,,,,,,,,,,,,,,,,,,,,,,,,,,,,,,,,,,,,,,,,,,,,,,,,,,,,,,,,,,,,,,16.717,19.935,19.943,3,16,11.479,12.65,12.658,2,15,8.199,9.922,9.934,2,1,7.711,11.2,11.212,3,16,10.911,12.051,12.06,2,13,6.91,8.717,8.728,2,16,14.253,16.255,16.266,2,1,,,,,,,,,,,,,,,,,,,,,,,,,,,,,,,,,,,,,,,,,,,,,,,,,,,,,,,,,,,,,,,,,,,,,,,,,,,,,,,,,,,,,,,,,,,,,,,,,,,,,,,,,,,,,,,,,,,,,,,,,,,,,,,,,,,,,,,,,,,,,,,,,,,,,,,23.44,28.185,28.196,4,"8,11,12",10.495,14.729,14.738,4,"1,7,9",9.307,12.705,12.713,4,"3,5,6",27.921,33.312,33.316,4,"3,8,16",11.296,16.349,16.36,4,"1,12,15",10.637,15.511,15.524,4,"5,10,12",,,,,,,,,,,,,,,,,,,,,,,,,,,,,,,,,,,,,,,,,,,,,,,,,,,,,,,,,,,,,5.152,6.746,6.762,2,52,6.921,8.452,8.461,2,58,6.548,7.974,7.982,2,37,9.17,10.578,10.583,2,76,6.273,7.861,7.876,2,47,14.207,16.846,16.857,3,32,,,,,,,,,,,,,,,,,,,,,,,,,,,,,,,,,,,,,,,,,,,,,,,,,,,,,,,,,,,,,,,,,,,,,,,,,,,,,,,,,,,,,,,,,,,,,,,,,,,,,,,,,,,,,,,,,,,,,,,,,,,,,,,,,,,,,,,,,,,,,,,,,,,,,,,,,,,,,,,,,,,,,,,,,,,,,,,,,,,,,,,,,,,,,,,,,,,,,,,,,,,,,,,,,,,8.609,11.752,11.766,2,Increasing,8.868,10.504,10.513,2,Decreasing,11.373,12.72,12.73,2,Staying the same,5.659,7.064,7.074,2,Increasing,9.355,10.939,10.945,2,Decreasing,10.748,12.421,12.426,2,Decreasing,,,,,,,,,,,,,,,,,,,,,,,,,,,,,,,Somewhat easy,Very easy,Very easy,Somewhat easy,Somewhat easy,Very easy,the easiest was E because I did not find it difficult,great,18-24 years old,Male,,Black or African American,No,Normal,,6,6,6,6,3,5
9/17/24 5:22,9/17/24 6:19,100,3414,TRUE,9/17/24 6:19,R_1mvDG6OBKXvV8aZ,anonymous,EN,I confirm,"I am using a desktop or laptop computer to take this survey,I have made my browser window full screen",5,1,12,2,11,7,6,"5,13,14","6,7,15",63,Increasing,,,,,,,,,,,,,,,,,,,,,,,,,,,,,,,,,,,,,,,,,,,,,,,,,,,,,,,,,,,,,12.053,17.596,17.607,3,4,9.718,11.333,11.345,2,7,6.061,7.076,7.083,2,1,10.131,11.291,11.301,2,2,8.3,10.275,10.285,2,4,10.136,11.704,11.715,2,12,,,,,,,,,,,,,,,,,,,,,,,,,,,,,,,,,,,,,,,,,,,,,,,,,,,,,,,,,,,,,,,,,,,,,,,,,,,,,,,,,,,,,,,,,,,,,,,,,,,,,,,,,,,,,,,,,,,,,,,,,,,,,,,,,,,,,,,,,,,,,,,,,,,,,,,13.785,19.978,19.988,5,"2,5,7",13.166,23.899,23.918,13,"5,13,14",11.831,14.59,14.599,4,"6,7,9",7.005,24.461,24.473,4,"13,14,16",17.761,20.633,20.64,4,"5,8,16",18.548,28.794,28.804,4,"1,2,14",,,,,,,,,,,,,,,,,,,,,,,,,,,,,,,,,,,,,,,,,,,,,,,,,,,,,,,,,,,,,,,,,,,,,,,,,,,,,,,,,,,,,,,,,,,,,,,,,,,,,,,,,,,,,,,,,,,,,,,,,,,,,,,,,,,,,,,,,,,,,,,,,,,,,,,,,,,,,,,,,,,,,,,,,,,,,,,,,,,,,21.268,22.355,22.362,2,13,16.98,18.238,18.248,2,10,20.031,21.233,21.241,2,10,11.782,13.152,13.166,2,1,14.425,15.329,15.337,2,15,12.749,13.332,13.34,2,15,,,,,,,,,,,,,,,,,,,,,,,,,,,,,,,,,,,,,,,,,,,,,,,,,,,,,,,,,,,,,9.81,11.817,11.825,2,16,21.208,24.256,24.264,4,"1,9,16",16.468,19.452,19.462,4,"6,7,9",19.616,23.815,23.823,4,"3,14,15",15.91,20.461,20.47,4,"1,12,13",15.982,18.336,18.343,4,"5,10,12",23.436,26.02,26.033,4,"5,11,12",,,,,,,,,,,,,,,,,,,,,,,,,,,,,,,,,,,,,,,,,,,,,,,,,,,,,,,,,,,,,,,,,,,,,,,,,,,,,,,,,,,,,,,,,,,,,,,,,,,,,,,,,,,,,,,,,,,,,,,,,,,,,,,,,,,,,,,,,,,,,,,,,,,,,,,,,,,,,,,,,,,,,,,,,,,,,,,,,,,,,,,,,,,,,,,,,,,,,,,,,,,,,,,,,,,,,,,,,,,,,,,,,,,,,,,,,,,,,,,,,,,,,,,,,,,,,,,,,,,,,,,,,,,,,,,,,,,,,,,,,,,,,,,,,,,,,,,,,,,,,7.038,8.173,8.185,2,76,6.739,7.922,7.933,2,47,9.704,11.186,11.194,2,32,11.104,12.878,12.885,2,52,6.804,8.254,8.26,2,58,5.802,13.438,13.449,4,37,,,,,,,,,,,,,,,,,,,,,,,,,,,,,,,,,,,,,,,,,,,,,,,,,,,,,,,,,,,,,8.346,9.564,9.571,2,Decreasing,9.039,10.294,10.305,2,Decreasing,8.157,9.518,9.525,2,Increasing,7.431,8.476,8.482,2,Decreasing,8.463,10.31,10.317,2,Staying the same,5.887,7.006,7.015,2,Increasing,,,,,,,,,,,,,,,,,,,,,,,,,,,,,,,,,,,,,,,,,,,,,,,,,,,,,,,,,,,,,,,,,,,,,,,,,,,,,,,,,,,,,,,,,,,Very easy,Somewhat easy,Very easy,Somewhat easy,Very easy,Somewhat easy,A was easier than F. A was very direct than F,Am happy for the opportunity to carry out the study.,25-34 years old,Female,,White or Caucasian,No,Normal,,3,3,4,1,6,3
9/17/24 5:35,9/17/24 6:41,100,3979,TRUE,9/17/24 6:42,R_1iBU1Q8EHjI76Gs,anonymous,EN,I confirm,"I am using a desktop or laptop computer to take this survey,I have made my browser window full screen",5,1,12,2,11,7,6,"13,14,16","1,2,15",63,Increasing,,,,,,,,,,,,,,,,,,,,,,,,,,,,,,,10.347,10.945,10.956,2,12,7.733,8.338,8.368,2,4,8.769,9.889,9.901,2,7,5.444,6.069,6.079,2,1,8.698,9.483,9.502,2,2,9.997,10.604,10.613,2,4,,,,,,,,,,,,,,,,,,,,,,,,,,,,,,,,,,,,,,,,,,,,,,,,,,,,,,,,,,,,,,,,,,,,,,,,,,,,,,,,,,,,,,,,,,,,,,,,,,,,,,,,,,,,,,,,,,,,,,,,,,,,,,,,,,,,,,,,,,,,,,,,,,,,,,,,,,,,,,,,,,,,,,,,,,,,,,,,,,,,,,,,,,,,,,,,,,,,,,,,,,,,,,,,,,,6.207,31.706,31.713,4,"13,14,16",8.675,22.295,22.307,4,"2,6,7",5.338,20.514,20.528,5,"11,13,16",12.848,64.184,64.22,10,"5,8,15",16.189,31.617,31.626,4,"1,10,14",11.787,23.991,24,4,"2,5,12",,,,,,,,,,,,,,,,,,,,,,,,,,,,,,,,,,,,,,,,,,,,,,,,,,,,,,,,,,,,,,,,,,,,,,,,,,,,,,,,,,,,,,,,,,,,,,,,,,,,,,,,,,,,,,,,,,,,,,,,,,,,,,,,,,,,,,,,,,,,,,,,,,,,,,,,,,,,,,,,,,,,,,,,,,,,,,,,,,,,,12.502,13.011,13.034,2,16,7.433,16.197,16.235,2,10,10.614,11.953,11.965,3,1,11.886,17.013,17.057,2,7,3.944,10.824,10.833,3,16,10.932,11.776,11.788,2,13,,,,,,,,,,,,,,,,,,,,,,,,,,,,,,,15.243,17.593,17.619,2,16,,,,,,,,,,,,,,,,,,,,,,,,,,,,,,,,,,,,,,,,,,,,,,,,,,,,,,,,,,,,,,,,,,,,,,,,,,,,,,,,,,,,,,,,,,,3.448,18.613,18.629,4,"1,12,13",1.258,22.758,22.788,6,"5,10,12",10.206,18.079,18.102,6,"5,11,12",4.939,20.016,20.049,4,"1,7,16",9.472,20.774,20.785,5,"3,6,7",5.4,23.82,23.874,4,"3,8,14",,,,,,,,,,,,,,,,,,,,,,,,,,,,,,,,,,,,,,,,,,,,,,,,,,,,,,,,,,,,,,,,,,,,,,,,,,,,,,,,,,,,,,,,,,,,,,,,,,,,,,,,,,,,,,,,,,,,,,,,,,,,,,,,,,,,,,,,,,,,,,,,,,,,,,,,,,,,,,,,,,,,,,,,,,,,,,,,,,,,,3.908,4.61,4.622,2,37,4.495,5.219,5.226,2,76,4.3,5.072,5.105,2,47,4.506,7.405,7.412,4,32,5.429,6.199,6.212,2,52,3.665,4.347,4.364,2,58,,,,,,,,,,,,,,,,,,,,,,,,,,,,,,,,,,,,,,,,,,,,,,,,,,,,,,,,,,,,,,,,,,,,,,,,,,,,,,,,,,,,,,,,,,,,,,,,,,,,,,,,,,,,,,,,,,,,,,,,,6.819,8.284,8.31,2,Increasing,5.586,6.287,6.322,2,Decreasing,6.844,8.87,8.884,4,Increasing,5.001,5.712,5.734,2,Decreasing,1.264,9.545,9.57,3,Staying the same,6.134,6.994,7.012,2,Increasing,,,,,,,,,,,,,,,,,,,,,,,,,,,,,,,,,,,,,,,,,,,,,,,,,,,,,,,,,,,,,Very easy,Somewhat easy,Very easy,Very easy,Very easy,Very easy,design E,NO PLEASE,65+ years old,Male,,White or Caucasian,No,Normal,,2,4,5,4,5,4
9/17/24 6:30,9/17/24 6:46,100,923,TRUE,9/17/24 6:46,R_7NL0ciSDLSWdUTZ,anonymous,EN,I confirm,"I am using a desktop or laptop computer to take this survey,I have made my browser window full screen",5,1,12,2,11,7,6,"5,13,16","1,2,15",63,Increasing,5.971,7.112,7.115,2,4,8.053,10.719,10.722,2,12,4.396,5.92,5.925,2,4,8.879,10.251,10.254,2,7,5.77,7.155,7.159,2,1,8.061,9.757,9.761,2,2,,,,,,,,,,,,,,,,,,,,,,,,,,,,,,,,,,,,,,,,,,,,,,,,,,,,,,,,,,,,,,,,,,,,,,,,,,,,,,,,,,,,,,,,,,,,,,,,,,,,,,,,,,,,,,,,,,,,,,,,,,,,,,,,,,,,,,,,,,,,,,,,,,,,,,,7.464,10.795,10.799,4,"5,8,13",9.854,13.191,13.194,5,"1,2,11",11.934,14.728,14.734,4,"2,5,12",15.307,31.419,31.423,4,"5,13,14",13.306,16.335,16.339,4,"2,6,9",12.598,15.814,15.817,4,"7,11,16",,,,,,,,,,,,,,,,,,,,,,,,,,,,,,,,,,,,,,,,,,,,,,,,,,,,,,,,,,,,,,,,,,,,,,,,,,,,,,,,,,,,,,,,,,,,,,,,,,,,,,,,,,,,,,,,,,,,,,,,,,,,,,,,,,,,,,,,,,,,,,,,,,,,,,,,,,,,,,,,,,,,,,,,,,,,,,,,,,,,,7.024,8.498,8.501,2,7,6.184,7.126,7.128,2,16,6.229,8.51,8.514,3,13,6.205,7.427,7.431,2,16,6.49,7.96,7.963,2,10,7.465,8.976,8.978,2,15,,,,,,,,,,,,,,,,,,,,,,,,,,,,,,,,,,,,,,,,,,,,,,,,,,,,,,,,,,,,,,,,,,,,,,,,,,,,,,,,,,,,,,,,,,,,,,,,,,,,,,,,,,,,,,,,,,,,,,,,,7.314,16.737,16.74,3,16,,,,,,,,,,,,,,,,,,,,,,,,,,,,,,,,,,,,,,,,,,,,,,,,,,,,,,,,,,,,,,,,,,,,,,,,,,,,,,,,,,,,,,,,,,,,,,,,,,,,,,,,,,,,,,,,,,,,,,,,,9.758,12.98,12.983,4,"5,12,15",2.398,10.017,10.02,5,"11,12,14",14.598,17.548,17.551,4,"1,9,16",7.12,11.931,11.933,7,"5,6,12",9.805,12.807,12.811,4,"8,14,15",11.021,13.855,13.858,4,"1,13,15",,,,,,,,,,,,,,,,,,,,,,,,,,,,,,,3.508,4.919,4.922,2,47,4.028,5.799,5.803,2,32,5.312,7.385,7.388,2,52,7.783,9.533,9.536,2,58,4.798,6.666,6.669,2,37,6.515,8.224,8.226,2,76,,,,,,,,,,,,,,,,,,,,,,,,,,,,,,,,,,,,,,,,,,,,,,,,,,,,,,,,,,,,,,,,,,,,,,,,,,,,,,,,,,,,,,,,,,,,,,,,,,,,,,,,,,,,,,,,,,,,,,,,,,,,,,,,,,,,,,,,,,,,,,,,,,,,,,,,,,,,,,,,,,,,,,,,,,,,,,,,,,,,,11.791,13.858,13.861,2,Increasing,4.239,5.714,5.717,2,Decreasing,6.682,7.737,7.741,2,Decreasing,6.598,7.572,7.575,2,Staying the same,4.911,6.175,6.178,2,Decreasing,5.315,6.887,6.89,2,Staying the same,,,,,,,,,,,,,,,,,,,,,,,,,,,,,,,,,,,,,,,,,,,,,,,,,,,,,,,,,,,,,,,,,,,,,,,,,,,,,,,,,,,,,,,,,,,,,,,,,,,,,,,,,,,,,,,,,,,,,,,,,Somewhat easy,Very easy,Very easy,Somewhat easy,Very easy,Somewhat easy,Design C was the easiest to read with the size of the output.  Design A was the worst because it was difficult to read the output amount.,None.,35-44 years old,Female,,Asian,No,Corrected to normal,,1,1,2,5,1,2
9/17/24 6:40,9/17/24 7:13,100,2000,TRUE,9/17/24 7:13,R_7u7OMrs4wAwJkpr,anonymous,EN,I confirm,"I am using a desktop or laptop computer to take this survey,I have made my browser window full screen",5,1,12,2,11,7,6,"13,14,16","1,7,15",63,Increasing,,,,,,,,,,,,,,,,,,,,,,,,,,,,,,,,,,,,,,,,,,,,,,,,,,,,,,,,,,,,,8.907,9.849,9.863,2,4,12.072,13.062,13.071,2,6,7.3,8.199,8.206,2,1,10.248,11.521,11.527,3,2,9.183,9.916,9.925,2,4,12.246,16.807,16.816,3,12,,,,,,,,,,,,,,,,,,,,,,,,,,,,,,,,,,,,,,,,,,,,,,,,,,,,,,,,,,,,,,,,,,,,,,,,,,,,,,,,,,,,,,,,,,,,,,,,,,,,,,,,,,,,,,,,,,,,,,,,,,,,,,,,,,,,,,,,,,,,,,,,,,,,,,,,,,,,,,,,,,,,,,,,,,,,,,,,,,,,,6.065,73.13,73.146,4,"5,13,14",6.987,42.361,42.365,4,"2,6,7",8.477,41.518,41.524,4,"11,14,16",8.918,51.956,51.964,4,"3,5,8",4.357,27.64,27.643,6,"1,2,10",8.57,53.848,53.857,4,"2,11,12",,,,,,,,,,,,,,,,,,,,,,,,,,,,,,,,,,,,,,,,,,,,,,,,,,,,,,,,,,,,,,,,,,,,,,,,,,,,,,,,,,,,,,,,,,,,,,,,,,,,,,,,,,,,,,,,,,,,,,,,,10.264,10.632,10.636,2,16,11.095,11.832,11.839,2,13,14.59,15.246,15.253,2,16,9.851,11.047,11.06,3,10,7.04,7.519,7.527,2,15,9.954,10.869,10.876,2,7,,,,,,,,,,,,,,,,,,,,,,,,,,,,,,,,,,,,,,,,,,,,,,,,,,,,,,,,,,,,,,,,,,,,,,,,,,,,,,,,,,,,,,,,,,,13.859,45.29,45.293,6,16,,,,,,,,,,,,,,,,,,,,,,,,,,,,,,,,,,,,,,,,,,,,,,,,,,,,,,,,,,,,,9.452,23.406,23.414,4,"3,8,14",10.46,26.068,26.078,5,"1,12,13",5.754,33.561,33.565,4,"4,5,10",9.634,74.721,74.744,4,"5,9,12",6.123,14.53,14.535,4,"7,9,16",7.975,16.063,16.072,5,"6,9,12",,,,,,,,,,,,,,,,,,,,,,,,,,,,,,,,,,,,,,,,,,,,,,,,,,,,,,,,,,,,,,,,,,,,,,,,,,,,,,,,,,,,,,,,,,,,,,,,,,,,,,,,,,,,,,,,,,,,,,,,,5.99,6.852,6.857,2,32,7.214,8.104,8.139,2,52,4.955,5.959,5.974,2,58,5.359,6.163,6.173,2,37,7.727,8.732,8.74,2,76,5.589,6.437,6.446,2,47,,,,,,,,,,,,,,,,,,,,,,,,,,,,,,,,,,,,,,,,,,,,,,,,,,,,,,,,,,,,,,,,,,,,,,,,,,,,,,,,,,,,,,,,,,,,,,,,,,,,,,,,,,,,,,,,,,,,,,,,,10.757,12.461,12.468,3,Staying the same,10.18,11.221,11.234,2,Increasing,9.368,11.435,11.443,2,Decreasing,5.784,7.024,7.028,3,Decreasing,11.89,12.723,12.728,2,Staying the same,8.742,10.525,10.532,2,Decreasing,,,,,,,,,,,,,,,,,,,,,,,,,,,,,,,,,,,,,,,,,,,,,,,,,,,,,,,,,,,,,,,,,,,,,,,,,,,,,,,,,,,,,,,,,,,,,,,,,,,,,,,,,,,,,,,,,,,,,,,,,,,,,,,,,,,,,,,,,,,,,,,,,,,,,,,Very easy,Very easy,Very easy,Very easy,Very easy,Somewhat easy,i felt design A was just simpler and easy to read. i preferred that chart,they were pretty straightforwarded,35-44 years old,Female,,White or Caucasian,No,Normal,,3,4,3,3,2,1