StartDate,EndDate,Progress,Duration (in seconds),Finished,RecordedDate,ResponseId,DistributionChannel,UserLanguage,AssistiveTech,DeviceAndFullScreen,StandardBandTrain,StandardColorTrain,IntSizeBandTrain,IntSizeColorTrain,SepSizeBandTrain,SepSizeColorTrain,CurValStanBandTrain,CurValStanColorTrain,CurValIntBandTrain,CurValIntColorTrain,CurValSepBandTrain,CurValSepColorTrain,IdentCurValTrain,EstTrendTrain,ControlBIdeCurVal1_First Click,ControlBIdeCurVal1_Last Click,ControlBIdeCurVal1_Page Submit,ControlBIdeCurVal1_Click Count,ControlBIdeCurVal1,ControlCIdeCurVal2_First Click,ControlCIdeCurVal2_Last Click,ControlCIdeCurVal2_Page Submit,ControlCIdeCurVal2_Click Count,ControlCIdeCurVal2,IntSizeBIdeCurVal3_First Click,IntSizeBIdeCurVal3_Last Click,IntSizeBIdeCurVal3_Page Submit,IntSizeBIdeCurVal3_Click Count,IntSizeBIdeCurVal3,IntSizeCIdeCurVal4_First Click,IntSizeCIdeCurVal4_Last Click,IntSizeCIdeCurVal4_Page Submit,IntSizeCIdeCurVal4_Click Count,IntSizeCIdeCurVal4,SepSizeBIdeCurVal5_First Click,SepSizeBIdeCurVal5_Last Click,SepSizeBIdeCurVal5_Page Submit,SepSizeBIdeCurVal5_Click Count,SepSizeBIdeCurVal5,SepSizeCIdeCurVal6_First Click,SepSizeCIdeCurVal6_Last Click,SepSizeCIdeCurVal6_Page Submit,SepSizeCIdeCurVal6_Click Count,SepSizeCIdeCurVal6,ControlBIdeCurVal2_First Click,ControlBIdeCurVal2_Last Click,ControlBIdeCurVal2_Page Submit,ControlBIdeCurVal2_Click Count,ControlBIdeCurVal2,ControlCIdeCurVal3_First Click,ControlCIdeCurVal3_Last Click,ControlCIdeCurVal3_Page Submit,ControlCIdeCurVal3_Click Count,ControlCIdeCurVal3,IntSizeBIdeCurVal4_First Click,IntSizeBIdeCurVal4_Last Click,IntSizeBIdeCurVal4_Page Submit,IntSizeBIdeCurVal4_Click Count,IntSizeBIdeCurVal4,IntSizeCIdeCurVal5_First Click,IntSizeCIdeCurVal5_Last Click,IntSizeCIdeCurVal5_Page Submit,IntSizeCIdeCurVal5_Click Count,IntSizeCIdeCurVal5,SepSizeBIdeCurVal6_First Click,SepSizeBIdeCurVal6_Last Click,SepSizeBIdeCurVal6_Page Submit,SepSizeBIdeCurVal6_Click Count,SepSizeBIdeCurVal6,SepSizeCIdeCurVal1_First Click,SepSizeCIdeCurVal1_Last Click,SepSizeCIdeCurVal1_Page Submit,SepSizeCIdeCurVal1_Click Count,SepSizeCIdeCurVal1,ControlBIdeCurVal3_First Click,ControlBIdeCurVal3_Last Click,ControlBIdeCurVal3_Page Submit,ControlBIdeCurVal3_Click Count,ControlBIdeCurVal3,ControlCIdeCurVal4_First Click,ControlCIdeCurVal4_Last Click,ControlCIdeCurVal4_Page Submit,ControlCIdeCurVal4_Click Count,ControlCIdeCurVal4,IntSizeBIdeCurVal5_First Click,IntSizeBIdeCurVal5_Last Click,IntSizeBIdeCurVal5_Page Submit,IntSizeBIdeCurVal5_Click Count,IntSizeBIdeCurVal5,IntSizeCIdeCurVal6_First Click,IntSizeCIdeCurVal6_Last Click,IntSizeCIdeCurVal6_Page Submit,IntSizeCIdeCurVal6_Click Count,IntSizeCIdeCurVal6,SepSizeBIdeCurVal1_First Click,SepSizeBIdeCurVal1_Last Click,SepSizeBIdeCurVal1_Page Submit,SepSizeBIdeCurVal1_Click Count,SepSizeBIdeCurVal1,SepSizeCIdeCurVal2_First Click,SepSizeCIdeCurVal2_Last Click,SepSizeCIdeCurVal2_Page Submit,SepSizeCIdeCurVal2_Click Count,SepSizeCIdeCurVal2,ControlBIdeCurVal4_First Click,ControlBIdeCurVal4_Last Click,ControlBIdeCurVal4_Page Submit,ControlBIdeCurVal4_Click Count,ControlBIdeCurVal4,ControlCIdeCurVal5_First Click,ControlCIdeCurVal5_Last Click,ControlCIdeCurVal5_Page Submit,ControlCIdeCurVal5_Click Count,ControlCIdeCurVal5,IntSizeBIdeCurVal6_First Click,IntSizeBIdeCurVal6_Last Click,IntSizeBIdeCurVal6_Page Submit,IntSizeBIdeCurVal6_Click Count,IntSizeBIdeCurVal6,IntSizeCIdeCurVal1_First Click,IntSizeCIdeCurVal1_Last Click,IntSizeCIdeCurVal1_Page Submit,IntSizeCIdeCurVal1_Click Count,IntSizeCIdeCurVal1,SepSizeBIdeCurVal2_First Click,SepSizeBIdeCurVal2_Last Click,SepSizeBIdeCurVal2_Page Submit,SepSizeBIdeCurVal2_Click Count,SepSizeBIdeCurVal2,SepSizeCIdeCurVal3_First Click,SepSizeCIdeCurVal3_Last Click,SepSizeCIdeCurVal3_Page Submit,SepSizeCIdeCurVal3_Click Count,SepSizeCIdeCurVal3,ControlBIdeCurVal5_First Click,ControlBIdeCurVal5_Last Click,ControlBIdeCurVal5_Page Submit,ControlBIdeCurVal5_Click Count,ControlBIdeCurVal5,ControlCIdeCurVal6_First Click,ControlCIdeCurVal6_Last Click,ControlCIdeCurVal6_Page Submit,ControlCIdeCurVal6_Click Count,ControlCIdeCurVal6,IntSizeBIdeCurVal1_First Click,IntSizeBIdeCurVal1_Last Click,IntSizeBIdeCurVal1_Page Submit,IntSizeBIdeCurVal1_Click Count,IntSizeBIdeCurVal1,IntSizeCIdeCurVal2_First Click,IntSizeCIdeCurVal2_Last Click,IntSizeCIdeCurVal2_Page Submit,IntSizeCIdeCurVal2_Click Count,IntSizeCIdeCurVal2,SepSizeBIdeCurVal3_First Click,SepSizeBIdeCurVal3_Last Click,SepSizeBIdeCurVal3_Page Submit,SepSizeBIdeCurVal3_Click Count,SepSizeBIdeCurVal3,SepSizeCIdeCurVal4_First Click,SepSizeCIdeCurVal4_Last Click,SepSizeCIdeCurVal4_Page Submit,SepSizeCIdeCurVal4_Click Count,SepSizeCIdeCurVal4,ControlBIdeCurVal6_First Click,ControlBIdeCurVal6_Last Click,ControlBIdeCurVal6_Page Submit,ControlBIdeCurVal6_Click Count,ControlBIdeCurVal6,ControlCIdeCurVal1_First Click,ControlCIdeCurVal1_Last Click,ControlCIdeCurVal1_Page Submit,ControlCIdeCurVal1_Click Count,ControlCIdeCurVal1,IntSizeBIdeCurVal2_First Click,IntSizeBIdeCurVal2_Last Click,IntSizeBIdeCurVal2_Page Submit,IntSizeBIdeCurVal2_Click Count,IntSizeBIdeCurVal2,IntSizeCIdeCurVal3_First Click,IntSizeCIdeCurVal3_Last Click,IntSizeCIdeCurVal3_Page Submit,IntSizeCIdeCurVal3_Click Count,IntSizeCIdeCurVal3,SepSizeBIdeCurVal4_First Click,SepSizeBIdeCurVal4_Last Click,SepSizeBIdeCurVal4_Page Submit,SepSizeBIdeCurVal4_Click Count,SepSizeBIdeCurVal4,SepSizeCIdeCurVal5_First Click,SepSizeCIdeCurVal5_Last Click,SepSizeCIdeCurVal5_Page Submit,SepSizeCIdeCurVal5_Click Count,SepSizeCIdeCurVal5,ControlBIdeTrend7_First Click,ControlBIdeTrend7_Last Click,ControlBIdeTrend7_Page Submit,ControlBIdeTrend7_Click Count,ControlBIdeTrend7,ControlCIdeTrend8_First Click,ControlCIdeTrend8_Last Click,ControlCIdeTrend8_Page Submit,ControlCIdeTrend8_Click Count,ControlCIdeTrend8,IntSizeBIdeTrend9_First Click,IntSizeBIdeTrend9_Last Click,IntSizeBIdeTrend9_Page Submit,IntSizeBIdeTrend9_Click Count,IntSizeBIdeTrend9,IntSizeCIdeTrend10_First Click,IntSizeCIdeTrend10_Last Click,IntSizeCIdeTrend10_Page Submit,IntSizeCIdeTrend10_Click Count,IntSizeCIdeTrend10,SepSizeBIdeTrend11_First Click,SepSizeBIdeTrend11_Last Click,SepSizeBIdeTrend11_Page Submit,SepSizeBIdeTrend11_Click Count,SepSizeBIdeTrend11,SepSizeCIdeTrend12_First Click,SepSizeCIdeTrend12_Last Click,SepSizeCIdeTrend12_Page Submit,SepSizeCIdeTrend12_Click Count,SepSizeCIdeTrend12,ControlBIdeTrend8_First Click,ControlBIdeTrend8_Last Click,ControlBIdeTrend8_Page Submit,ControlBIdeTrend8_Click Count,ControlBIdeTrend8,ControlCIdeTrend9_First Click,ControlCIdeTrend9_Last Click,ControlCIdeTrend9_Page Submit,ControlCIdeTrend9_Click Count,ControlCIdeTrend9,IntSizeBIdeTrend10_First Click,IntSizeBIdeTrend10_Last Click,IntSizeBIdeTrend10_Page Submit,IntSizeBIdeTrend10_Click Count,IntSizeBIdeTrend10,IntSizeCIdeTrend11_First Click,IntSizeCIdeTrend11_Last Click,IntSizeCIdeTrend11_Page Submit,IntSizeCIdeTrend11_Click Count,IntSizeCIdeTrend11,SepSizeBIdeTrend12_First Click,SepSizeBIdeTrend12_Last Click,SepSizeBIdeTrend12_Page Submit,SepSizeBIdeTrend12_Click Count,SepSizeBIdeTrend12,SepSizeCIdeTrend7_First Click,SepSizeCIdeTrend7_Last Click,SepSizeCIdeTrend7_Page Submit,SepSizeCIdeTrend7_Click Count,SepSizeCIdeTrend7,ControlBIdeTrend9_First Click,ControlBIdeTrend9_Last Click,ControlBIdeTrend9_Page Submit,ControlBIdeTrend9_Click Count,ControlBIdeTrend9,ControlCIdeTrend10_First Click,ControlCIdeTrend10_Last Click,ControlCIdeTrend10_Page Submit,ControlCIdeTrend10_Click Count,ControlCIdeTrend10,IntSizeBIdeTrend11_First Click,IntSizeBIdeTrend11_Last Click,IntSizeBIdeTrend11_Page Submit,IntSizeBIdeTrend11_Click Count,IntSizeBIdeTrend11,IntSizeCIdeTrend12_First Click,IntSizeCIdeTrend12_Last Click,IntSizeCIdeTrend12_Page Submit,IntSizeCIdeTrend12_Click Count,IntSizeCIdeTrend12,SepSizeBIdeTrend7_First Click,SepSizeBIdeTrend7_Last Click,SepSizeBIdeTrend7_Page Submit,SepSizeBIdeTrend7_Click Count,SepSizeBIdeTrend7,SepSizeCIdeTrend8_First Click,SepSizeCIdeTrend8_Last Click,SepSizeCIdeTrend8_Page Submit,SepSizeCIdeTrend8_Click Count,SepSizeCIdeTrend8,ControlBIdeTrend10_First Click,ControlBIdeTrend10_Last Click,ControlBIdeTrend10_Page Submit,ControlBIdeTrend10_Click Count,ControlBIdeTrend10,ControlCIdeTrend11_First Click,ControlCIdeTrend11_Last Click,ControlCIdeTrend11_Page Submit,ControlCIdeTrend11_Click Count,ControlCIdeTrend11,IntSizeBIdeTrend12_First Click,IntSizeBIdeTrend12_Last Click,IntSizeBIdeTrend12_Page Submit,IntSizeBIdeTrend12_Click Count,IntSizeBIdeTrend12,IntSizeCIdeTrend7_First Click,IntSizeCIdeTrend7_Last Click,IntSizeCIdeTrend7_Page Submit,IntSizeCIdeTrend7_Click Count,IntSizeCIdeTrend7,SepSizeBIdeTrend8_First Click,SepSizeBIdeTrend8_Last Click,SepSizeBIdeTrend8_Page Submit,SepSizeBIdeTrend8_Click Count,SepSizeBIdeTrend8,SepSizeCIdeTrend9_First Click,SepSizeCIdeTrend9_Last Click,SepSizeCIdeTrend9_Page Submit,SepSizeCIdeTrend9_Click Count,SepSizeCIdeTrend9,ControlBIdeTrend11_First Click,ControlBIdeTrend11_Last Click,ControlBIdeTrend11_Page Submit,ControlBIdeTrend11_Click Count,ControlBIdeTrend11,ControlCIdeTrend12_First Click,ControlCIdeTrend12_Last Click,ControlCIdeTrend12_Page Submit,ControlCIdeTrend12_Click Count,ControlCIdeTrend12,IntSizeBIdeTrend7_First Click,IntSizeBIdeTrend7_Last Click,IntSizeBIdeTrend7_Page Submit,IntSizeBIdeTrend7_Click Count,IntSizeBIdeTrend7,IntSizeCIdeTrend8_First Click,IntSizeCIdeTrend8_Last Click,IntSizeCIdeTrend8_Page Submit,IntSizeCIdeTrend8_Click Count,IntSizeCIdeTrend8,SepSizeBIdeTrend9_First Click,SepSizeBIdeTrend9_Last Click,SepSizeBIdeTrend9_Page Submit,SepSizeBIdeTrend9_Click Count,SepSizeBIdeTrend9,SepSizeCIdeTrend10_First Click,SepSizeCIdeTrend10_Last Click,SepSizeCIdeTrend10_Page Submit,SepSizeCIdeTrend10_Click Count,SepSizeCIdeTrend10,ControlBIdeTrend12_First Click,ControlBIdeTrend12_Last Click,ControlBIdeTrend12_Page Submit,ControlBIdeTrend12_Click Count,ControlBIdeTrend12,ControlCIdeTrend7_First Click,ControlCIdeTrend7_Last Click,ControlCIdeTrend7_Page Submit,ControlCIdeTrend7_Click Count,ControlCIdeTrend7,IntSizeBIdeTrend8_First Click,IntSizeBIdeTrend8_Last Click,IntSizeBIdeTrend8_Page Submit,IntSizeBIdeTrend8_Click Count,IntSizeBIdeTrend8,IntSizeCIdeTrend9_First Click,IntSizeCIdeTrend9_Last Click,IntSizeCIdeTrend9_Page Submit,IntSizeCIdeTrend9_Click Count,IntSizeCIdeTrend9,SepSizeBIdeTrend10_First Click,SepSizeBIdeTrend10_Last Click,SepSizeBIdeTrend10_Page Submit,SepSizeBIdeTrend10_Click Count,SepSizeBIdeTrend10,SepSizeCIdeTrend11_First Click,SepSizeCIdeTrend11_Last Click,SepSizeCIdeTrend11_Page Submit,SepSizeCIdeTrend11_Click Count,SepSizeCIdeTrend11,ControlBEstCurVal13_First Click,ControlBEstCurVal13_Last Click,ControlBEstCurVal13_Page Submit,ControlBEstCurVal13_Click Count,ControlBEstCurVal13,ControlCEstCurVal14_First Click,ControlCEstCurVal14_Last Click,ControlCEstCurVal14_Page Submit,ControlCEstCurVal14_Click Count,ControlCEstCurVal14,IntSizeBEstCurVal15_First Click,IntSizeBEstCurVal15_Last Click,IntSizeBEstCurVal15_Page Submit,IntSizeBEstCurVal15_Click Count,IntSizeBEstCurVal15,IntSizeCEstCurVal16_First Click,IntSizeCEstCurVal16_Last Click,IntSizeCEstCurVal16_Page Submit,IntSizeCEstCurVal16_Click Count,IntSizeCEstCurVal16,SepSizeBEstCurVal17_First Click,SepSizeBEstCurVal17_Last Click,SepSizeBEstCurVal17_Page Submit,SepSizeBEstCurVal17_Click Count,SepSizeBEstCurVal17,SepSizeCEstCurVal18_First Click,SepSizeCEstCurVal18_Last Click,SepSizeCEstCurVal18_Page Submit,SepSizeCEstCurVal18_Click Count,SepSizeCEstCurVal18,ControlBEstCurVal14_First Click,ControlBEstCurVal14_Last Click,ControlBEstCurVal14_Page Submit,ControlBEstCurVal14_Click Count,ControlBEstCurVal14,ControlCEstCurVal15_First Click,ControlCEstCurVal15_Last Click,ControlCEstCurVal15_Page Submit,ControlCEstCurVal15_Click Count,ControlCEstCurVal15,IntSizeBEstCurVal16_First Click,IntSizeBEstCurVal16_Last Click,IntSizeBEstCurVal16_Page Submit,IntSizeBEstCurVal16_Click Count,IntSizeBEstCurVal16,IntSizeCEstCurVal17_First Click,IntSizeCEstCurVal17_Last Click,IntSizeCEstCurVal17_Page Submit,IntSizeCEstCurVal17_Click Count,IntSizeCEstCurVal17,SepSizeBEstCurVal18_First Click,SepSizeBEstCurVal18_Last Click,SepSizeBEstCurVal18_Page Submit,SepSizeBEstCurVal18_Click Count,SepSizeBEstCurVal18,SepSizeCEstCurVal13_First Click,SepSizeCEstCurVal13_Last Click,SepSizeCEstCurVal13_Page Submit,SepSizeCEstCurVal13_Click Count,SepSizeCEstCurVal13,ControlBEstCurVal15_First Click,ControlBEstCurVal15_Last Click,ControlBEstCurVal15_Page Submit,ControlBEstCurVal15_Click Count,ControlBEstCurVal15,ControlCEstCurVal16_First Click,ControlCEstCurVal16_Last Click,ControlCEstCurVal16_Page Submit,ControlCEstCurVal16_Click Count,ControlCEstCurVal16,IntSizeBEstCurVal17_First Click,IntSizeBEstCurVal17_Last Click,IntSizeBEstCurVal17_Page Submit,IntSizeBEstCurVal17_Click Count,IntSizeBEstCurVal17,IntSizeCEstCurVal18_First Click,IntSizeCEstCurVal18_Last Click,IntSizeCEstCurVal18_Page Submit,IntSizeCEstCurVal18_Click Count,IntSizeCEstCurVal18,SepSizeBEstCurVal13_First Click,SepSizeBEstCurVal13_Last Click,SepSizeBEstCurVal13_Page Submit,SepSizeBEstCurVal13_Click Count,SepSizeBEstCurVal13,SepSizeCEstCurVal14_First Click,SepSizeCEstCurVal14_Last Click,SepSizeCEstCurVal14_Page Submit,SepSizeCEstCurVal14_Click Count,SepSizeCEstCurVal14,ControlBEstCurVal16_First Click,ControlBEstCurVal16_Last Click,ControlBEstCurVal16_Page Submit,ControlBEstCurVal16_Click Count,ControlBEstCurVal16,ControlCEstCurVal17_First Click,ControlCEstCurVal17_Last Click,ControlCEstCurVal17_Page Submit,ControlCEstCurVal17_Click Count,ControlCEstCurVal17,IntSizeBEstCurVal18_First Click,IntSizeBEstCurVal18_Last Click,IntSizeBEstCurVal18_Page Submit,IntSizeBEstCurVal18_Click Count,IntSizeBEstCurVal18,IntSizeCEstCurVal13_First Click,IntSizeCEstCurVal13_Last Click,IntSizeCEstCurVal13_Page Submit,IntSizeCEstCurVal13_Click Count,IntSizeCEstCurVal13,SepSizeBEstCurVal14_First Click,SepSizeBEstCurVal14_Last Click,SepSizeBEstCurVal14_Page Submit,SepSizeBEstCurVal14_Click Count,SepSizeBEstCurVal14,SepSizeCEstCurVal15_First Click,SepSizeCEstCurVal15_Last Click,SepSizeCEstCurVal15_Page Submit,SepSizeCEstCurVal15_Click Count,SepSizeCEstCurVal15,ControlBEstCurVal17_First Click,ControlBEstCurVal17_Last Click,ControlBEstCurVal17_Page Submit,ControlBEstCurVal17_Click Count,ControlBEstCurVal17,ControlCEstCurVal18_First Click,ControlCEstCurVal18_Last Click,ControlCEstCurVal18_Page Submit,ControlCEstCurVal18_Click Count,ControlCEstCurVal18,IntSizeBEstCurVal13_First Click,IntSizeBEstCurVal13_Last Click,IntSizeBEstCurVal13_Page Submit,IntSizeBEstCurVal13_Click Count,IntSizeBEstCurVal13,IntSizeCEstCurVal14_First Click,IntSizeCEstCurVal14_Last Click,IntSizeCEstCurVal14_Page Submit,IntSizeCEstCurVal14_Click Count,IntSizeCEstCurVal14,SepSizeBEstCurVal15_First Click,SepSizeBEstCurVal15_Last Click,SepSizeBEstCurVal15_Page Submit,SepSizeBEstCurVal15_Click Count,SepSizeBEstCurVal15,SepSizeCEstCurVal16_First Click,SepSizeCEstCurVal16_Last Click,SepSizeCEstCurVal16_Page Submit,SepSizeCEstCurVal16_Click Count,SepSizeCEstCurVal16,ControlBEstCurVal18_First Click,ControlBEstCurVal18_Last Click,ControlBEstCurVal18_Page Submit,ControlBEstCurVal18_Click Count,ControlBEstCurVal18,ControlCEstCurVal13_First Click,ControlCEstCurVal13_Last Click,ControlCEstCurVal13_Page Submit,ControlCEstCurVal13_Click Count,ControlCEstCurVal13,IntSizeBEstCurVal14_First Click,IntSizeBEstCurVal14_Last Click,IntSizeBEstCurVal14_Page Submit,IntSizeBEstCurVal14_Click Count,IntSizeBEstCurVal14,IntSizeCEstCurVal15_First Click,IntSizeCEstCurVal15_Last Click,IntSizeCEstCurVal15_Page Submit,IntSizeCEstCurVal15_Click Count,IntSizeCEstCurVal15,SepSizeBEstCurVal16_First Click,SepSizeBEstCurVal16_Last Click,SepSizeBEstCurVal16_Page Submit,SepSizeBEstCurVal16_Click Count,SepSizeBEstCurVal16,SepSizeCEstCurVal17_First Click,SepSizeCEstCurVal17_Last Click,SepSizeCEstCurVal17_Page Submit,SepSizeCEstCurVal17_Click Count,SepSizeCEstCurVal17,AttentionCheck_First Click,AttentionCheck_Last Click,AttentionCheck_Page Submit,AttentionCheck_Click Count,AttentionCheck,ControlBEstTrend19_First Click,ControlBEstTrend19_Last Click,ControlBEstTrend19_Page Submit,ControlBEstTrend19_Click Count,ControlBEstTrend19,ControlCEstTrend20_First Click,ControlCEstTrend20_Last Click,ControlCEstTrend20_Page Submit,ControlCEstTrend20_Click Count,ControlCEstTrend20,IntSizeBEstTrend21_First Click,IntSizeBEstTrend21_Last Click,IntSizeBEstTrend21_Page Submit,IntSizeBEstTrend21_Click Count,IntSizeBEstTrend21,IntSizeCEstTrend22_First Click,IntSizeCEstTrend22_Last Click,IntSizeCEstTrend22_Page Submit,IntSizeCEstTrend22_Click Count,IntSizeCEstTrend22,SepSizeBEstTrend23_First Click,SepSizeBEstTrend23_Last Click,SepSizeBEstTrend23_Page Submit,SepSizeBEstTrend23_Click Count,SepSizeBEstTrend23,SepSizeCEstTrend24_First Click,SepSizeCEstTrend24_Last Click,SepSizeCEstTrend24_Page Submit,SepSizeCEstTrend24_Click Count,SepSizeCEstTrend24,ControlBEstTrend20_First Click,ControlBEstTrend20_Last Click,ControlBEstTrend20_Page Submit,ControlBEstTrend20_Click Count,ControlBEstTrend20,ControlCEstTrend21_First Click,ControlCEstTrend21_Last Click,ControlCEstTrend21_Page Submit,ControlCEstTrend21_Click Count,ControlCEstTrend21,IntSizeBEstTrend22_First Click,IntSizeBEstTrend22_Last Click,IntSizeBEstTrend22_Page Submit,IntSizeBEstTrend22_Click Count,IntSizeBEstTrend22,IntSizeCEstTrend23_First Click,IntSizeCEstTrend23_Last Click,IntSizeCEstTrend23_Page Submit,IntSizeCEstTrend23_Click Count,IntSizeCEstTrend23,SepSizeBEstTrend24_First Click,SepSizeBEstTrend24_Last Click,SepSizeBEstTrend24_Page Submit,SepSizeBEstTrend24_Click Count,SepSizeBEstTrend24,SepSizeCEstTrend19_First Click,SepSizeCEstTrend19_Last Click,SepSizeCEstTrend19_Page Submit,SepSizeCEstTrend19_Click Count,SepSizeCEstTrend19,ControlBEstTrend21_First Click,ControlBEstTrend21_Last Click,ControlBEstTrend21_Page Submit,ControlBEstTrend21_Click Count,ControlBEstTrend21,ControlCEstTrend22_First Click,ControlCEstTrend22_Last Click,ControlCEstTrend22_Page Submit,ControlCEstTrend22_Click Count,ControlCEstTrend22,IntSizeBEstTrend23_First Click,IntSizeBEstTrend23_Last Click,IntSizeBEstTrend23_Page Submit,IntSizeBEstTrend23_Click Count,IntSizeBEstTrend23,IntSizeCEstTrend24_First Click,IntSizeCEstTrend24_Last Click,IntSizeCEstTrend24_Page Submit,IntSizeCEstTrend24_Click Count,IntSizeCEstTrend24,SepSizeBEstTrend19_First Click,SepSizeBEstTrend19_Last Click,SepSizeBEstTrend19_Page Submit,SepSizeBEstTrend19_Click Count,SepSizeBEstTrend19,SepSizeCEstTrend20_First Click,SepSizeCEstTrend20_Last Click,SepSizeCEstTrend20_Page Submit,SepSizeCEstTrend20_Click Count,SepSizeCEstTrend20,ControlBEstTrend22_First Click,ControlBEstTrend22_Last Click,ControlBEstTrend22_Page Submit,ControlBEstTrend22_Click Count,ControlBEstTrend22,ControlCEstTrend23_First Click,ControlCEstTrend23_Last Click,ControlCEstTrend23_Page Submit,ControlCEstTrend23_Click Count,ControlCEstTrend23,IntSizeBEstTrend24_First Click,IntSizeBEstTrend24_Last Click,IntSizeBEstTrend24_Page Submit,IntSizeBEstTrend24_Click Count,IntSizeBEstTrend24,IntSizeCEstTrend19_First Click,IntSizeCEstTrend19_Last Click,IntSizeCEstTrend19_Page Submit,IntSizeCEstTrend19_Click Count,IntSizeCEstTrend19,SepSizeBEstTrend20_First Click,SepSizeBEstTrend20_Last Click,SepSizeBEstTrend20_Page Submit,SepSizeBEstTrend20_Click Count,SepSizeBEstTrend20,SepSizeCEstTrend21_First Click,SepSizeCEstTrend21_Last Click,SepSizeCEstTrend21_Page Submit,SepSizeCEstTrend21_Click Count,SepSizeCEstTrend21,ControlBEstTrend23_First Click,ControlBEstTrend23_Last Click,ControlBEstTrend23_Page Submit,ControlBEstTrend23_Click Count,ControlBEstTrend23,ControlCEstTrend24_First Click,ControlCEstTrend24_Last Click,ControlCEstTrend24_Page Submit,ControlCEstTrend24_Click Count,ControlCEstTrend24,IntSizeBEstTrend19_First Click,IntSizeBEstTrend19_Last Click,IntSizeBEstTrend19_Page Submit,IntSizeBEstTrend19_Click Count,IntSizeBEstTrend19,IntSizeCEstTrend20_First Click,IntSizeCEstTrend20_Last Click,IntSizeCEstTrend20_Page Submit,IntSizeCEstTrend20_Click Count,IntSizeCEstTrend20,SepSizeBEstTrend21_First Click,SepSizeBEstTrend21_Last Click,SepSizeBEstTrend21_Page Submit,SepSizeBEstTrend21_Click Count,SepSizeBEstTrend21,SepSizeCEstTrend22_First Click,SepSizeCEstTrend22_Last Click,SepSizeCEstTrend22_Page Submit,SepSizeCEstTrend22_Click Count,SepSizeCEstTrend22,ControlBEstTrend24_First Click,ControlBEstTrend24_Last Click,ControlBEstTrend24_Page Submit,ControlBEstTrend24_Click Count,ControlBEstTrend24,ControlCEstTrend19_First Click,ControlCEstTrend19_Last Click,ControlCEstTrend19_Page Submit,ControlCEstTrend19_Click Count,ControlCEstTrend19,IntSizeBEstTrend20_First Click,IntSizeBEstTrend20_Last Click,IntSizeBEstTrend20_Page Submit,IntSizeBEstTrend20_Click Count,IntSizeBEstTrend20,IntSizeCEstTrend21_First Click,IntSizeCEstTrend21_Last Click,IntSizeCEstTrend21_Page Submit,IntSizeCEstTrend21_Click Count,IntSizeCEstTrend21,SepSizeBEstTrend22_First Click,SepSizeBEstTrend22_Last Click,SepSizeBEstTrend22_Page Submit,SepSizeBEstTrend22_Click Count,SepSizeBEstTrend22,SepSizeCEstTrend23_First Click,SepSizeCEstTrend23_Last Click,SepSizeCEstTrend23_Page Submit,SepSizeCEstTrend23_Click Count,SepSizeCEstTrend23,StandardBandRating,StandardColorRating,IntSizeBandRating,IntSizeColorRating,SepSizeBandRating,SepSizeColorRating,Q177,Feedback,Age,Gender,Gender_4_TEXT,Race,Hispanic/Latino,Q179,Q181,Ident Cur Val,Ident Trend,Est Cur Val,Est Trend
Start Date,End Date,Progress,Duration (in seconds),Finished,Recorded Date,Response ID,Distribution Channel,User Language,"Before continuing, please ensure and confirm you are using any assistive technologies for your vision that you generally find necessary for completing tasks on a screen, such as prescription glasses, reading glasses, or contact lenses, as needed.","Additionally, please ensure you are taking this survey on a desktop or laptop computer, not on a tablet, mobile phone, or other device. 

Please make your browser full screen before continuing.","For all graphs, the label for each machine is above the individual readout. The range of output valu","Design B


Design B is like Design A except the color of the points indicates the acceptable range of a machine's output:

	Orange is above 70 (too high).
	Gray is within or exactly 30 to 70 (acceptable)
	Blue is below 30 (too low)



Which machine has been outside the acceptable range most frequently?","Design C


Design C is like Design A except the size of the gray square label corresponds to the current output reading, where a smaller label corresponds a lower value and a larger label corresponds to a higher value. Like Design A, the gray band indicates acceptable range of a machine's output, which is from 30 to 70 parts per minute.





Which machine has been outside the acceptable range most frequently?","Design D


Design D is like Design B , except the size of the square label corresponds to the current output reading, where a smaller label corresponds a lower value and a larger label corresponds to a higher value. The color of the points indicates the acceptable range of a machine's output:

	Orange is above 70 (too high).
	Gray is within or exactly 30 to 70 (acceptable)
	Blue is below 30 (too low)



Which machine has been outside the acceptable range most frequently?","Design E


Design E is like Design C, except the label is in the upper right of the graph next to the machine number. The size of the label corresponds to the current output reading.



The gray band near the label indicates the acceptable range of a machine's output:

	When the label is above the gray band, it means the value is above 70 (too high)
	When the label is within the gray band, the value is within or exactly 30 to 70 (acceptable)
	When the label is below the gray band, the value is below 30 (too low)



Which machine has been outside the acceptable range most frequently?","Design F


Design F is like Design D, except the label is in the upper right of the graph next to the machine number. The size of the label corresponds to the current output reading.The color of the points indicates the acceptable range of a machine's output:

	Orange is above 70 (too high).
	Gray is within or exactly 30 to 70 (acceptable)
	Blue is below 30 (too low)



Which machine has been outside the acceptable range most frequently?","Is the current output of Machine 7 below, within, or above the acceptable range of 30 to 70 parts per minute?","Is the current output of Machine 9 below, within, or above the acceptable range of 30 to 70 parts per minute?","Is the current output of Machine 12 below, within, or above the acceptable range of 30 to 70 parts per minute?","Is the current output of Machine 13 below, within, or above the acceptable range of 30 to 70 parts per minute?","Is the current output of Machine 9 below, within, or above the acceptable range of 30 to 70 parts per minute?","Is the current output of Machine 5 below, within, or above the acceptable range of 30 to 70 parts per minute?","Find 3 plots that are outside the acceptable range right now. There may be more, but please select only 3.",Has Machine 3 ever been outside of the acceptable range?,Timing - First Click,Timing - Last Click,Timing - Page Submit,Timing - Click Count,"Find 3 plots that are outside the acceptable range right now. There may be more, but please select only 3.",Timing - First Click,Timing - Last Click,Timing - Page Submit,Timing - Click Count,"Find 3 plots that are outside the acceptable range right now. There may be more, but please select only 3.",Timing - First Click,Timing - Last Click,Timing - Page Submit,Timing - Click Count,"Find 3 plots that are outside the acceptable range right now. There may be more, but please select only 3.",Timing - First Click,Timing - Last Click,Timing - Page Submit,Timing - Click Count,"Find 3 plots that are outside the acceptable range right now. There may be more, but please select only 3.",Timing - First Click,Timing - Last Click,Timing - Page Submit,Timing - Click Count,"Find 3 plots that are outside the acceptable range right now. There may be more, but please select only 3.",Timing - First Click,Timing - Last Click,Timing - Page Submit,Timing - Click Count,"Find 3 plots that are outside the acceptable range right now. There may be more, but please select only 3.",Timing - First Click,Timing - Last Click,Timing - Page Submit,Timing - Click Count,"Find 3 plots that are outside the acceptable range right now. There may be more, but please select only 3.",Timing - First Click,Timing - Last Click,Timing - Page Submit,Timing - Click Count,"Find 3 plots that are outside the acceptable range right now. There may be more, but please select only 3.",Timing - First Click,Timing - Last Click,Timing - Page Submit,Timing - Click Count,"Find 3 plots that are outside the acceptable range right now. There may be more, but please select only 3.",Timing - First Click,Timing - Last Click,Timing - Page Submit,Timing - Click Count,"Find 3 plots that are outside the acceptable range right now. There may be more, but please select only 3.",Timing - First Click,Timing - Last Click,Timing - Page Submit,Timing - Click Count,"Find 3 plots that are outside the acceptable range right now. There may be more, but please select only 3.",Timing - First Click,Timing - Last Click,Timing - Page Submit,Timing - Click Count,"Find 3 plots that are outside the acceptable range right now. There may be more, but please select only 3.",Timing - First Click,Timing - Last Click,Timing - Page Submit,Timing - Click Count,"Find 3 plots that are outside the acceptable range right now. There may be more, but please select only 3.",Timing - First Click,Timing - Last Click,Timing - Page Submit,Timing - Click Count,"Find 3 plots that are outside the acceptable range right now. There may be more, but please select only 3.",Timing - First Click,Timing - Last Click,Timing - Page Submit,Timing - Click Count,"Find 3 plots that are outside the acceptable range right now. There may be more, but please select only 3.",Timing - First Click,Timing - Last Click,Timing - Page Submit,Timing - Click Count,"Find 3 plots that are outside the acceptable range right now. There may be more, but please select only 3.",Timing - First Click,Timing - Last Click,Timing - Page Submit,Timing - Click Count,"Find 3 plots that are outside the acceptable range right now. There may be more, but please select only 3.",Timing - First Click,Timing - Last Click,Timing - Page Submit,Timing - Click Count,"Find 3 plots that are outside the acceptable range right now. There may be more, but please select only 3.",Timing - First Click,Timing - Last Click,Timing - Page Submit,Timing - Click Count,"Find 3 plots that are outside the acceptable range right now. There may be more, but please select only 3.",Timing - First Click,Timing - Last Click,Timing - Page Submit,Timing - Click Count,"Find 3 plots that are outside the acceptable range right now. There may be more, but please select only 3.",Timing - First Click,Timing - Last Click,Timing - Page Submit,Timing - Click Count,"Find 3 plots that are outside the acceptable range right now. There may be more, but please select only 3.",Timing - First Click,Timing - Last Click,Timing - Page Submit,Timing - Click Count,"Find 3 plots that are outside the acceptable range right now. There may be more, but please select only 3.",Timing - First Click,Timing - Last Click,Timing - Page Submit,Timing - Click Count,"Find 3 plots that are outside the acceptable range right now. There may be more, but please select only 3.",Timing - First Click,Timing - Last Click,Timing - Page Submit,Timing - Click Count,"Find 3 plots that are outside the acceptable range right now. There may be more, but please select only 3.",Timing - First Click,Timing - Last Click,Timing - Page Submit,Timing - Click Count,"Find 3 plots that are outside the acceptable range right now. There may be more, but please select only 3.",Timing - First Click,Timing - Last Click,Timing - Page Submit,Timing - Click Count,"Find 3 plots that are outside the acceptable range right now. There may be more, but please select only 3.",Timing - First Click,Timing - Last Click,Timing - Page Submit,Timing - Click Count,"Find 3 plots that are outside the acceptable range right now. There may be more, but please select only 3.",Timing - First Click,Timing - Last Click,Timing - Page Submit,Timing - Click Count,"Find 3 plots that are outside the acceptable range right now. There may be more, but please select only 3.",Timing - First Click,Timing - Last Click,Timing - Page Submit,Timing - Click Count,"Find 3 plots that are outside the acceptable range right now. There may be more, but please select only 3.",Timing - First Click,Timing - Last Click,Timing - Page Submit,Timing - Click Count,"Find 3 plots that are outside the acceptable range right now. There may be more, but please select only 3.",Timing - First Click,Timing - Last Click,Timing - Page Submit,Timing - Click Count,"Find 3 plots that are outside the acceptable range right now. There may be more, but please select only 3.",Timing - First Click,Timing - Last Click,Timing - Page Submit,Timing - Click Count,"Find 3 plots that are outside the acceptable range right now. There may be more, but please select only 3.",Timing - First Click,Timing - Last Click,Timing - Page Submit,Timing - Click Count,"Find 3 plots that are outside the acceptable range right now. There may be more, but please select only 3.",Timing - First Click,Timing - Last Click,Timing - Page Submit,Timing - Click Count,"Find 3 plots that are outside the acceptable range right now. There may be more, but please select only 3.",Timing - First Click,Timing - Last Click,Timing - Page Submit,Timing - Click Count,"Find 3 plots that are outside the acceptable range right now. There may be more, but please select only 3.",Timing - First Click,Timing - Last Click,Timing - Page Submit,Timing - Click Count,"Find 3 plots that are outside the acceptable range right now. There may be more, but please select only 3.",Timing - First Click,Timing - Last Click,Timing - Page Submit,Timing - Click Count,Which machine has been outside the acceptable range most frequently?,Timing - First Click,Timing - Last Click,Timing - Page Submit,Timing - Click Count,Which machine has been outside the acceptable range most frequently?,Timing - First Click,Timing - Last Click,Timing - Page Submit,Timing - Click Count,Which machine has been outside the acceptable range most frequently?,Timing - First Click,Timing - Last Click,Timing - Page Submit,Timing - Click Count,Which machine has been outside the acceptable range most frequently?,Timing - First Click,Timing - Last Click,Timing - Page Submit,Timing - Click Count,Which machine has been outside the acceptable range most frequently?,Timing - First Click,Timing - Last Click,Timing - Page Submit,Timing - Click Count,Which machine has been outside the acceptable range most frequently?,Timing - First Click,Timing - Last Click,Timing - Page Submit,Timing - Click Count,Which machine has been outside the acceptable range most frequently?,Timing - First Click,Timing - Last Click,Timing - Page Submit,Timing - Click Count,Which machine has been outside the acceptable range most frequently?,Timing - First Click,Timing - Last Click,Timing - Page Submit,Timing - Click Count,Which machine has been outside the acceptable range most frequently?,Timing - First Click,Timing - Last Click,Timing - Page Submit,Timing - Click Count,Which machine has been outside the acceptable range most frequently?,Timing - First Click,Timing - Last Click,Timing - Page Submit,Timing - Click Count,Which machine has been outside the acceptable range most frequently?,Timing - First Click,Timing - Last Click,Timing - Page Submit,Timing - Click Count,Which machine has been outside the acceptable range most frequently?,Timing - First Click,Timing - Last Click,Timing - Page Submit,Timing - Click Count,Which machine has been outside the acceptable range most frequently?,Timing - First Click,Timing - Last Click,Timing - Page Submit,Timing - Click Count,Which machine has been outside the acceptable range most frequently?,Timing - First Click,Timing - Last Click,Timing - Page Submit,Timing - Click Count,Which machine has been outside the acceptable range most frequently?,Timing - First Click,Timing - Last Click,Timing - Page Submit,Timing - Click Count,Which machine has been outside the acceptable range most frequently?,Timing - First Click,Timing - Last Click,Timing - Page Submit,Timing - Click Count,Which machine has been outside the acceptable range most frequently?,Timing - First Click,Timing - Last Click,Timing - Page Submit,Timing - Click Count,Which machine has been outside the acceptable range most frequently?,Timing - First Click,Timing - Last Click,Timing - Page Submit,Timing - Click Count,Which machine has been outside the acceptable range most frequently?,Timing - First Click,Timing - Last Click,Timing - Page Submit,Timing - Click Count,Which machine has been outside the acceptable range most frequently?,Timing - First Click,Timing - Last Click,Timing - Page Submit,Timing - Click Count,Which machine has been outside the acceptable range most frequently?,Timing - First Click,Timing - Last Click,Timing - Page Submit,Timing - Click Count,Which machine has been outside the acceptable range most frequently?,Timing - First Click,Timing - Last Click,Timing - Page Submit,Timing - Click Count,Which machine has been outside the acceptable range most frequently?,Timing - First Click,Timing - Last Click,Timing - Page Submit,Timing - Click Count,Which machine has been outside the acceptable range most frequently?,Timing - First Click,Timing - Last Click,Timing - Page Submit,Timing - Click Count,Which machine has been outside the acceptable range most frequently?,Timing - First Click,Timing - Last Click,Timing - Page Submit,Timing - Click Count,Which machine has been outside the acceptable range most frequently?,Timing - First Click,Timing - Last Click,Timing - Page Submit,Timing - Click Count,Which machine has been outside the acceptable range most frequently?,Timing - First Click,Timing - Last Click,Timing - Page Submit,Timing - Click Count,Which machine has been outside the acceptable range most frequently?,Timing - First Click,Timing - Last Click,Timing - Page Submit,Timing - Click Count,Which machine has been outside the acceptable range most frequently?,Timing - First Click,Timing - Last Click,Timing - Page Submit,Timing - Click Count,Which machine has been outside the acceptable range most frequently?,Timing - First Click,Timing - Last Click,Timing - Page Submit,Timing - Click Count,Which machine has been outside the acceptable range most frequently?,Timing - First Click,Timing - Last Click,Timing - Page Submit,Timing - Click Count,Which machine has been outside the acceptable range most frequently?,Timing - First Click,Timing - Last Click,Timing - Page Submit,Timing - Click Count,Which machine has been outside the acceptable range most frequently?,Timing - First Click,Timing - Last Click,Timing - Page Submit,Timing - Click Count,Which machine has been outside the acceptable range most frequently?,Timing - First Click,Timing - Last Click,Timing - Page Submit,Timing - Click Count,Which machine has been outside the acceptable range most frequently?,Timing - First Click,Timing - Last Click,Timing - Page Submit,Timing - Click Count,Which machine has been outside the acceptable range most frequently?,Timing - First Click,Timing - Last Click,Timing - Page Submit,Timing - Click Count,"Is the current output of Machine 2 below, within, or above the acceptable range of 30 to 70 parts per minute?",Timing - First Click,Timing - Last Click,Timing - Page Submit,Timing - Click Count,"Is the current output of Machine 7 below, within, or above the acceptable range of 30 to 70 parts per minute?",Timing - First Click,Timing - Last Click,Timing - Page Submit,Timing - Click Count,"Is the current output of Machine 1 below, within, or above the acceptable range of 30 to 70 parts per minute?",Timing - First Click,Timing - Last Click,Timing - Page Submit,Timing - Click Count,"Is the current output of Machine 15 below, within, or above the acceptable range of 30 to 70 parts per minute?",Timing - First Click,Timing - Last Click,Timing - Page Submit,Timing - Click Count,"Is the current output of Machine 10 below, within, or above the acceptable range of 30 to 70 parts per minute?",Timing - First Click,Timing - Last Click,Timing - Page Submit,Timing - Click Count,"Is the current output of Machine 14 below, within, or above the acceptable range of 30 to 70 parts per minute?",Timing - First Click,Timing - Last Click,Timing - Page Submit,Timing - Click Count,"Is the current output of Machine 7 below, within, or above the acceptable range of 30 to 70 parts per minute?",Timing - First Click,Timing - Last Click,Timing - Page Submit,Timing - Click Count,"Is the current output of Machine 1 below, within, or above the acceptable range of 30 to 70 parts per minute?",Timing - First Click,Timing - Last Click,Timing - Page Submit,Timing - Click Count,"Is the current output of Machine 15 below, within, or above the acceptable range of 30 to 70 parts per minute?",Timing - First Click,Timing - Last Click,Timing - Page Submit,Timing - Click Count,"Is the current output of Machine 10 below, within, or above the acceptable range of 30 to 70 parts per minute?",Timing - First Click,Timing - Last Click,Timing - Page Submit,Timing - Click Count,"Is the current output of Machine 14 below, within, or above the acceptable range of 30 to 70 parts per minute?",Timing - First Click,Timing - Last Click,Timing - Page Submit,Timing - Click Count,"Is the current output of Machine 2 below, within, or above the acceptable range of 30 to 70 parts per minute?",Timing - First Click,Timing - Last Click,Timing - Page Submit,Timing - Click Count,"Is the current output of Machine 1 below, within, or above the acceptable range of 30 to 70 parts per minute?",Timing - First Click,Timing - Last Click,Timing - Page Submit,Timing - Click Count,"Is the current output of Machine 15 below, within, or above the acceptable range of 30 to 70 parts per minute?",Timing - First Click,Timing - Last Click,Timing - Page Submit,Timing - Click Count,"Is the current output of Machine 10 below, within, or above the acceptable range of 30 to 70 parts per minute?",Timing - First Click,Timing - Last Click,Timing - Page Submit,Timing - Click Count,"Is the current output of Machine 14 below, within, or above the acceptable range of 30 to 70 parts per minute?",Timing - First Click,Timing - Last Click,Timing - Page Submit,Timing - Click Count,"Is the current output of Machine 2 below, within, or above the acceptable range of 30 to 70 parts per minute?",Timing - First Click,Timing - Last Click,Timing - Page Submit,Timing - Click Count,"Is the current output of Machine 7 below, within, or above the acceptable range of 30 to 70 parts per minute?",Timing - First Click,Timing - Last Click,Timing - Page Submit,Timing - Click Count,"Is the current output of Machine 15 below, within, or above the acceptable range of 30 to 70 parts per minute?",Timing - First Click,Timing - Last Click,Timing - Page Submit,Timing - Click Count,"Is the current output of Machine 10 below, within, or above the acceptable range of 30 to 70 parts per minute?",Timing - First Click,Timing - Last Click,Timing - Page Submit,Timing - Click Count,"Is the current output of Machine 14 below, within, or above the acceptable range of 30 to 70 parts per minute?",Timing - First Click,Timing - Last Click,Timing - Page Submit,Timing - Click Count,"Is the current output of Machine 2 below, within, or above the acceptable range of 30 to 70 parts per minute?",Timing - First Click,Timing - Last Click,Timing - Page Submit,Timing - Click Count,"Is the current output of Machine 7 below, within, or above the acceptable range of 30 to 70 parts per minute?",Timing - First Click,Timing - Last Click,Timing - Page Submit,Timing - Click Count,"Is the current output of Machine 1 below, within, or above the acceptable range of 30 to 70 parts per minute?",Timing - First Click,Timing - Last Click,Timing - Page Submit,Timing - Click Count,"Is the current output of Machine 10 below, within, or above the acceptable range of 30 to 70 parts per minute?",Timing - First Click,Timing - Last Click,Timing - Page Submit,Timing - Click Count,"Is the current output of Machine 14 below, within, or above the acceptable range of 30 to 70 parts per minute?",Timing - First Click,Timing - Last Click,Timing - Page Submit,Timing - Click Count,"Is the current output of Machine 2 below, within, or above the acceptable range of 30 to 70 parts per minute?",Timing - First Click,Timing - Last Click,Timing - Page Submit,Timing - Click Count,"Is the current output of Machine 7 below, within, or above the acceptable range of 30 to 70 parts per minute?",Timing - First Click,Timing - Last Click,Timing - Page Submit,Timing - Click Count,"Is the current output of Machine 1 below, within, or above the acceptable range of 30 to 70 parts per minute?",Timing - First Click,Timing - Last Click,Timing - Page Submit,Timing - Click Count,"Is the current output of Machine 15 below, within, or above the acceptable range of 30 to 70 parts per minute?",Timing - First Click,Timing - Last Click,Timing - Page Submit,Timing - Click Count,"Is the current output of Machine 14 below, within, or above the acceptable range of 30 to 70 parts per minute?",Timing - First Click,Timing - Last Click,Timing - Page Submit,Timing - Click Count,"Is the current output of Machine 2 below, within, or above the acceptable range of 30 to 70 parts per minute?",Timing - First Click,Timing - Last Click,Timing - Page Submit,Timing - Click Count,"Is the current output of Machine 7 below, within, or above the acceptable range of 30 to 70 parts per minute?",Timing - First Click,Timing - Last Click,Timing - Page Submit,Timing - Click Count,"Is the current output of Machine 1 below, within, or above the acceptable range of 30 to 70 parts per minute?",Timing - First Click,Timing - Last Click,Timing - Page Submit,Timing - Click Count,"Is the current output of Machine 15 below, within, or above the acceptable range of 30 to 70 parts per minute?",Timing - First Click,Timing - Last Click,Timing - Page Submit,Timing - Click Count,"Is the current output of Machine 10 below, within, or above the acceptable range of 30 to 70 parts per minute?",Timing - First Click,Timing - Last Click,Timing - Page Submit,Timing - Click Count,Select the total number of machines represented here.,Timing - First Click,Timing - Last Click,Timing - Page Submit,Timing - Click Count,Has Machine 3 ever been outside of the acceptable range?,Timing - First Click,Timing - Last Click,Timing - Page Submit,Timing - Click Count,Has Machine 14 ever been outside of the acceptable range?,Timing - First Click,Timing - Last Click,Timing - Page Submit,Timing - Click Count,Has Machine 8 ever been outside of the acceptable range?,Timing - First Click,Timing - Last Click,Timing - Page Submit,Timing - Click Count,Has Machine 7 ever been outside of the acceptable range?,Timing - First Click,Timing - Last Click,Timing - Page Submit,Timing - Click Count,Has Machine 9 ever been outside of the acceptable range?,Timing - First Click,Timing - Last Click,Timing - Page Submit,Timing - Click Count,Has Machine 15 ever been outside of the acceptable range?,Timing - First Click,Timing - Last Click,Timing - Page Submit,Timing - Click Count,Has Machine 14 ever been outside of the acceptable range?,Timing - First Click,Timing - Last Click,Timing - Page Submit,Timing - Click Count,Has Machine 8 ever been outside of the acceptable range?,Timing - First Click,Timing - Last Click,Timing - Page Submit,Timing - Click Count,Has Machine 7 ever been outside of the acceptable range?,Timing - First Click,Timing - Last Click,Timing - Page Submit,Timing - Click Count,Has Machine 9 ever been outside of the acceptable range?,Timing - First Click,Timing - Last Click,Timing - Page Submit,Timing - Click Count,Has Machine 15 ever been outside of the acceptable range?,Timing - First Click,Timing - Last Click,Timing - Page Submit,Timing - Click Count,Has Machine 3 ever been outside of the acceptable range?,Timing - First Click,Timing - Last Click,Timing - Page Submit,Timing - Click Count,Has Machine 8 ever been outside of the acceptable range?,Timing - First Click,Timing - Last Click,Timing - Page Submit,Timing - Click Count,Has Machine 7 ever been outside of the acceptable range?,Timing - First Click,Timing - Last Click,Timing - Page Submit,Timing - Click Count,Has Machine 9 ever been outside of the acceptable range?,Timing - First Click,Timing - Last Click,Timing - Page Submit,Timing - Click Count,Has Machine 15 ever been outside of the acceptable range?,Timing - First Click,Timing - Last Click,Timing - Page Submit,Timing - Click Count,Has Machine 3 ever been outside of the acceptable range?,Timing - First Click,Timing - Last Click,Timing - Page Submit,Timing - Click Count,Has Machine 14 ever been outside of the acceptable range?,Timing - First Click,Timing - Last Click,Timing - Page Submit,Timing - Click Count,Has Machine 7 ever been outside of the acceptable range?,Timing - First Click,Timing - Last Click,Timing - Page Submit,Timing - Click Count,Has Machine 9 ever been outside of the acceptable range?,Timing - First Click,Timing - Last Click,Timing - Page Submit,Timing - Click Count,Has Machine 15 ever been outside of the acceptable range?,Timing - First Click,Timing - Last Click,Timing - Page Submit,Timing - Click Count,Has Machine 3 ever been outside of the acceptable range?,Timing - First Click,Timing - Last Click,Timing - Page Submit,Timing - Click Count,Has Machine 14 ever been outside of the acceptable range?,Timing - First Click,Timing - Last Click,Timing - Page Submit,Timing - Click Count,Has Machine 8 ever been outside of the acceptable range?,Timing - First Click,Timing - Last Click,Timing - Page Submit,Timing - Click Count,Has Machine 9 ever been outside of the acceptable range?,Timing - First Click,Timing - Last Click,Timing - Page Submit,Timing - Click Count,Has Machine 15 ever been outside of the acceptable range?,Timing - First Click,Timing - Last Click,Timing - Page Submit,Timing - Click Count,Has Machine 3 ever been outside of the acceptable range?,Timing - First Click,Timing - Last Click,Timing - Page Submit,Timing - Click Count,Has Machine 14 ever been outside of the acceptable range?,Timing - First Click,Timing - Last Click,Timing - Page Submit,Timing - Click Count,Has Machine 8 ever been outside of the acceptable range?,Timing - First Click,Timing - Last Click,Timing - Page Submit,Timing - Click Count,Has Machine 7 ever been outside of the acceptable range?,Timing - First Click,Timing - Last Click,Timing - Page Submit,Timing - Click Count,Has Machine 15 ever been outside of the acceptable range?,Timing - First Click,Timing - Last Click,Timing - Page Submit,Timing - Click Count,Has Machine 3 ever been outside of the acceptable range?,Timing - First Click,Timing - Last Click,Timing - Page Submit,Timing - Click Count,Has Machine 14 ever been outside of the acceptable range?,Timing - First Click,Timing - Last Click,Timing - Page Submit,Timing - Click Count,Has Machine 8 ever been outside of the acceptable range?,Timing - First Click,Timing - Last Click,Timing - Page Submit,Timing - Click Count,Has Machine 7 ever been outside of the acceptable range?,Timing - First Click,Timing - Last Click,Timing - Page Submit,Timing - Click Count,Has Machine 9 ever been outside of the acceptable range?,How easy was responding to tasks involving graphs with the above design (Design A):,How easy was responding to tasks involving graphs with the above design (Design B):,How easy was responding to tasks involving graphs with the above design (Design C):,How easy was responding to tasks involving graphs with the above design (Design D):,How easy was responding to tasks involving graphs with the above design (Design E):,How easy was responding to tasks involving graphs with the above design (Design F):,Please compare the designs. Which ones were easiest to use to complete the tasks? Which were the worst? Why were they easier or worse?,Do you have any additional feedback on completing the tasks with the graphs?,How old are you?,How do you describe yourself? - Selected Choice,How do you describe yourself? - Prefer to self-describe - Text,Choose one or more races that you consider yourself to be,"Are you of Spanish, Hispanic, or Latino origin?",Do you have normal or corrected normal vision?,Please describe your vision condition,Ident Cur Val,Ident Trend,Est Cur Val,Est Trend
"{""ImportId"":""startDate"",""timeZone"":""America/Denver""}","{""ImportId"":""endDate"",""timeZone"":""America/Denver""}","{""ImportId"":""progress""}","{""ImportId"":""duration""}","{""ImportId"":""finished""}","{""ImportId"":""recordedDate"",""timeZone"":""America/Denver""}","{""ImportId"":""_recordId""}","{""ImportId"":""distributionChannel""}","{""ImportId"":""userLanguage""}","{""ImportId"":""QID277""}","{""ImportId"":""QID281""}","{""ImportId"":""QID84""}","{""ImportId"":""QID12""}","{""ImportId"":""QID86""}","{""ImportId"":""QID283""}","{""ImportId"":""QID88""}","{""ImportId"":""QID264""}","{""ImportId"":""QID274""}","{""ImportId"":""QID287""}","{""ImportId"":""QID288""}","{""ImportId"":""QID289""}","{""ImportId"":""QID290""}","{""ImportId"":""QID291""}","{""ImportId"":""QID273""}","{""ImportId"":""QID275""}","{""ImportId"":""QID1319033866_FIRST_CLICK""}","{""ImportId"":""QID1319033866_LAST_CLICK""}","{""ImportId"":""QID1319033866_PAGE_SUBMIT""}","{""ImportId"":""QID1319033866_CLICK_COUNT""}","{""ImportId"":""QID1319033867""}","{""ImportId"":""QID312_FIRST_CLICK""}","{""ImportId"":""QID312_LAST_CLICK""}","{""ImportId"":""QID312_PAGE_SUBMIT""}","{""ImportId"":""QID312_CLICK_COUNT""}","{""ImportId"":""QID313""}","{""ImportId"":""QID333_FIRST_CLICK""}","{""ImportId"":""QID333_LAST_CLICK""}","{""ImportId"":""QID333_PAGE_SUBMIT""}","{""ImportId"":""QID333_CLICK_COUNT""}","{""ImportId"":""QID334""}","{""ImportId"":""QID354_FIRST_CLICK""}","{""ImportId"":""QID354_LAST_CLICK""}","{""ImportId"":""QID354_PAGE_SUBMIT""}","{""ImportId"":""QID354_CLICK_COUNT""}","{""ImportId"":""QID355""}","{""ImportId"":""QID375_FIRST_CLICK""}","{""ImportId"":""QID375_LAST_CLICK""}","{""ImportId"":""QID375_PAGE_SUBMIT""}","{""ImportId"":""QID375_CLICK_COUNT""}","{""ImportId"":""QID376""}","{""ImportId"":""QID396_FIRST_CLICK""}","{""ImportId"":""QID396_LAST_CLICK""}","{""ImportId"":""QID396_PAGE_SUBMIT""}","{""ImportId"":""QID396_CLICK_COUNT""}","{""ImportId"":""QID397""}","{""ImportId"":""QID293_FIRST_CLICK""}","{""ImportId"":""QID293_LAST_CLICK""}","{""ImportId"":""QID293_PAGE_SUBMIT""}","{""ImportId"":""QID293_CLICK_COUNT""}","{""ImportId"":""QID294""}","{""ImportId"":""QID315_FIRST_CLICK""}","{""ImportId"":""QID315_LAST_CLICK""}","{""ImportId"":""QID315_PAGE_SUBMIT""}","{""ImportId"":""QID315_CLICK_COUNT""}","{""ImportId"":""QID316""}","{""ImportId"":""QID336_FIRST_CLICK""}","{""ImportId"":""QID336_LAST_CLICK""}","{""ImportId"":""QID336_PAGE_SUBMIT""}","{""ImportId"":""QID336_CLICK_COUNT""}","{""ImportId"":""QID337""}","{""ImportId"":""QID357_FIRST_CLICK""}","{""ImportId"":""QID357_LAST_CLICK""}","{""ImportId"":""QID357_PAGE_SUBMIT""}","{""ImportId"":""QID357_CLICK_COUNT""}","{""ImportId"":""QID358""}","{""ImportId"":""QID378_FIRST_CLICK""}","{""ImportId"":""QID378_LAST_CLICK""}","{""ImportId"":""QID378_PAGE_SUBMIT""}","{""ImportId"":""QID378_CLICK_COUNT""}","{""ImportId"":""QID379""}","{""ImportId"":""QID381_FIRST_CLICK""}","{""ImportId"":""QID381_LAST_CLICK""}","{""ImportId"":""QID381_PAGE_SUBMIT""}","{""ImportId"":""QID381_CLICK_COUNT""}","{""ImportId"":""QID382""}","{""ImportId"":""QID297_FIRST_CLICK""}","{""ImportId"":""QID297_LAST_CLICK""}","{""ImportId"":""QID297_PAGE_SUBMIT""}","{""ImportId"":""QID297_CLICK_COUNT""}","{""ImportId"":""QID298""}","{""ImportId"":""QID318_FIRST_CLICK""}","{""ImportId"":""QID318_LAST_CLICK""}","{""ImportId"":""QID318_PAGE_SUBMIT""}","{""ImportId"":""QID318_CLICK_COUNT""}","{""ImportId"":""QID319""}","{""ImportId"":""QID339_FIRST_CLICK""}","{""ImportId"":""QID339_LAST_CLICK""}","{""ImportId"":""QID339_PAGE_SUBMIT""}","{""ImportId"":""QID339_CLICK_COUNT""}","{""ImportId"":""QID340""}","{""ImportId"":""QID360_FIRST_CLICK""}","{""ImportId"":""QID360_LAST_CLICK""}","{""ImportId"":""QID360_PAGE_SUBMIT""}","{""ImportId"":""QID360_CLICK_COUNT""}","{""ImportId"":""QID361""}","{""ImportId"":""QID363_FIRST_CLICK""}","{""ImportId"":""QID363_LAST_CLICK""}","{""ImportId"":""QID363_PAGE_SUBMIT""}","{""ImportId"":""QID363_CLICK_COUNT""}","{""ImportId"":""QID364""}","{""ImportId"":""QID384_FIRST_CLICK""}","{""ImportId"":""QID384_LAST_CLICK""}","{""ImportId"":""QID384_PAGE_SUBMIT""}","{""ImportId"":""QID384_CLICK_COUNT""}","{""ImportId"":""QID385""}","{""ImportId"":""QID300_FIRST_CLICK""}","{""ImportId"":""QID300_LAST_CLICK""}","{""ImportId"":""QID300_PAGE_SUBMIT""}","{""ImportId"":""QID300_CLICK_COUNT""}","{""ImportId"":""QID301""}","{""ImportId"":""QID321_FIRST_CLICK""}","{""ImportId"":""QID321_LAST_CLICK""}","{""ImportId"":""QID321_PAGE_SUBMIT""}","{""ImportId"":""QID321_CLICK_COUNT""}","{""ImportId"":""QID322""}","{""ImportId"":""QID342_FIRST_CLICK""}","{""ImportId"":""QID342_LAST_CLICK""}","{""ImportId"":""QID342_PAGE_SUBMIT""}","{""ImportId"":""QID342_CLICK_COUNT""}","{""ImportId"":""QID343""}","{""ImportId"":""QID345_FIRST_CLICK""}","{""ImportId"":""QID345_LAST_CLICK""}","{""ImportId"":""QID345_PAGE_SUBMIT""}","{""ImportId"":""QID345_CLICK_COUNT""}","{""ImportId"":""QID346""}","{""ImportId"":""QID366_FIRST_CLICK""}","{""ImportId"":""QID366_LAST_CLICK""}","{""ImportId"":""QID366_PAGE_SUBMIT""}","{""ImportId"":""QID366_CLICK_COUNT""}","{""ImportId"":""QID367""}","{""ImportId"":""QID387_FIRST_CLICK""}","{""ImportId"":""QID387_LAST_CLICK""}","{""ImportId"":""QID387_PAGE_SUBMIT""}","{""ImportId"":""QID387_CLICK_COUNT""}","{""ImportId"":""QID388""}","{""ImportId"":""QID303_FIRST_CLICK""}","{""ImportId"":""QID303_LAST_CLICK""}","{""ImportId"":""QID303_PAGE_SUBMIT""}","{""ImportId"":""QID303_CLICK_COUNT""}","{""ImportId"":""QID304""}","{""ImportId"":""QID324_FIRST_CLICK""}","{""ImportId"":""QID324_LAST_CLICK""}","{""ImportId"":""QID324_PAGE_SUBMIT""}","{""ImportId"":""QID324_CLICK_COUNT""}","{""ImportId"":""QID325""}","{""ImportId"":""QID327_FIRST_CLICK""}","{""ImportId"":""QID327_LAST_CLICK""}","{""ImportId"":""QID327_PAGE_SUBMIT""}","{""ImportId"":""QID327_CLICK_COUNT""}","{""ImportId"":""QID328""}","{""ImportId"":""QID348_FIRST_CLICK""}","{""ImportId"":""QID348_LAST_CLICK""}","{""ImportId"":""QID348_PAGE_SUBMIT""}","{""ImportId"":""QID348_CLICK_COUNT""}","{""ImportId"":""QID349""}","{""ImportId"":""QID369_FIRST_CLICK""}","{""ImportId"":""QID369_LAST_CLICK""}","{""ImportId"":""QID369_PAGE_SUBMIT""}","{""ImportId"":""QID369_CLICK_COUNT""}","{""ImportId"":""QID370""}","{""ImportId"":""QID390_FIRST_CLICK""}","{""ImportId"":""QID390_LAST_CLICK""}","{""ImportId"":""QID390_PAGE_SUBMIT""}","{""ImportId"":""QID390_CLICK_COUNT""}","{""ImportId"":""QID391""}","{""ImportId"":""QID306_FIRST_CLICK""}","{""ImportId"":""QID306_LAST_CLICK""}","{""ImportId"":""QID306_PAGE_SUBMIT""}","{""ImportId"":""QID306_CLICK_COUNT""}","{""ImportId"":""QID307""}","{""ImportId"":""QID309_FIRST_CLICK""}","{""ImportId"":""QID309_LAST_CLICK""}","{""ImportId"":""QID309_PAGE_SUBMIT""}","{""ImportId"":""QID309_CLICK_COUNT""}","{""ImportId"":""QID310""}","{""ImportId"":""QID330_FIRST_CLICK""}","{""ImportId"":""QID330_LAST_CLICK""}","{""ImportId"":""QID330_PAGE_SUBMIT""}","{""ImportId"":""QID330_CLICK_COUNT""}","{""ImportId"":""QID331""}","{""ImportId"":""QID351_FIRST_CLICK""}","{""ImportId"":""QID351_LAST_CLICK""}","{""ImportId"":""QID351_PAGE_SUBMIT""}","{""ImportId"":""QID351_CLICK_COUNT""}","{""ImportId"":""QID352""}","{""ImportId"":""QID372_FIRST_CLICK""}","{""ImportId"":""QID372_LAST_CLICK""}","{""ImportId"":""QID372_PAGE_SUBMIT""}","{""ImportId"":""QID372_CLICK_COUNT""}","{""ImportId"":""QID373""}","{""ImportId"":""QID393_FIRST_CLICK""}","{""ImportId"":""QID393_LAST_CLICK""}","{""ImportId"":""QID393_PAGE_SUBMIT""}","{""ImportId"":""QID393_CLICK_COUNT""}","{""ImportId"":""QID394""}","{""ImportId"":""QID1319033863_FIRST_CLICK""}","{""ImportId"":""QID1319033863_LAST_CLICK""}","{""ImportId"":""QID1319033863_PAGE_SUBMIT""}","{""ImportId"":""QID1319033863_CLICK_COUNT""}","{""ImportId"":""QID1319033864""}","{""ImportId"":""QID422_FIRST_CLICK""}","{""ImportId"":""QID422_LAST_CLICK""}","{""ImportId"":""QID422_PAGE_SUBMIT""}","{""ImportId"":""QID422_CLICK_COUNT""}","{""ImportId"":""QID423""}","{""ImportId"":""QID443_FIRST_CLICK""}","{""ImportId"":""QID443_LAST_CLICK""}","{""ImportId"":""QID443_PAGE_SUBMIT""}","{""ImportId"":""QID443_CLICK_COUNT""}","{""ImportId"":""QID444""}","{""ImportId"":""QID464_FIRST_CLICK""}","{""ImportId"":""QID464_LAST_CLICK""}","{""ImportId"":""QID464_PAGE_SUBMIT""}","{""ImportId"":""QID464_CLICK_COUNT""}","{""ImportId"":""QID465""}","{""ImportId"":""QID485_FIRST_CLICK""}","{""ImportId"":""QID485_LAST_CLICK""}","{""ImportId"":""QID485_PAGE_SUBMIT""}","{""ImportId"":""QID485_CLICK_COUNT""}","{""ImportId"":""QID486""}","{""ImportId"":""QID506_FIRST_CLICK""}","{""ImportId"":""QID506_LAST_CLICK""}","{""ImportId"":""QID506_PAGE_SUBMIT""}","{""ImportId"":""QID506_CLICK_COUNT""}","{""ImportId"":""QID507""}","{""ImportId"":""QID404_FIRST_CLICK""}","{""ImportId"":""QID404_LAST_CLICK""}","{""ImportId"":""QID404_PAGE_SUBMIT""}","{""ImportId"":""QID404_CLICK_COUNT""}","{""ImportId"":""QID405""}","{""ImportId"":""QID425_FIRST_CLICK""}","{""ImportId"":""QID425_LAST_CLICK""}","{""ImportId"":""QID425_PAGE_SUBMIT""}","{""ImportId"":""QID425_CLICK_COUNT""}","{""ImportId"":""QID426""}","{""ImportId"":""QID446_FIRST_CLICK""}","{""ImportId"":""QID446_LAST_CLICK""}","{""ImportId"":""QID446_PAGE_SUBMIT""}","{""ImportId"":""QID446_CLICK_COUNT""}","{""ImportId"":""QID447""}","{""ImportId"":""QID467_FIRST_CLICK""}","{""ImportId"":""QID467_LAST_CLICK""}","{""ImportId"":""QID467_PAGE_SUBMIT""}","{""ImportId"":""QID467_CLICK_COUNT""}","{""ImportId"":""QID468""}","{""ImportId"":""QID488_FIRST_CLICK""}","{""ImportId"":""QID488_LAST_CLICK""}","{""ImportId"":""QID488_PAGE_SUBMIT""}","{""ImportId"":""QID488_CLICK_COUNT""}","{""ImportId"":""QID489""}","{""ImportId"":""QID491_FIRST_CLICK""}","{""ImportId"":""QID491_LAST_CLICK""}","{""ImportId"":""QID491_PAGE_SUBMIT""}","{""ImportId"":""QID491_CLICK_COUNT""}","{""ImportId"":""QID492""}","{""ImportId"":""QID407_FIRST_CLICK""}","{""ImportId"":""QID407_LAST_CLICK""}","{""ImportId"":""QID407_PAGE_SUBMIT""}","{""ImportId"":""QID407_CLICK_COUNT""}","{""ImportId"":""QID408""}","{""ImportId"":""QID428_FIRST_CLICK""}","{""ImportId"":""QID428_LAST_CLICK""}","{""ImportId"":""QID428_PAGE_SUBMIT""}","{""ImportId"":""QID428_CLICK_COUNT""}","{""ImportId"":""QID429""}","{""ImportId"":""QID449_FIRST_CLICK""}","{""ImportId"":""QID449_LAST_CLICK""}","{""ImportId"":""QID449_PAGE_SUBMIT""}","{""ImportId"":""QID449_CLICK_COUNT""}","{""ImportId"":""QID450""}","{""ImportId"":""QID470_FIRST_CLICK""}","{""ImportId"":""QID470_LAST_CLICK""}","{""ImportId"":""QID470_PAGE_SUBMIT""}","{""ImportId"":""QID470_CLICK_COUNT""}","{""ImportId"":""QID471""}","{""ImportId"":""QID473_FIRST_CLICK""}","{""ImportId"":""QID473_LAST_CLICK""}","{""ImportId"":""QID473_PAGE_SUBMIT""}","{""ImportId"":""QID473_CLICK_COUNT""}","{""ImportId"":""QID474""}","{""ImportId"":""QID494_FIRST_CLICK""}","{""ImportId"":""QID494_LAST_CLICK""}","{""ImportId"":""QID494_PAGE_SUBMIT""}","{""ImportId"":""QID494_CLICK_COUNT""}","{""ImportId"":""QID495""}","{""ImportId"":""QID410_FIRST_CLICK""}","{""ImportId"":""QID410_LAST_CLICK""}","{""ImportId"":""QID410_PAGE_SUBMIT""}","{""ImportId"":""QID410_CLICK_COUNT""}","{""ImportId"":""QID411""}","{""ImportId"":""QID431_FIRST_CLICK""}","{""ImportId"":""QID431_LAST_CLICK""}","{""ImportId"":""QID431_PAGE_SUBMIT""}","{""ImportId"":""QID431_CLICK_COUNT""}","{""ImportId"":""QID432""}","{""ImportId"":""QID452_FIRST_CLICK""}","{""ImportId"":""QID452_LAST_CLICK""}","{""ImportId"":""QID452_PAGE_SUBMIT""}","{""ImportId"":""QID452_CLICK_COUNT""}","{""ImportId"":""QID453""}","{""ImportId"":""QID455_FIRST_CLICK""}","{""ImportId"":""QID455_LAST_CLICK""}","{""ImportId"":""QID455_PAGE_SUBMIT""}","{""ImportId"":""QID455_CLICK_COUNT""}","{""ImportId"":""QID456""}","{""ImportId"":""QID476_FIRST_CLICK""}","{""ImportId"":""QID476_LAST_CLICK""}","{""ImportId"":""QID476_PAGE_SUBMIT""}","{""ImportId"":""QID476_CLICK_COUNT""}","{""ImportId"":""QID477""}","{""ImportId"":""QID497_FIRST_CLICK""}","{""ImportId"":""QID497_LAST_CLICK""}","{""ImportId"":""QID497_PAGE_SUBMIT""}","{""ImportId"":""QID497_CLICK_COUNT""}","{""ImportId"":""QID498""}","{""ImportId"":""QID413_FIRST_CLICK""}","{""ImportId"":""QID413_LAST_CLICK""}","{""ImportId"":""QID413_PAGE_SUBMIT""}","{""ImportId"":""QID413_CLICK_COUNT""}","{""ImportId"":""QID414""}","{""ImportId"":""QID434_FIRST_CLICK""}","{""ImportId"":""QID434_LAST_CLICK""}","{""ImportId"":""QID434_PAGE_SUBMIT""}","{""ImportId"":""QID434_CLICK_COUNT""}","{""ImportId"":""QID435""}","{""ImportId"":""QID437_FIRST_CLICK""}","{""ImportId"":""QID437_LAST_CLICK""}","{""ImportId"":""QID437_PAGE_SUBMIT""}","{""ImportId"":""QID437_CLICK_COUNT""}","{""ImportId"":""QID438""}","{""ImportId"":""QID458_FIRST_CLICK""}","{""ImportId"":""QID458_LAST_CLICK""}","{""ImportId"":""QID458_PAGE_SUBMIT""}","{""ImportId"":""QID458_CLICK_COUNT""}","{""ImportId"":""QID459""}","{""ImportId"":""QID479_FIRST_CLICK""}","{""ImportId"":""QID479_LAST_CLICK""}","{""ImportId"":""QID479_PAGE_SUBMIT""}","{""ImportId"":""QID479_CLICK_COUNT""}","{""ImportId"":""QID480""}","{""ImportId"":""QID500_FIRST_CLICK""}","{""ImportId"":""QID500_LAST_CLICK""}","{""ImportId"":""QID500_PAGE_SUBMIT""}","{""ImportId"":""QID500_CLICK_COUNT""}","{""ImportId"":""QID501""}","{""ImportId"":""QID416_FIRST_CLICK""}","{""ImportId"":""QID416_LAST_CLICK""}","{""ImportId"":""QID416_PAGE_SUBMIT""}","{""ImportId"":""QID416_CLICK_COUNT""}","{""ImportId"":""QID417""}","{""ImportId"":""QID419_FIRST_CLICK""}","{""ImportId"":""QID419_LAST_CLICK""}","{""ImportId"":""QID419_PAGE_SUBMIT""}","{""ImportId"":""QID419_CLICK_COUNT""}","{""ImportId"":""QID420""}","{""ImportId"":""QID440_FIRST_CLICK""}","{""ImportId"":""QID440_LAST_CLICK""}","{""ImportId"":""QID440_PAGE_SUBMIT""}","{""ImportId"":""QID440_CLICK_COUNT""}","{""ImportId"":""QID441""}","{""ImportId"":""QID461_FIRST_CLICK""}","{""ImportId"":""QID461_LAST_CLICK""}","{""ImportId"":""QID461_PAGE_SUBMIT""}","{""ImportId"":""QID461_CLICK_COUNT""}","{""ImportId"":""QID462""}","{""ImportId"":""QID482_FIRST_CLICK""}","{""ImportId"":""QID482_LAST_CLICK""}","{""ImportId"":""QID482_PAGE_SUBMIT""}","{""ImportId"":""QID482_CLICK_COUNT""}","{""ImportId"":""QID483""}","{""ImportId"":""QID503_FIRST_CLICK""}","{""ImportId"":""QID503_LAST_CLICK""}","{""ImportId"":""QID503_PAGE_SUBMIT""}","{""ImportId"":""QID503_CLICK_COUNT""}","{""ImportId"":""QID504""}","{""ImportId"":""QID1319033857_FIRST_CLICK""}","{""ImportId"":""QID1319033857_LAST_CLICK""}","{""ImportId"":""QID1319033857_PAGE_SUBMIT""}","{""ImportId"":""QID1319033857_CLICK_COUNT""}","{""ImportId"":""QID1319033858""}","{""ImportId"":""QID527_FIRST_CLICK""}","{""ImportId"":""QID527_LAST_CLICK""}","{""ImportId"":""QID527_PAGE_SUBMIT""}","{""ImportId"":""QID527_CLICK_COUNT""}","{""ImportId"":""QID528""}","{""ImportId"":""QID548_FIRST_CLICK""}","{""ImportId"":""QID548_LAST_CLICK""}","{""ImportId"":""QID548_PAGE_SUBMIT""}","{""ImportId"":""QID548_CLICK_COUNT""}","{""ImportId"":""QID549""}","{""ImportId"":""QID569_FIRST_CLICK""}","{""ImportId"":""QID569_LAST_CLICK""}","{""ImportId"":""QID569_PAGE_SUBMIT""}","{""ImportId"":""QID569_CLICK_COUNT""}","{""ImportId"":""QID570""}","{""ImportId"":""QID590_FIRST_CLICK""}","{""ImportId"":""QID590_LAST_CLICK""}","{""ImportId"":""QID590_PAGE_SUBMIT""}","{""ImportId"":""QID590_CLICK_COUNT""}","{""ImportId"":""QID591""}","{""ImportId"":""QID611_FIRST_CLICK""}","{""ImportId"":""QID611_LAST_CLICK""}","{""ImportId"":""QID611_PAGE_SUBMIT""}","{""ImportId"":""QID611_CLICK_COUNT""}","{""ImportId"":""QID612""}","{""ImportId"":""QID524_FIRST_CLICK""}","{""ImportId"":""QID524_LAST_CLICK""}","{""ImportId"":""QID524_PAGE_SUBMIT""}","{""ImportId"":""QID524_CLICK_COUNT""}","{""ImportId"":""QID525""}","{""ImportId"":""QID545_FIRST_CLICK""}","{""ImportId"":""QID545_LAST_CLICK""}","{""ImportId"":""QID545_PAGE_SUBMIT""}","{""ImportId"":""QID545_CLICK_COUNT""}","{""ImportId"":""QID546""}","{""ImportId"":""QID566_FIRST_CLICK""}","{""ImportId"":""QID566_LAST_CLICK""}","{""ImportId"":""QID566_PAGE_SUBMIT""}","{""ImportId"":""QID566_CLICK_COUNT""}","{""ImportId"":""QID567""}","{""ImportId"":""QID587_FIRST_CLICK""}","{""ImportId"":""QID587_LAST_CLICK""}","{""ImportId"":""QID587_PAGE_SUBMIT""}","{""ImportId"":""QID587_CLICK_COUNT""}","{""ImportId"":""QID588""}","{""ImportId"":""QID608_FIRST_CLICK""}","{""ImportId"":""QID608_LAST_CLICK""}","{""ImportId"":""QID608_PAGE_SUBMIT""}","{""ImportId"":""QID608_CLICK_COUNT""}","{""ImportId"":""QID609""}","{""ImportId"":""QID521_FIRST_CLICK""}","{""ImportId"":""QID521_LAST_CLICK""}","{""ImportId"":""QID521_PAGE_SUBMIT""}","{""ImportId"":""QID521_CLICK_COUNT""}","{""ImportId"":""QID522""}","{""ImportId"":""QID542_FIRST_CLICK""}","{""ImportId"":""QID542_LAST_CLICK""}","{""ImportId"":""QID542_PAGE_SUBMIT""}","{""ImportId"":""QID542_CLICK_COUNT""}","{""ImportId"":""QID543""}","{""ImportId"":""QID563_FIRST_CLICK""}","{""ImportId"":""QID563_LAST_CLICK""}","{""ImportId"":""QID563_PAGE_SUBMIT""}","{""ImportId"":""QID563_CLICK_COUNT""}","{""ImportId"":""QID564""}","{""ImportId"":""QID584_FIRST_CLICK""}","{""ImportId"":""QID584_LAST_CLICK""}","{""ImportId"":""QID584_PAGE_SUBMIT""}","{""ImportId"":""QID584_CLICK_COUNT""}","{""ImportId"":""QID585""}","{""ImportId"":""QID605_FIRST_CLICK""}","{""ImportId"":""QID605_LAST_CLICK""}","{""ImportId"":""QID605_PAGE_SUBMIT""}","{""ImportId"":""QID605_CLICK_COUNT""}","{""ImportId"":""QID606""}","{""ImportId"":""QID518_FIRST_CLICK""}","{""ImportId"":""QID518_LAST_CLICK""}","{""ImportId"":""QID518_PAGE_SUBMIT""}","{""ImportId"":""QID518_CLICK_COUNT""}","{""ImportId"":""QID519""}","{""ImportId"":""QID539_FIRST_CLICK""}","{""ImportId"":""QID539_LAST_CLICK""}","{""ImportId"":""QID539_PAGE_SUBMIT""}","{""ImportId"":""QID539_CLICK_COUNT""}","{""ImportId"":""QID540""}","{""ImportId"":""QID560_FIRST_CLICK""}","{""ImportId"":""QID560_LAST_CLICK""}","{""ImportId"":""QID560_PAGE_SUBMIT""}","{""ImportId"":""QID560_CLICK_COUNT""}","{""ImportId"":""QID561""}","{""ImportId"":""QID581_FIRST_CLICK""}","{""ImportId"":""QID581_LAST_CLICK""}","{""ImportId"":""QID581_PAGE_SUBMIT""}","{""ImportId"":""QID581_CLICK_COUNT""}","{""ImportId"":""QID582""}","{""ImportId"":""QID602_FIRST_CLICK""}","{""ImportId"":""QID602_LAST_CLICK""}","{""ImportId"":""QID602_PAGE_SUBMIT""}","{""ImportId"":""QID602_CLICK_COUNT""}","{""ImportId"":""QID603""}","{""ImportId"":""QID515_FIRST_CLICK""}","{""ImportId"":""QID515_LAST_CLICK""}","{""ImportId"":""QID515_PAGE_SUBMIT""}","{""ImportId"":""QID515_CLICK_COUNT""}","{""ImportId"":""QID516""}","{""ImportId"":""QID536_FIRST_CLICK""}","{""ImportId"":""QID536_LAST_CLICK""}","{""ImportId"":""QID536_PAGE_SUBMIT""}","{""ImportId"":""QID536_CLICK_COUNT""}","{""ImportId"":""QID537""}","{""ImportId"":""QID557_FIRST_CLICK""}","{""ImportId"":""QID557_LAST_CLICK""}","{""ImportId"":""QID557_PAGE_SUBMIT""}","{""ImportId"":""QID557_CLICK_COUNT""}","{""ImportId"":""QID558""}","{""ImportId"":""QID578_FIRST_CLICK""}","{""ImportId"":""QID578_LAST_CLICK""}","{""ImportId"":""QID578_PAGE_SUBMIT""}","{""ImportId"":""QID578_CLICK_COUNT""}","{""ImportId"":""QID579""}","{""ImportId"":""QID599_FIRST_CLICK""}","{""ImportId"":""QID599_LAST_CLICK""}","{""ImportId"":""QID599_PAGE_SUBMIT""}","{""ImportId"":""QID599_CLICK_COUNT""}","{""ImportId"":""QID600""}","{""ImportId"":""QID512_FIRST_CLICK""}","{""ImportId"":""QID512_LAST_CLICK""}","{""ImportId"":""QID512_PAGE_SUBMIT""}","{""ImportId"":""QID512_CLICK_COUNT""}","{""ImportId"":""QID513""}","{""ImportId"":""QID533_FIRST_CLICK""}","{""ImportId"":""QID533_LAST_CLICK""}","{""ImportId"":""QID533_PAGE_SUBMIT""}","{""ImportId"":""QID533_CLICK_COUNT""}","{""ImportId"":""QID534""}","{""ImportId"":""QID554_FIRST_CLICK""}","{""ImportId"":""QID554_LAST_CLICK""}","{""ImportId"":""QID554_PAGE_SUBMIT""}","{""ImportId"":""QID554_CLICK_COUNT""}","{""ImportId"":""QID555""}","{""ImportId"":""QID575_FIRST_CLICK""}","{""ImportId"":""QID575_LAST_CLICK""}","{""ImportId"":""QID575_PAGE_SUBMIT""}","{""ImportId"":""QID575_CLICK_COUNT""}","{""ImportId"":""QID576""}","{""ImportId"":""QID596_FIRST_CLICK""}","{""ImportId"":""QID596_LAST_CLICK""}","{""ImportId"":""QID596_PAGE_SUBMIT""}","{""ImportId"":""QID596_CLICK_COUNT""}","{""ImportId"":""QID597""}","{""ImportId"":""QID509_FIRST_CLICK""}","{""ImportId"":""QID509_LAST_CLICK""}","{""ImportId"":""QID509_PAGE_SUBMIT""}","{""ImportId"":""QID509_CLICK_COUNT""}","{""ImportId"":""QID510""}","{""ImportId"":""QID530_FIRST_CLICK""}","{""ImportId"":""QID530_LAST_CLICK""}","{""ImportId"":""QID530_PAGE_SUBMIT""}","{""ImportId"":""QID530_CLICK_COUNT""}","{""ImportId"":""QID531""}","{""ImportId"":""QID551_FIRST_CLICK""}","{""ImportId"":""QID551_LAST_CLICK""}","{""ImportId"":""QID551_PAGE_SUBMIT""}","{""ImportId"":""QID551_CLICK_COUNT""}","{""ImportId"":""QID552""}","{""ImportId"":""QID572_FIRST_CLICK""}","{""ImportId"":""QID572_LAST_CLICK""}","{""ImportId"":""QID572_PAGE_SUBMIT""}","{""ImportId"":""QID572_CLICK_COUNT""}","{""ImportId"":""QID573""}","{""ImportId"":""QID593_FIRST_CLICK""}","{""ImportId"":""QID593_LAST_CLICK""}","{""ImportId"":""QID593_PAGE_SUBMIT""}","{""ImportId"":""QID593_CLICK_COUNT""}","{""ImportId"":""QID594""}","{""ImportId"":""QID279_FIRST_CLICK""}","{""ImportId"":""QID279_LAST_CLICK""}","{""ImportId"":""QID279_PAGE_SUBMIT""}","{""ImportId"":""QID279_CLICK_COUNT""}","{""ImportId"":""QID43""}","{""ImportId"":""QID1319033860_FIRST_CLICK""}","{""ImportId"":""QID1319033860_LAST_CLICK""}","{""ImportId"":""QID1319033860_PAGE_SUBMIT""}","{""ImportId"":""QID1319033860_CLICK_COUNT""}","{""ImportId"":""QID83""}","{""ImportId"":""QID632_FIRST_CLICK""}","{""ImportId"":""QID632_LAST_CLICK""}","{""ImportId"":""QID632_PAGE_SUBMIT""}","{""ImportId"":""QID632_CLICK_COUNT""}","{""ImportId"":""QID633""}","{""ImportId"":""QID653_FIRST_CLICK""}","{""ImportId"":""QID653_LAST_CLICK""}","{""ImportId"":""QID653_PAGE_SUBMIT""}","{""ImportId"":""QID653_CLICK_COUNT""}","{""ImportId"":""QID654""}","{""ImportId"":""QID674_FIRST_CLICK""}","{""ImportId"":""QID674_LAST_CLICK""}","{""ImportId"":""QID674_PAGE_SUBMIT""}","{""ImportId"":""QID674_CLICK_COUNT""}","{""ImportId"":""QID675""}","{""ImportId"":""QID695_FIRST_CLICK""}","{""ImportId"":""QID695_LAST_CLICK""}","{""ImportId"":""QID695_PAGE_SUBMIT""}","{""ImportId"":""QID695_CLICK_COUNT""}","{""ImportId"":""QID696""}","{""ImportId"":""QID716_FIRST_CLICK""}","{""ImportId"":""QID716_LAST_CLICK""}","{""ImportId"":""QID716_PAGE_SUBMIT""}","{""ImportId"":""QID716_CLICK_COUNT""}","{""ImportId"":""QID717""}","{""ImportId"":""QID629_FIRST_CLICK""}","{""ImportId"":""QID629_LAST_CLICK""}","{""ImportId"":""QID629_PAGE_SUBMIT""}","{""ImportId"":""QID629_CLICK_COUNT""}","{""ImportId"":""QID630""}","{""ImportId"":""QID650_FIRST_CLICK""}","{""ImportId"":""QID650_LAST_CLICK""}","{""ImportId"":""QID650_PAGE_SUBMIT""}","{""ImportId"":""QID650_CLICK_COUNT""}","{""ImportId"":""QID651""}","{""ImportId"":""QID671_FIRST_CLICK""}","{""ImportId"":""QID671_LAST_CLICK""}","{""ImportId"":""QID671_PAGE_SUBMIT""}","{""ImportId"":""QID671_CLICK_COUNT""}","{""ImportId"":""QID672""}","{""ImportId"":""QID692_FIRST_CLICK""}","{""ImportId"":""QID692_LAST_CLICK""}","{""ImportId"":""QID692_PAGE_SUBMIT""}","{""ImportId"":""QID692_CLICK_COUNT""}","{""ImportId"":""QID693""}","{""ImportId"":""QID713_FIRST_CLICK""}","{""ImportId"":""QID713_LAST_CLICK""}","{""ImportId"":""QID713_PAGE_SUBMIT""}","{""ImportId"":""QID713_CLICK_COUNT""}","{""ImportId"":""QID714""}","{""ImportId"":""QID626_FIRST_CLICK""}","{""ImportId"":""QID626_LAST_CLICK""}","{""ImportId"":""QID626_PAGE_SUBMIT""}","{""ImportId"":""QID626_CLICK_COUNT""}","{""ImportId"":""QID627""}","{""ImportId"":""QID647_FIRST_CLICK""}","{""ImportId"":""QID647_LAST_CLICK""}","{""ImportId"":""QID647_PAGE_SUBMIT""}","{""ImportId"":""QID647_CLICK_COUNT""}","{""ImportId"":""QID648""}","{""ImportId"":""QID668_FIRST_CLICK""}","{""ImportId"":""QID668_LAST_CLICK""}","{""ImportId"":""QID668_PAGE_SUBMIT""}","{""ImportId"":""QID668_CLICK_COUNT""}","{""ImportId"":""QID669""}","{""ImportId"":""QID689_FIRST_CLICK""}","{""ImportId"":""QID689_LAST_CLICK""}","{""ImportId"":""QID689_PAGE_SUBMIT""}","{""ImportId"":""QID689_CLICK_COUNT""}","{""ImportId"":""QID690""}","{""ImportId"":""QID710_FIRST_CLICK""}","{""ImportId"":""QID710_LAST_CLICK""}","{""ImportId"":""QID710_PAGE_SUBMIT""}","{""ImportId"":""QID710_CLICK_COUNT""}","{""ImportId"":""QID711""}","{""ImportId"":""QID623_FIRST_CLICK""}","{""ImportId"":""QID623_LAST_CLICK""}","{""ImportId"":""QID623_PAGE_SUBMIT""}","{""ImportId"":""QID623_CLICK_COUNT""}","{""ImportId"":""QID624""}","{""ImportId"":""QID644_FIRST_CLICK""}","{""ImportId"":""QID644_LAST_CLICK""}","{""ImportId"":""QID644_PAGE_SUBMIT""}","{""ImportId"":""QID644_CLICK_COUNT""}","{""ImportId"":""QID645""}","{""ImportId"":""QID665_FIRST_CLICK""}","{""ImportId"":""QID665_LAST_CLICK""}","{""ImportId"":""QID665_PAGE_SUBMIT""}","{""ImportId"":""QID665_CLICK_COUNT""}","{""ImportId"":""QID666""}","{""ImportId"":""QID686_FIRST_CLICK""}","{""ImportId"":""QID686_LAST_CLICK""}","{""ImportId"":""QID686_PAGE_SUBMIT""}","{""ImportId"":""QID686_CLICK_COUNT""}","{""ImportId"":""QID687""}","{""ImportId"":""QID707_FIRST_CLICK""}","{""ImportId"":""QID707_LAST_CLICK""}","{""ImportId"":""QID707_PAGE_SUBMIT""}","{""ImportId"":""QID707_CLICK_COUNT""}","{""ImportId"":""QID708""}","{""ImportId"":""QID620_FIRST_CLICK""}","{""ImportId"":""QID620_LAST_CLICK""}","{""ImportId"":""QID620_PAGE_SUBMIT""}","{""ImportId"":""QID620_CLICK_COUNT""}","{""ImportId"":""QID621""}","{""ImportId"":""QID641_FIRST_CLICK""}","{""ImportId"":""QID641_LAST_CLICK""}","{""ImportId"":""QID641_PAGE_SUBMIT""}","{""ImportId"":""QID641_CLICK_COUNT""}","{""ImportId"":""QID642""}","{""ImportId"":""QID662_FIRST_CLICK""}","{""ImportId"":""QID662_LAST_CLICK""}","{""ImportId"":""QID662_PAGE_SUBMIT""}","{""ImportId"":""QID662_CLICK_COUNT""}","{""ImportId"":""QID663""}","{""ImportId"":""QID683_FIRST_CLICK""}","{""ImportId"":""QID683_LAST_CLICK""}","{""ImportId"":""QID683_PAGE_SUBMIT""}","{""ImportId"":""QID683_CLICK_COUNT""}","{""ImportId"":""QID684""}","{""ImportId"":""QID704_FIRST_CLICK""}","{""ImportId"":""QID704_LAST_CLICK""}","{""ImportId"":""QID704_PAGE_SUBMIT""}","{""ImportId"":""QID704_CLICK_COUNT""}","{""ImportId"":""QID705""}","{""ImportId"":""QID617_FIRST_CLICK""}","{""ImportId"":""QID617_LAST_CLICK""}","{""ImportId"":""QID617_PAGE_SUBMIT""}","{""ImportId"":""QID617_CLICK_COUNT""}","{""ImportId"":""QID618""}","{""ImportId"":""QID638_FIRST_CLICK""}","{""ImportId"":""QID638_LAST_CLICK""}","{""ImportId"":""QID638_PAGE_SUBMIT""}","{""ImportId"":""QID638_CLICK_COUNT""}","{""ImportId"":""QID639""}","{""ImportId"":""QID659_FIRST_CLICK""}","{""ImportId"":""QID659_LAST_CLICK""}","{""ImportId"":""QID659_PAGE_SUBMIT""}","{""ImportId"":""QID659_CLICK_COUNT""}","{""ImportId"":""QID660""}","{""ImportId"":""QID680_FIRST_CLICK""}","{""ImportId"":""QID680_LAST_CLICK""}","{""ImportId"":""QID680_PAGE_SUBMIT""}","{""ImportId"":""QID680_CLICK_COUNT""}","{""ImportId"":""QID681""}","{""ImportId"":""QID701_FIRST_CLICK""}","{""ImportId"":""QID701_LAST_CLICK""}","{""ImportId"":""QID701_PAGE_SUBMIT""}","{""ImportId"":""QID701_CLICK_COUNT""}","{""ImportId"":""QID702""}","{""ImportId"":""QID614_FIRST_CLICK""}","{""ImportId"":""QID614_LAST_CLICK""}","{""ImportId"":""QID614_PAGE_SUBMIT""}","{""ImportId"":""QID614_CLICK_COUNT""}","{""ImportId"":""QID615""}","{""ImportId"":""QID635_FIRST_CLICK""}","{""ImportId"":""QID635_LAST_CLICK""}","{""ImportId"":""QID635_PAGE_SUBMIT""}","{""ImportId"":""QID635_CLICK_COUNT""}","{""ImportId"":""QID636""}","{""ImportId"":""QID656_FIRST_CLICK""}","{""ImportId"":""QID656_LAST_CLICK""}","{""ImportId"":""QID656_PAGE_SUBMIT""}","{""ImportId"":""QID656_CLICK_COUNT""}","{""ImportId"":""QID657""}","{""ImportId"":""QID677_FIRST_CLICK""}","{""ImportId"":""QID677_LAST_CLICK""}","{""ImportId"":""QID677_PAGE_SUBMIT""}","{""ImportId"":""QID677_CLICK_COUNT""}","{""ImportId"":""QID678""}","{""ImportId"":""QID698_FIRST_CLICK""}","{""ImportId"":""QID698_LAST_CLICK""}","{""ImportId"":""QID698_PAGE_SUBMIT""}","{""ImportId"":""QID698_CLICK_COUNT""}","{""ImportId"":""QID699""}","{""ImportId"":""QID19""}","{""ImportId"":""QID20""}","{""ImportId"":""QID92""}","{""ImportId"":""QID94""}","{""ImportId"":""QID93""}","{""ImportId"":""QID91""}","{""ImportId"":""QID278_TEXT""}","{""ImportId"":""QID21_TEXT""}","{""ImportId"":""QID13""}","{""ImportId"":""QID14""}","{""ImportId"":""QID14_4_TEXT""}","{""ImportId"":""QID16""}","{""ImportId"":""QID15""}","{""ImportId"":""QID280""}","{""ImportId"":""QID282_TEXT""}","{""ImportId"":""Ident Cur Val""}","{""ImportId"":""Ident Trend""}","{""ImportId"":""Est Cur Val""}","{""ImportId"":""Est Trend""}"
9/16/24 15:08,9/16/24 15:26,100,1078,TRUE,9/16/24 15:26,R_5JaW4971VGjJt1c,anonymous,EN,I confirm,"I am using a desktop or laptop computer to take this survey,I have made my browser window full screen",1,5,15,15,2,15,Within,Within,Above,Within,Below,Within,"4,6,12",Yes,,,,,,,,,,,,,,,,,,,,,,,,,,,,,,,,,,,,,,,,,,,,,,,,,,,,,,,,,,,,,8.563,10.268,10.271,5,"11,12,13",0.986,15.415,15.418,7,"10,11,12",11.721,18.831,18.833,4,"9,10,11",1.254,18.882,18.886,9,"13,14,15",13.847,15.815,15.818,5,"10,11,12",1.015,7.331,7.333,4,"4,5,6",,,,,,,,,,,,,,,,,,,,,,,,,,,,,,,,,,,,,,,,,,,,,,,,,,,,,,,,,,,,,,,,,,,,,,,,,,,,,,,,,,,,,,,,,,,,,,,,,,,,,,,,,,,,,,,,,,,,,,,,,0.754,5.194,5.198,2,8,0.645,5.234,5.236,2,6,0.735,3.166,3.169,2,14,1.048,13.048,13.051,2,12,0.831,6.439,6.44,2,5,6.512,9.406,9.41,4,12,,,,,,,,,,,,,,,,,,,,,,,,,,,,,,,,,,,,,,,,,,,,,,,,,,,,,,,,,,,,,,,,,,,,,,,,,,,,,,,,,,,,,,,,,,,,,,,,,,,,,,,,,,,,,,,,,,,,,,,,,,,,,,,,,,,,,,,,,,,,,,,,,,,,,,,,,,,,,,,,,,,,,,,,,,,,,,,,,,,,,,,,,,,,,,,,,,,,,,,,,,,,,,,,,,,,,,,,,,,,,,,,,,,,,,,,,,,,,,,,,,,,,,,,,,,,,,,,,,,,,,,,,,,,,,,1.271,6.58,6.581,2,Below,4.968,7.788,7.79,2,Within,4.883,5.525,5.527,2,Within,13.221,13.9,13.903,2,Within,5.265,5.981,5.983,2,Above,2.067,7.064,7.068,2,Above,1.259,6.088,6.09,2,4,,,,,,,,,,,,,,,,,,,,,,,,,,,,,,,,,,,,,,,,,,,,,,,,,,,,,,,,,,,,,,,,,,,,,,,,,,,,,,,,,,,,,,,,,,,,,,,,,,,,,,,,,,,,,,,,,,,,,,,,,1.528,12.508,12.51,4,No,0.925,5.5,5.502,3,Yes,7.683,8.445,8.447,2,Yes,1.731,6.578,6.58,2,No,1.63,6.957,6.959,2,Yes,6.314,9.349,9.353,4,No,,,,,,,,,,,,,,,,,,,,,,,,,,,,,,,Somewhat difficult,Neither easy nor difficult,Somewhat easy,Somewhat difficult,Neither easy nor difficult,Somewhat difficult,a,a,25-34 years old,Female,,White or Caucasian,No,Other,a,3,2,6,5
9/17/24 9:44,9/17/24 9:55,100,663,TRUE,9/17/24 9:55,R_7Khd8AfGUZw7Jfj,anonymous,EN,I confirm,"I am using a desktop or laptop computer to take this survey,I have made my browser window full screen",1,5,1,15,2,15,Within,Within,Above,Within,Below,Within,"4,5,6",Yes,,,,,,,,,,,,,,,,,,,,,,,,,,,,,,,5.218,10.145,10.154,4,"3,5,8",5.336,9.588,9.594,4,"5,7,10",2.964,15.326,15.332,5,"2,8,9",3.479,7.46,7.469,4,"7,9,13",5.637,9.642,9.654,4,"3,4,5",2.612,6.757,6.762,4,"2,9,14",,,,,,,,,,,,,,,,,,,,,,,,,,,,,,,,,,,,,,,,,,,,,,,,,,,,,,,,,,,,,,,,,,,,,,,,,,,,,,,,,,,,,,,,,,,,,,,,,,,,,,,,,,,,,,,,,,,,,,,,,6.708,7.973,7.98,2,16,6.75,7.885,7.892,2,11,3.522,4.702,4.708,2,10,6.038,7.221,7.228,2,13,5.094,6.854,6.861,2,10,3.521,7.284,7.29,2,14,,,,,,,,,,,,,,,,,,,,,,,,,,,,,,,,,,,,,,,,,,,,,,,,,,,,,,,,,,,,,,,,,,,,,,,,,,,,,,,,,,,,,,,,,,,,,,,,,,,,,,,,,,,,,,,,,,,,,,,,,,,,,,,,,,,,,,,,,,,,,,,,,,,,,,,,,,,,,,,,,,,,,,,,,,,,,,,,,,,,,,,,,,,,,,,,,,,,,,,,,,,,,,,,,,,,,,,,,,,,,,,,,,,,,,,,,,,,,,,,,,,,,,,,,,,,,,,,,,,,,,,,,,,,,,,3.395,4.402,4.407,2,Above,4.247,6.268,6.274,2,Above,2.977,4.78,4.785,2,Within,3.013,4.442,4.447,2,Within,4.352,5.89,5.896,3,Below,3.312,5.346,5.351,2,Within,,,,,,,,,,,,,,,,,,,,,,,,,,,,,,,3.739,5.652,5.657,3,16,,,,,,,,,,,,,,,,,,,,,,,,,,,,,,,,,,,,,,,,,,,,,,,,,,,,,,,,,,,,,,,,,,,,,,,,,,,,,,,,,,,,,,,,,,,3.568,5.291,5.297,2,Yes,3.396,5.187,5.194,2,Yes,2.885,4.5,4.507,2,No,3.033,4.621,4.627,2,No,4.841,6.403,6.41,2,Yes,3.491,5.307,5.315,2,Yes,,,,,,,,,,,,,,,,,,,,,,,,,,,,,,,,,,,,,,,,,,,,,,,,,,,,,,,,,,,,,Neither easy nor difficult,Somewhat easy,Neither easy nor difficult,Very easy,Neither easy nor difficult,Somewhat easy,"The ones with colors helped a lot, the ones without any indication could be hard to read especially right around 30 or 70.",,18-24 years old,Female,,Asian,No,Corrected to normal,,2,1,5,4
9/17/24 9:44,9/17/24 9:57,100,775,TRUE,9/17/24 9:57,R_6ia3rx82RWAHxSU,anonymous,EN,I confirm,"I am using a desktop or laptop computer to take this survey,I have made my browser window full screen",1,5,1,15,2,15,Within,Within,Above,Within,Below,Within,"4,5,6",Yes,,,,,,,,,,,,,,,,,,,,,,,,,,,,,,,,,,,,,,,,,,,,,,,,,,,,,,,,,,,,,,,,,,,,,,,,,,,,,,,,,,,,,,,,,,,,,,,,,,,,,,,,,,,,,,,,,,,,,,,,,,,,,,,,,,,,,,,,,,,,,,,,,,,,,,,4.467,13.123,13.127,4,"5,12,16",3.1,9.404,9.409,4,"2,12,14",5.975,13.337,13.341,4,"3,5,8",3.531,9.196,9.201,4,"7,10,13",4.327,12.627,12.632,4,"2,8,9",5.171,10.894,10.898,4,"7,10,13",,,,,,,,,,,,,,,,,,,,,,,,,,,,,,,,,,,,,,,,,,,,,,,,,,,,,,,,,,,,,,,,,,,,,,,,,,,,,,,,,,,,,,,,,,,,,,,,,,,,,,,,,,,,,,,,,,,,,,,,,5.953,6.83,6.833,2,10,4.688,6.183,6.189,2,16,6.6,7.64,7.643,2,16,7.336,8.62,8.625,2,11,11.114,12.845,12.849,2,10,5.125,6.796,6.801,2,13,,,,,,,,,,,,,,,,,,,,,,,,,,,,,,,,,,,,,,,,,,,,,,,,,,,,,,,,,,,,,,,,,,,,,,,,,,,,,,,,,,,,,,,,,,,,,,,,,,,,,,,,,,,,,,,,,,,,,,,,,4.125,5.338,5.341,2,Within,4.924,6.488,6.492,2,Above,4.476,5.484,5.49,2,Above,3.388,4.555,4.558,2,Below,5.151,6.563,6.567,2,Within,3.608,4.554,4.559,2,Below,,,,,,,,,,,,,,,,,,,,,,,,,,,,,,,,,,,,,,,,,,,,,,,,,,,,,,,,,,,,,4.003,5.18,5.184,2,16,,,,,,,,,,,,,,,,,,,,,,,,,,,,,,,7.66,8.986,8.99,2,No,5.219,6.408,6.411,2,Yes,4.824,6.972,6.976,3,Yes,4.585,6.156,6.16,2,Yes,5.729,7.723,7.727,2,No,5.552,7.429,7.433,2,No,,,,,,,,,,,,,,,,,,,,,,,,,,,,,,,,,,,,,,,,,,,,,,,,,,,,,,,,,,,,,,,,,,,,,,,,,,,,,,,,,,,,,,,,,,,,,,,,,,,,,,,,,,,,,,,,,,,,,,,,,Neither easy nor difficult,Somewhat easy,Somewhat difficult,Neither easy nor difficult,Neither easy nor difficult,Very easy,I like Design F as the easiest without the clutter of the range bar.  The hardest was probably design A for those ranges right on the margin. ,nope!,35-44 years old,Male,,White or Caucasian,No,Normal,,6,5,4,2
9/17/24 9:42,9/17/24 9:58,100,917,TRUE,9/17/24 9:58,R_733a0lNjKB73Nxs,anonymous,EN,I confirm,"I am using a desktop or laptop computer to take this survey,I have made my browser window full screen",1,5,1,15,2,15,Within,Within,Above,Within,Below,Within,"4,6,12",Yes,,,,,,,,,,,,,,,,,,,,,,,,,,,,,,,,,,,,,,,,,,,,,,,,,,,,,,,,,,,,,,,,,,,,,,,,,,,,,,,,,,,,,,,,,,,,,,,,,,,,,,,,,,,,,,,,,,,,,,,,,2.551,15.078,15.081,5,"9,10,13",5.301,13.737,13.741,5,"4,5,16",2.458,14.114,14.117,5,"9,12,14",1.347,10.839,10.843,6,"5,8,14",2.491,16.83,16.834,6,"7,10,13",4.381,13.083,13.086,6,"2,8,9",,,,,,,,,,,,,,,,,,,,,,,,,,,,,,,,,,,,,,,,,,,,,,,,,,,,,,,,,,,,,,,,,,,,,,,,,,,,,,,,,,,,,,,,,,,7.105,9.071,9.074,3,10,3.306,8.848,8.851,3,13,3.067,8.014,8.019,3,10,4.188,7.899,7.902,3,16,6.987,9.528,9.531,3,16,3.292,11.89,11.893,4,11,,,,,,,,,,,,,,,,,,,,,,,,,,,,,,,,,,,,,,,,,,,,,,,,,,,,,,,,,,,,,,,,,,,,,,,,,,,,,,,,,,,,,,,,,,,,,,,,,,,,,,,,,,,,,,,,,,,,,,,,,,,,,,,,,,,,,,,,,,,,,,,,,,,,,,,,,,,,,,,,,,,,,,,,,,,,,,,,,,,,,,,,,,,,,,,,,,,,,,,,,,,,,,,,,,,,,,,,,,,,,,,,,,,,,,,,,,,,,,,,,1.784,4.704,4.708,3,Above,3.362,5.703,5.707,3,Within,3.319,5.289,5.291,3,Within,3.362,4.948,4.952,3,Below,3.194,8.049,8.052,3,Within,3.063,4.999,5.001,3,Above,6.739,9.617,9.62,3,16,,,,,,,,,,,,,,,,,,,,,,,,,,,,,,,,,,,,,,,,,,,,,,,,,,,,,,,,,,,,,,,,,,,,,,,,,,,,,,,,,,,,,,,,,,,,,,,,,,,,,,,,,,,,,,,,,,,,,,,,,,,,,,,,,,,,,,,,,,,,,,,,,,,,,,,2.823,5.656,5.658,3,No,2.703,6.807,6.81,5,No,2.981,6.901,6.904,3,No,2.495,6.173,6.176,4,Yes,2.594,10.56,10.563,3,Yes,2.43,6.112,6.115,3,Yes,Somewhat easy,Very easy,Somewhat easy,Very easy,Somewhat easy,Very easy,"The ones that were easiest were any of the designs that included the orange or blue coloring to display where it was too low or too high, as they were the clearest to quickly see. The worst was the one with no coloring and no difference in size in the numbers, as they took the most amount of time to read and understand.",No,18-24 years old,Female,,White or Caucasian,No,Corrected to normal,,5,3,6,6
9/17/24 9:51,9/17/24 10:04,100,798,TRUE,9/17/24 10:04,R_63qkWvJwNwFcOhU,anonymous,EN,I confirm,"I am using a desktop or laptop computer to take this survey,I have made my browser window full screen",1,5,1,15,2,15,Within,Within,Above,Within,Below,Within,"4,5,6,10,12,15",Yes,3.203,11.45,11.452,5,"3,7,9",2.521,7.309,7.31,4,"5,8,14",4.878,9.692,9.693,4,"7,10,16",2.311,11.432,11.434,4,"2,8,9",5.041,10.054,10.055,4,"7,9,13",3.671,6.575,6.577,4,"3,5,16",,,,,,,,,,,,,,,,,,,,,,,,,,,,,,,,,,,,,,,,,,,,,,,,,,,,,,,,,,,,,,,,,,,,,,,,,,,,,,,,,,,,,,,,,,,,,,,,,,,,,,,,,,,,,,,,,,,,,,,,,,,,,,,,,,,,,,,,,,,,,,,,,,,,,,,,,,,,,,,,,,,,,,,,,,,,,,,,,,,,,8.864,9.369,9.371,2,11,5.791,6.37,6.371,2,10,5.847,6.31,6.311,2,13,3.254,7.639,7.64,2,3,4.289,5.589,5.591,2,16,3.409,13.915,13.917,6,16,,,,,,,,,,,,,,,,,,,,,,,,,,,,,,,,,,,,,,,,,,,,,,,,,,,,,,,,,,,,,,,,,,,,,,,,,,,,,,,,,,,,,,,,,,,,,,,,,,,,,,,,,,,,,,,,,,,,,,,,,,,,,,,,,,,,,,,,,,,,,,,,,,,,,,,,,,,,,,,,,,,,,,,,,,,,,,,,,,,,,3.718,4.354,4.356,2,Below,3.09,4.424,4.426,2,Within,4.151,4.702,4.703,2,Above,2.779,3.285,3.286,2,Above,2.901,3.484,3.485,2,Within,3.977,4.774,4.775,2,Within,,,,,,,,,,,,,,,,,,,,,,,,,,,,,,,,,,,,,,,,,,,,,,,,,,,,,,,,,,,,,,,,,,,,,,,,,,,,,,,,,,,,,,,,,,,2.946,4.173,4.174,2,16,3.665,4.392,4.394,2,No,5.592,7.163,7.165,3,Yes,4.91,5.864,5.865,2,No,3.335,3.879,3.88,2,Yes,4.713,5.909,5.91,3,Yes,8.201,9.116,9.117,2,No,,,,,,,,,,,,,,,,,,,,,,,,,,,,,,,,,,,,,,,,,,,,,,,,,,,,,,,,,,,,,,,,,,,,,,,,,,,,,,,,,,,,,,,,,,,,,,,,,,,,,,,,,,,,,,,,,,,,,,,,,,,,,,,,,,,,,,,,,,,,,,,,,,,,,,,Somewhat easy,Very easy,Somewhat easy,Very easy,Somewhat easy,Very easy,Colors help very much,None,25-34 years old,Male,,Asian,No,Normal,,1,2,3,1
9/17/24 9:43,9/17/24 10:06,100,1385,TRUE,9/17/24 10:06,R_67TK5P9YrYEsxVP,anonymous,EN,I confirm,"I am using a desktop or laptop computer to take this survey,I have made my browser window full screen",1,5,1,15,2,15,Within,Within,Above,Within,Below,Within,"4,5,6",Yes,,,,,,,,,,,,,,,,,,,,,,,,,,,,,,,,,,,,,,,,,,,,,,,,,,,,,,,,,,,,,,,,,,,,,,,,,,,,,,,,,,,,,,,,,,,5.418,14.987,14.993,6,"2,8,9",5.265,12.652,12.658,4,"7,10,13",4.381,13.018,13.027,4,"3,5,16",2.738,17.479,17.486,8,"2,9,14",3.741,10.26,10.267,4,"3,8,14",4.153,10.775,10.787,4,"5,10,13",,,,,,,,,,,,,,,,,,,,,,,,,,,,,,,,,,,,,,,,,,,,,,,,,,,,,,,,,,,,,,,,,,,,,,,,,,,,,,,,,,,,,,,,,,,,,,,,,,,,,,,,,,,,,,,,,,,,,,,,,,,,,,,,,,,,,,,,,,,,,,,,,,,,,,,6.06,8.166,8.176,2,13,6.608,7.473,7.478,2,3,7.787,9.455,9.461,2,16,3.244,9.285,9.291,3,11,9.333,17.775,17.785,3,11,7.689,10.22,10.225,2,10,,,,,,,,,,,,,,,,,,,,,,,,,,,,,,,,,,,,,,,,,,,,,,,,,,,,,,,,,,,,,,,,,,,,,,,,,,,,,,,,,,,,,,,,,,,5.663,7.097,7.104,2,Within,3.131,5.291,5.296,2,Below,4.833,8.295,8.302,2,Above,8.161,11.278,11.283,3,Above,5.637,6.445,6.45,2,Above,10.601,13.924,13.93,2,Within,,,,,,,,,,,,,,,,,,,,,,,,,,,,,,,,,,,,,,,,,,,,,,,,,,,,,,,,,,,,,,,,,,,,,,,,,,,,,,,,,,,,,,,,,,,,,,,,,,,,,,,,,,,,,,,,,,,,,,,,,5.152,8.474,8.48,2,16,,,,,,,,,,,,,,,,,,,,,,,,,,,,,,,,,,,,,,,,,,,,,,,,,,,,,,,,,,,,,,,,,,,,,,,,,,,,,,,,,,,,,,,,,,,,,,,,,,,,,,,,,,,,,,,,,,,,,,,,,3.925,4.69,4.696,2,Yes,3.345,4.295,4.3,2,No,3.457,4.282,4.287,2,No,4.598,6.476,6.484,2,Yes,4.435,5.305,5.31,2,Yes,3.554,5.179,5.191,2,Yes,,,,,,,,,,,,,,,,,,,,,,,,,,,,,,,Somewhat easy,Somewhat easy,Somewhat easy,Somewhat easy,Somewhat easy,Somewhat easy,Design F was the easiest because of the colored dots. None of them were particularly worse for me.,No.,25-34 years old,Female,,Black or African American,No,Corrected to normal,,4,4,2,5
9/17/24 9:42,9/17/24 10:07,100,1463,TRUE,9/17/24 10:07,R_60JYH813TGmpwHf,anonymous,EN,I confirm,"I am using a desktop or laptop computer to take this survey,I have made my browser window full screen",1,5,1,15,2,15,Within,Within,Above,Within,Below,Within,"5,6,12",Yes,,,,,,,,,,,,,,,,,,,,,,,,,,,,,,,,,,,,,,,,,,,,,,,,,,,,,,,,,,,,,5.444,27.498,27.5,6,"7,10,13",12.427,19.797,19.799,4,"2,8,9",7.506,30.814,30.816,4,"7,9,13",8.683,26.211,26.213,4,"3,4,5",10.811,22.034,22.037,4,"2,9,14",8.476,14.264,14.266,4,"5,8,14",,,,,,,,,,,,,,,,,,,,,,,,,,,,,,,,,,,,,,,,,,,,,,,,,,,,,,,,,,,,,,,,,,,,,,,,,,,,,,,,,,,,,,,,,,,,,,,,,,,,,,,,,,,,,,,,,,,,,,,,,,,,,,,,,,,,,,,,,,,,,,,,,,,,,,,,,,,,,,,,,,,,,,,,,,,,,,,,,,,,,,,,,,,,,,,,,,,,,,,,,,,,,,,,,,,,,,,,,,,,,,,,,,,,,,,,,,,,,,,,,23.084,23.777,23.779,2,16,6.085,14.398,14.401,3,11,29.679,30.753,30.755,2,12,5.611,6.671,6.672,2,10,10.489,11.761,11.764,2,13,9.132,10.153,10.155,2,3,6.036,7.078,7.08,2,Within,6.262,7.482,7.485,2,Within,5.359,6.699,6.702,2,Below,3.663,9.191,9.193,3,Within,7.801,9.107,9.109,2,Above,4.639,5.881,5.883,2,Above,,,,,,,,,,,,,,,,,,,,,,,,,,,,,,,,,,,,,,,,,,,,,,,,,,,,,,,,,,,,,,,,,,,,,,,,,,,,,,,,,,,,,,,,,,,,,,,,,,,,,,,,,,,,,,,,,,,,,,,,,,,,,,,,,,,,,,,,,,,,,,,,,,,,,,,8.407,11.627,11.629,2,16,,,,,,,,,,,,,,,,,,,,,,,,,,,,,,,,,,,,,,,,,,,,,,,,,,,,,,,,,,,,,8.091,9.527,9.528,2,Yes,5.388,7.166,7.169,2,Yes,5.627,7.521,7.522,2,Yes,7.396,8.383,8.385,2,No,6.349,8.009,8.01,2,No,8.963,10.505,10.506,2,Yes,,,,,,,,,,,,,,,,,,,,,,,,,,,,,,,,,,,,,,,,,,,,,,,,,,,,,,,,,,,,,,,,,,,,,,,,,,,,,,,,,,,,,,,,,,,Somewhat easy,Very easy,Somewhat easy,Very easy,Somewhat easy,Very easy,"They ones with color indications were the easiest to use, the others were ok buT i liked the colored ones better",No,18-24 years old,Female,,Black or African American,No,Normal,,3,6,1,3
9/17/24 9:54,9/17/24 10:09,100,846,TRUE,9/17/24 10:09,R_33r1w4qEN0JYQr7,anonymous,EN,I confirm,"I am using a desktop or laptop computer to take this survey,I have made my browser window full screen",1,5,1,15,2,15,Within,Within,Above,Within,Below,Within,"4,5,6",Yes,,,,,,,,,,,,,,,,,,,,,,,,,,,,,,,2.648,11.696,11.697,4,"3,5,14",1.974,7.244,7.246,4,"1,5,7",3.791,11.04,11.041,4,"2,8,9",3.329,7.419,7.421,4,"7,9,13",6.02,14.4,14.401,5,"3,4,16",2.389,7.451,7.452,4,"2,9,14",,,,,,,,,,,,,,,,,,,,,,,,,,,,,,,,,,,,,,,,,,,,,,,,,,,,,,,,,,,,,,,,,,,,,,,,,,,,,,,,,,,,,,,,,,,,,,,,,,,,,,,,,,,,,,,,,,,,,,,,,,,,,,,,,,,,,,,,,,,,,,,,,,,,,,,,,,,,,,,,,,,,,,,,,,,,,,,,,,,,,4.341,5.263,5.264,2,10,2.157,2.823,2.824,2,13,3.499,4.182,4.183,2,10,3.621,9.462,9.463,4,14,6.021,8.679,8.68,3,16,4.965,6.081,6.082,2,11,,,,,,,,,,,,,,,,,,,,,,,,,,,,,,,,,,,,,,,,,,,,,,,,,,,,,,,,,,,,,,,,,,,,,,,,,,,,,,,,,,,,,,,,,,,,,,,,,,,,,,,,,,,,,,,,,,,,,,,,,,,,,,,,,,,,,,,,,,,,,,,,,,,,,,,,,,,,,,,,,,,,,,,,,,,,,,,,,,,,,4.342,5.115,5.116,3,Within,4.182,4.77,4.771,2,Above,4.569,5.178,5.179,2,Above,11.071,12.903,12.904,2,Within,4.792,5.492,5.493,3,Within,4.566,5.293,5.294,3,Below,,,,,,,,,,,,,,,,,,,,,,,,,,,,,,,,,,,,,,,,,,,,,,,,,,,,,,,,,,,,,3.178,4.038,4.039,2,14,,,,,,,,,,,,,,,,,,,,,,,,,,,,,,,,,,,,,,,,,,,,,,,,,,,,,,,,,,,,,,,,,,,,,,,,,,,,,,,,,,,,,,,,,,,4.642,5.468,5.469,2,No,4.818,5.842,5.843,2,Yes,4.045,6.937,6.939,4,No,3.236,4.236,4.237,2,No,8.487,9.511,9.512,3,Yes,5.239,6.083,6.084,2,Yes,,,,,,,,,,,,,,,,,,,,,,,,,,,,,,,,,,,,,,,,,,,,,,,,,,,,,,,,,,,,,Somewhat difficult,Very easy,Somewhat easy,Very easy,Neither easy nor difficult,Very easy,The colored ones were the easiest ones as you could easily tell the state of the machine. The ones with the gray backgrounds were hard to look at.,No.,25-34 years old,Male,,White or Caucasian,Yes,Corrected to normal,,2,3,4,4
9/17/24 9:59,9/17/24 10:10,100,686,TRUE,9/17/24 10:10,R_1IcYNVuzOebNa49,anonymous,EN,I confirm,"I am using a desktop or laptop computer to take this survey,I have made my browser window full screen",1,5,1,15,2,15,Within,Within,Above,Within,Below,Within,"4,5,6",Yes,5.791,16.8,16.803,4,"2,9,14",6.629,14.421,14.422,5,"5,8,14",7.218,20.29,20.291,5,"5,7,13",3.808,12.308,12.31,5,"2,8,9",5.673,12.39,12.392,4,"9,10,13",7.019,11.963,11.964,4,"3,4,5",,,,,,,,,,,,,,,,,,,,,,,,,,,,,,,,,,,,,,,,,,,,,,,,,,,,,,,,,,,,,,,,,,,,,,,,,,,,,,,,,,,,,,,,,,,,,,,,,,,,,,,,,,,,,,,,,,,,,,,,,,,,,,,,,,,,,,,,,,,,,,,,,,,,,,,,,,,,,,,,,,,,,,,,,,,,,,,,,,,,,,,,,,,,,,,,,,,,,,,,,,,,,,,,,,,,,,,,,,,,,,,,,,,,,,,,,,,,,,,,,,,,,,,,,,,,,,,,,,,,,,,,,,,,,,,7.228,15.195,15.196,5,10,6.148,9.26,9.261,3,14,13.451,19.832,19.833,3,16,5.07,6.771,6.772,3,11,5.022,8.239,8.24,3,10,4.254,5.104,5.105,2,13,,,,,,,,,,,,,,,,,,,,,,,,,,,,,,,,,,,,,,,,,,,,,,,,,,,,,,,,,,,,,,,,,,,,,,,,,,,,,,,,,,,,,,,,,,,,,,,,,,,,,,,,,,,,,,,,,,,,,,,,,,,,,,,,,,,,,,,,,,,,,,,,,,,,,,,,,,,,,,,,,,,,,,,,,,,,,,,,,,,,,4.829,5.809,5.811,2,Above,2.991,3.997,3.999,2,Within,3.621,4.367,4.368,2,Within,2.872,3.866,3.868,2,Below,3.228,3.887,3.888,2,Within,3.79,4.721,4.722,2,Above,4.783,7.555,7.556,2,16,,,,,,,,,,,,,,,,,,,,,,,,,,,,,,,4.493,7.16,7.161,2,Yes,4.055,5.247,5.249,2,Yes,5.849,7.037,7.039,2,Yes,2.808,4.622,4.623,2,Yes,5.801,7.502,7.503,3,No,3.952,4.979,4.981,2,No,,,,,,,,,,,,,,,,,,,,,,,,,,,,,,,,,,,,,,,,,,,,,,,,,,,,,,,,,,,,,,,,,,,,,,,,,,,,,,,,,,,,,,,,,,,,,,,,,,,,,,,,,,,,,,,,,,,,,,,,,Very difficult,Very easy,Somewhat difficult,Very easy,Somewhat difficult,Very easy,"The colored ones were the easiest because it is easy to see, uncolored were the worst",none,25-34 years old,Male,,White or Caucasian,No,Normal,,1,5,6,2
9/17/24 9:57,9/17/24 10:12,100,933,TRUE,9/17/24 10:12,R_5VbTJIWnzZChKdX,anonymous,EN,I confirm,"I am using a desktop or laptop computer to take this survey,I have made my browser window full screen",1,5,1,15,2,15,Within,Within,Above,Within,Below,Within,"5,6,12",Yes,,,,,,,,,,,,,,,,,,,,,,,,,,,,,,,,,,,,,,,,,,,,,,,,,,,,,,,,,,,,,,,,,,,,,,,,,,,,,,,,,,,,,,,,,,,14.565,16.243,16.245,5,"8,9,11",16.88,19.412,19.416,6,"7,10,13",5.453,12.726,12.728,4,"3,5,16",5.802,12.272,12.274,4,"2,9,14",8.097,15.882,15.884,4,"3,8,14",12.457,18.53,18.535,4,"7,10,13",,,,,,,,,,,,,,,,,,,,,,,,,,,,,,,,,,,,,,,,,,,,,,,,,,,,,,,,,,,,,,,,,,,,,,,,,,,,,,,,,,,,,,,,,,,11.097,11.769,11.772,2,7,5.284,5.767,5.769,2,10,10.341,11.071,11.073,3,13,10.233,10.93,10.933,2,3,7.327,7.843,7.845,2,16,11.573,12.182,12.184,2,11,,,,,,,,,,,,,,,,,,,,,,,,,,,,,,,,,,,,,,,,,,,,,,,,,,,,,,,,,,,,,,,,,,,,,,,,,,,,,,,,,,,,,,,,,,,,,,,,,,,,,,,,,,,,,,,,,,,,,,,,,,,,,,,,,,,,,,,,,,,,,,,,,,,,,,,,,,,,,,,,,,,,,,,,,,,,,,,,,,,,,,,,,,,,,,,,,,,,,,,,,,,,,,,,,,,,,,,,,,,,,,,,,,,,,,,,,,,,,,,,,5.972,6.824,6.826,3,Above,5.025,5.846,5.849,2,Above,5.268,5.954,5.957,2,Within,4.752,8.045,8.047,2,Within,7.48,8.155,8.158,2,Below,5.075,5.833,5.836,2,Within,,,,,,,,,,,,,,,,,,,,,,,,,,,,,,,6.902,8.809,8.812,3,16,4.879,6.088,6.09,3,No,4.22,7.276,7.279,2,Yes,7.031,7.869,7.872,2,Yes,5.691,6.469,6.471,2,Yes,3.719,4.935,4.936,2,Yes,4.184,4.867,4.869,2,No,,,,,,,,,,,,,,,,,,,,,,,,,,,,,,,,,,,,,,,,,,,,,,,,,,,,,,,,,,,,,,,,,,,,,,,,,,,,,,,,,,,,,,,,,,,,,,,,,,,,,,,,,,,,,,,,,,,,,,,,,,,,,,,,,,,,,,,,,,,,,,,,,,,,,,,Somewhat easy,Somewhat easy,Neither easy nor difficult,Very easy,Neither easy nor difficult,Somewhat easy,The graphs with the colors were easier to use vs the graphs that had the gray band. ,,25-34 years old,Female,,White or Caucasian,No,Corrected to normal,,4,2,5,1
9/17/24 9:52,9/17/24 10:16,100,1430,TRUE,9/17/24 10:16,R_5eqN5m1Xq3ed7Am,anonymous,EN,I confirm,"I am using a desktop or laptop computer to take this survey,I have made my browser window full screen",1,5,1,15,2,15,Within,Within,Above,Within,Below,Within,"4,5,12",Yes,,,,,,,,,,,,,,,,,,,,,,,,,,,,,,,,,,,,,,,,,,,,,,,,,,,,,,,,,,,,,,,,,,,,,,,,,,,,,,,,,,,,,,,,,,,,,,,,,,,,,,,,,,,,,,,,,,,,,,,,,,,,,,,,,,,,,,,,,,,,,,,,,,,,,,,6.73,16.623,16.63,4,"3,4,16",7.628,27.025,27.038,6,"2,12,14",6.097,14.7,14.704,4,"5,8,14",5.764,11.678,11.682,4,"5,10,13",7.647,17.208,17.216,4,"2,8,9",5.703,19.781,19.79,4,"9,10,13",,,,,,,,,,,,,,,,,,,,,,,,,,,,,,,,,,,,,,,,,,,,,,,,,,,,,,,,,,,,,,,,,,,,,,,,,,,,,,,,,,,,,,,,,,,,,,,,,,,,,,,,,,,,,,,,,,,,,,,,,,,,,,,,,,,,,,,,,,,,,,,,,,,,,,,26.79,27.512,27.518,2,16,15.828,16.772,16.777,2,11,29.146,30.137,30.144,2,11,13.329,14.452,14.456,2,3,11.336,12.95,12.956,2,13,10.289,11.455,11.468,2,3,,,,,,,,,,,,,,,,,,,,,,,,,,,,,,,,,,,,,,,,,,,,,,,,,,,,,,,,,,,,,3.741,5.095,5.105,2,Below,4.97,6.198,6.202,2,Within,6.886,8.437,8.441,2,Above,5.844,7.151,7.156,2,Above,6.095,7.149,7.155,2,Within,9.257,10.538,10.545,2,Within,,,,,,,,,,,,,,,,,,,,,,,,,,,,,,,,,,,,,,,,,,,,,,,,,,,,,,,,,,,,,,,,,,,,,,,,,,,,,,,,,,,,,,,,,,,7.798,9.446,9.452,2,16,,,,,,,,,,,,,,,,,,,,,,,,,,,,,,,,,,,,,,,,,,,,,,,,,,,,,,,,,,,,,5.981,7.695,7.7,2,Yes,5.617,6.576,6.583,2,Yes,4.724,6.133,6.137,2,Yes,4.291,5.242,5.248,2,No,6.953,8.156,8.161,2,No,4.581,5.698,5.701,2,Yes,,,,,,,,,,,,,,,,,,,,,,,,,,,,,,,,,,,,,,,,,,,,,,,,,,,,,,,,,,,,,,,,,,,,,,,,,,,,,,,,,,,,,,,,,,,Neither easy nor difficult,Somewhat easy,Somewhat easy,Very easy,Somewhat easy,Very easy,The ones with colors and large numbers were easier because just by looking at the color (red or blue) I knew if they had been out of range. The all gray were worse because I had to make more effort to see if they were out of range.,Graphs with colors are definitely easier to read.,45-54 years old,Female,,White or Caucasian,Yes,Corrected to normal,,6,6,3,3
9/17/24 10:07,9/17/24 10:18,100,668,TRUE,9/17/24 10:18,R_7jeNqGYYuu4ZdB2,anonymous,EN,I confirm,"I am using a desktop or laptop computer to take this survey,I have made my browser window full screen",1,5,1,15,2,15,Within,Within,Above,Within,Below,Within,"5,6,12",Yes,,,,,,,,,,,,,,,,,,,,,,,,,,,,,,,,,,,,,,,,,,,,,,,,,,,,,,,,,,,,,5.412,18.888,18.889,4,"5,7,10",2.05,7.655,7.657,4,"2,8,9",4.786,11.019,11.021,4,"7,9,10",3.571,7.122,7.124,4,"3,4,5",3.456,10.187,10.188,4,"2,9,12",4.636,9.866,9.868,4,"5,8,14",,,,,,,,,,,,,,,,,,,,,,,,,,,,,,,,,,,,,,,,,,,,,,,,,,,,,,,,,,,,,,,,,,,,,,,,,,,,,,,,,,,,,,,,,,,,,,,,,,,,,,,,,,,,,,,,,,,,,,,,,,,,,,,,,,,,,,,,,,,,,,,,,,,,,,,,,,,,,,,,,,,,,,,,,,,,,,,,,,,,,5.106,7.478,7.48,2,13,6.421,7.248,7.249,2,3,11.817,17.255,17.256,2,16,6.377,7.5,7.502,2,11,6.391,11.209,11.211,3,11,3.412,9.087,9.089,2,10,,,,,,,,,,,,,,,,,,,,,,,,,,,,,,,,,,,,,,,,,,,,,,,,,,,,,,,,,,,,,,,,,,,,,,,,,,,,,,,,,,,,,,,,,,,3.056,3.88,3.881,2,Within,2.725,3.527,3.528,2,Below,3.447,4.966,4.967,2,Within,3.844,4.616,4.617,2,Above,3.639,4.744,4.745,2,Above,3.365,4.445,4.446,2,Within,,,,,,,,,,,,,,,,,,,,,,,,,,,,,,,,,,,,,,,,,,,,,,,,,,,,,,,,,,,,,,,,,,,,,,,,,,,,,,,,,,,,,,,,,,,,,,,,,,,,,,,,,,,,,,,,,,,,,,,,,4.962,5.666,5.667,2,16,,,,,,,,,,,,,,,,,,,,,,,,,,,,,,,,,,,,,,,,,,,,,,,,,,,,,,,,,,,,,,,,,,,,,,,,,,,,,,,,,,,,,,,,,,,,,,,,,,,,,,,,,,,,,,,,,,,,,,,,,,,,,,,,,,,,,,,,,,,,,,,,,,,,,,,2.735,3.536,3.537,2,No,9.106,10.009,10.01,2,No,3.419,5.559,5.56,2,No,3.256,4.164,4.165,2,Yes,5.386,6.886,6.887,2,Yes,3.758,4.415,4.416,2,Yes,Neither easy nor difficult,Somewhat easy,Somewhat easy,Very easy,Somewhat easy,Very easy,the ones with colored points outside the acceptable range made tasks easy at a glance. The gray shaded ones were harder to see if points close to the limit were inside or outside the range.,no,25-34 years old,Male,,White or Caucasian,No,Normal,,3,4,2,6
9/17/24 9:59,9/17/24 10:21,100,1304,TRUE,9/17/24 10:21,R_5C1obOgEtUT3b58,anonymous,EN,I confirm,"I am using a desktop or laptop computer to take this survey,I have made my browser window full screen",1,5,1,15,2,15,Within,Within,Above,Within,Below,Within,"4,5,6",Yes,,,,,,,,,,,,,,,,,,,,,,,,,,,,,,,,,,,,,,,,,,,,,,,,,,,,,,,,,,,,,,,,,,,,,,,,,,,,,,,,,,,,,,,,,,,,,,,,,,,,,,,,,,,,,,,,,,,,,,,,,3.76,12.366,12.367,4,"9,10,13",4.662,11.155,11.156,4,"3,5,16",6.035,15.072,15.073,5,"2,9,14",8.701,10.931,10.932,4,"5,8,14",6.05,13.164,13.166,4,"5,10,13",4.624,6.329,6.331,4,"2,8,9",,,,,,,,,,,,,,,,,,,,,,,,,,,,,,,22.088,22.671,22.672,2,11,7.492,8.123,8.125,2,11,5.836,6.559,6.56,2,10,3.765,4.836,4.838,2,13,5.079,5.616,5.617,2,10,7.094,7.806,7.807,2,14,,,,,,,,,,,,,,,,,,,,,,,,,,,,,,,,,,,,,,,,,,,,,,,,,,,,,,,,,,,,,,,,,,,,,,,,,,,,,,,,,,,,,,,,,,,,,,,,,,,,,,,,,,,,,,,,,,,,,,,,,,,,,,,,,,,,,,,,,,,,,,,,,,,,,,,3.573,4.288,4.289,2,Within,3.697,4.861,4.862,2,Within,2.525,4.372,4.373,3,Below,3.942,5.051,5.052,2,Within,5.376,6.583,6.584,2,Above,3.478,4.173,4.174,2,Above,,,,,,,,,,,,,,,,,,,,,,,,,,,,,,,,,,,,,,,,,,,,,,,,,,,,,,,,,,,,,,,,,,,,,,,,,,,,,,,,,,,,,,,,,,,,,,,,,,,,,,,,,,,,,,,,,,,,,,,,,,,,,,,,,,,,,,,,,,,,,,,,,,,,,,,8.312,8.741,8.742,2,16,,,,,,,,,,,,,,,,,,,,,,,,,,,,,,,,,,,,,,,,,,,,,,,,,,,,,,,,,,,,,,,,,,,,,,,,,,,,,,,,,,,,,,,,,,,,,,,,,,,,,,,,,,,,,,,,,,,,,,,,,4.314,5.12,5.121,2,Yes,5.614,6.319,6.32,2,No,4.343,5.094,5.095,2,No,3.692,4.561,4.562,2,Yes,5.198,6.283,6.284,2,Yes,3.274,3.967,3.968,2,Yes,,,,,,,,,,,,,,,,,,,,,,,,,,,,,,,Somewhat easy,Very easy,Somewhat easy,Very easy,Somewhat easy,Very easy,"The ones with colors made it a bit easier to see at a glance, but they were all fairly easy to read overall.",Nope.,35-44 years old,Male,,White or Caucasian,No,Normal,,5,1,1,5
9/17/24 11:49,9/17/24 12:01,100,685,TRUE,9/17/24 12:01,R_1nxzGayohyVWqU0,anonymous,EN,I confirm,"I am using a desktop or laptop computer to take this survey,I have made my browser window full screen",1,5,1,15,2,15,Within,Within,Above,Within,Below,Within,"4,5,6",Yes,,,,,,,,,,,,,,,,,,,,,,,,,,,,,,,,,,,,,,,,,,,,,,,,,,,,,,,,,,,,,,,,,,,,,,,,,,,,,,,,,,,,,,,,,,,2.878,10.742,10.743,4,"2,8,9",5.809,9.881,9.883,4,"7,10,13",2.735,12.038,12.04,4,"4,5,16",2.517,8.149,8.15,4,"2,9,14",3.346,11.914,11.916,4,"3,8,14",3.092,10.116,10.117,4,"7,10,13",,,,,,,,,,,,,,,,,,,,,,,,,,,,,,,,,,,,,,,,,,,,,,,,,,,,,,,,,,,,,,,,,,,,,,,,,,,,,,,,,,,,,,,,,,,11.549,13.573,13.574,3,10,5.357,6.26,6.262,2,10,4.406,5.83,5.831,2,13,8.039,8.927,8.929,2,3,6.385,9.569,9.57,2,16,6.229,8.541,8.543,3,11,,,,,,,,,,,,,,,,,,,,,,,,,,,,,,,,,,,,,,,,,,,,,,,,,,,,,,,,,,,,,,,,,,,,,,,,,,,,,,,,,,,,,,,,,,,,,,,,,,,,,,,,,,,,,,,,,,,,,,,,,,,,,,,,,,,,,,,,,,,,,,,,,,,,,,,,,,,,,,,,,,,,,,,,,,,,,,,,,,,,,,,,,,,,,,,,,,,,,,,,,,,,,,,,,,,2.641,3.385,3.387,3,Within,3.713,4.338,4.339,2,Above,3.491,4.843,4.845,2,Above,4.445,6.237,6.239,2,Within,3.175,3.798,3.799,2,Within,2.472,3.496,3.497,3,Below,,,,,,,,,,,,,,,,,,,,,,,,,,,,,,,,,,,,,,,,,,,,,,,,,,,,,,,,,,,,,6.179,8.251,8.253,3,16,,,,,,,,,,,,,,,,,,,,,,,,,,,,,,,,,,,,,,,,,,,,,,,,,,,,,,,,,,,,,,,,,,,,,,,,,,,,,,,,,,,,,,,,,,,6.775,7.511,7.512,2,Yes,4.984,6.44,6.442,2,Yes,5.033,6.065,6.066,3,No,10.014,10.926,10.928,2,No,9.005,10.789,10.79,3,No,3.699,4.579,4.58,2,Yes,,,,,,,,,,,,,,,,,,,,,,,,,,,,,,,,,,,,,,,,,,,,,,,,,,,,,,,,,,,,,Somewhat easy,Very easy,Somewhat easy,Very easy,Somewhat easy,Very easy,"The color coded ones were the easiest, it's easy to just look at the high's and low's . The ones where you have to look within a shaded area were the hardest because it was not always obvious.",All good,25-34 years old,Male,,White or Caucasian,No,Normal,,4,2,4,4
9/17/24 11:50,9/17/24 12:06,100,962,TRUE,9/17/24 12:06,R_5kNeHpJxgjPW8ZH,anonymous,EN,I confirm,"I am using a desktop or laptop computer to take this survey,I have made my browser window full screen",1,5,1,15,2,15,Within,Within,Above,Within,Below,Within,"5,6,12",Yes,,,,,,,,,,,,,,,,,,,,,,,,,,,,,,,,,,,,,,,,,,,,,,,,,,,,,,,,,,,,,,,,,,,,,,,,,,,,,,,,,,,,,,,,,,,,,,,,,,,,,,,,,,,,,,,,,,,,,,,,,8.497,18.305,18.31,4,"9,10,13",5.116,18.387,18.39,4,"4,5,16",5.546,11.793,11.797,4,"2,9,14",6.797,10.633,10.635,4,"5,8,14",7.875,15.877,15.88,4,"7,10,13",4.009,9.22,9.222,4,"2,8,9",,,,,,,,,,,,,,,,,,,,,,,,,,,,,,,29.04,29.81,29.812,2,16,7.678,8.964,8.968,2,11,14.313,15.46,15.464,2,10,6.899,7.705,7.708,2,13,14.078,15.672,15.674,2,10,10.299,11.063,11.066,2,16,,,,,,,,,,,,,,,,,,,,,,,,,,,,,,,,,,,,,,,,,,,,,,,,,,,,,,,,,,,,,,,,,,,,,,,,,,,,,,,,,,,,,,,,,,,,,,,,,,,,,,,,,,,,,,,,,,,,,,,,,,,,,,,,,,,,,,,,,,,,,,,,,,,,,,,4.326,5.976,5.978,2,Within,3.868,5.365,5.368,2,Within,3.616,5.127,5.129,2,Below,3.958,5.129,5.133,2,Within,4.123,5.619,5.623,2,Above,7.029,8.797,8.799,2,Above,,,,,,,,,,,,,,,,,,,,,,,,,,,,,,,,,,,,,,,,,,,,,,,,,,,,,,,,,,,,,,,,,,,,,,,,,,,,,,,,,,,,,,,,,,,,,,,,,,,,,,,,,,,,,,,,,,,,,,,,,,,,,,,,,,,,,,,,,,,,,,,,,,,,,,,8.629,9.51,9.514,2,16,,,,,,,,,,,,,,,,,,,,,,,,,,,,,,,5.327,7.62,7.623,2,Yes,4.437,5.664,5.668,2,Yes,9.731,11.316,11.32,2,Yes,3.156,5.047,5.048,2,Yes,4.731,6.088,6.091,2,No,5.975,7.332,7.335,2,No,,,,,,,,,,,,,,,,,,,,,,,,,,,,,,,,,,,,,,,,,,,,,,,,,,,,,,,,,,,,,,,,,,,,,,,,,,,,,,,,,,,,,,,,,,,,,,,,,,,,,,,,,,,,,,,,,,,,,,,,,Somewhat easy,Very easy,Somewhat easy,Very easy,Somewhat easy,Very easy,The easiest were the graphs with colors. The worst were the all gray graphs because it was harder to see.,no,45-54 years old,Female,,White or Caucasian,No,Corrected to normal,,5,1,1,2
9/17/24 11:51,9/17/24 12:07,100,959,TRUE,9/17/24 12:07,R_6B3eFlRi0oZyF01,anonymous,EN,I confirm,"I am using a desktop or laptop computer to take this survey,I have made my browser window full screen",1,5,1,15,2,15,Within,Within,Above,Within,Below,Within,"4,5,6",Yes,,,,,,,,,,,,,,,,,,,,,,,,,,,,,,,6.312,18.093,18.1,4,"3,5,14",7.54,15.751,15.757,4,"5,7,13",12.944,21.337,21.342,4,"2,9,11",10.456,16.737,16.742,4,"7,9,13",7.477,16.766,16.771,4,"4,5,16",5.771,10.062,10.068,4,"2,9,14",,,,,,,,,,,,,,,,,,,,,,,,,,,,,,,,,,,,,,,,,,,,,,,,,,,,,,,,,,,,,,,,,,,,,,,,,,,,,,,,,,,,,,,,,,,,,,,,,,,,,,,,,,,,,,,,,,,,,,,,,,,,,,,,,,,,,,,,,,,,,,,,,,,,,,,,,,,,,,,,,,,,,,,,,,,,,,,,,,,,,10.172,11.43,11.435,2,10,6.234,7.48,7.485,2,13,8.207,9.619,9.621,2,10,8.386,10.433,10.438,2,14,10.701,11.378,11.383,2,16,8.358,9.489,9.494,2,11,,,,,,,,,,,,,,,,,,,,,,,,,,,,,,,,,,,,,,,,,,,,,,,,,,,,,,,,,,,,,,,,,,,,,,,,,,,,,,,,,,,,,,,,,,,,,,,,,,,,,,,,,,,,,,,,,,,,,,,,,,,,,,,,,,,,,,,,,,,,,,,,,,,,,,,,,,,,,,,,,,,,,,,,,,,,,,,,,,,,,,,,,,,,,,,,,,,,,,,,,,,,,,,,,,,,,,,,,,,,,,,,,,,,,,,,,,,,,,,,,6.461,8.492,8.493,2,Above,3.75,5.423,5.428,2,Within,5.747,7.203,7.208,2,Within,3.855,5.14,5.144,2,Below,4.603,6.174,6.179,2,Within,4.711,6.217,6.222,2,Above,5.221,9.033,9.038,2,16,,,,,,,,,,,,,,,,,,,,,,,,,,,,,,,,,,,,,,,,,,,,,,,,,,,,,,,,,,,,,,,,,,,,,,,,,,,,,,,,,,,,,,,,,,,,,,,,,,,,,,,,,,,,,,,,,,,,,,,,,,,,,,,,,,,,,,,,,,,,,,,,,,,,,,,7.417,8.677,8.682,2,No,3.844,5.825,5.83,2,No,5.42,7.458,7.462,2,Yes,8.257,9.996,10.001,2,Yes,8.014,9.877,9.882,2,Yes,5.718,6.734,6.739,2,Yes,Neither easy nor difficult,Very easy,Somewhat easy,Very easy,Somewhat easy,Very easy,the easiest were the ones with colored dots and the current number and the grey bar. ,No,18-24 years old,Female,,White or Caucasian,No,Corrected to normal,,2,3,6,6
9/17/24 11:51,9/17/24 12:08,100,1017,TRUE,9/17/24 12:08,R_1D0YvRNnzrHKduE,anonymous,EN,I confirm,"I am using a desktop or laptop computer to take this survey,I have made my browser window full screen",1,5,1,15,2,15,Within,Within,Above,Within,Below,Within,"4,5,12",Yes,,,,,,,,,,,,,,,,,,,,,,,,,,,,,,,,,,,,,,,,,,,,,,,,,,,,,,,,,,,,,14.302,21.119,21.123,6,"5,7,13",8.688,12.52,12.523,4,"8,9,11",9.233,13.999,14.002,4,"7,9,10",7.298,10.011,10.019,5,"3,4,5",4.5,15.701,15.704,4,"2,9,12",5.409,9.725,9.728,4,"3,5,14",,,,,,,,,,,,,,,,,,,,,,,,,,,,,,,,,,,,,,,,,,,,,,,,,,,,,,,,,,,,,,,,,,,,,,,,,,,,,,,,,,,,,,,,,,,,,,,,,,,,,,,,,,,,,,,,,,,,,,,,,,,,,,,,,,,,,,,,,,,,,,,,,,,,,,,7.768,9.685,9.689,3,10,8.503,9.768,9.771,2,13,12.774,14.173,14.176,2,10,13.73,14.344,14.347,2,14,12.247,13.23,13.234,2,16,17.141,18.105,18.107,2,11,,,,,,,,,,,,,,,,,,,,,,,,,,,,,,,,,,,,,,,,,,,,,,,,,,,,,,,,,,,,,,,,,,,,,,,,,,,,,,,,,,,,,,,,,,,,,,,,,,,,,,,,,,,,,,,,,,,,,,,,,3.72,4.77,4.772,2,Within,4.145,5.235,5.237,2,Below,4.029,6.376,6.38,3,Within,5.364,6.312,6.315,2,Above,4.266,5.267,5.271,2,Above,5.003,6.32,6.323,2,Within,,,,,,,,,,,,,,,,,,,,,,,,,,,,,,,,,,,,,,,,,,,,,,,,,,,,,,,,,,,,,,,,,,,,,,,,,,,,,,,,,,,,,,,,,,,,,,,,,,,,,,,,,,,,,,,,,,,,,,,,,5.779,7.996,7.998,2,16,2.437,5.489,5.492,4,No,2.765,3.637,3.639,2,No,4.37,6.268,6.27,2,Yes,4.304,5.704,5.708,2,No,5.07,6.237,6.24,2,No,4.562,6.797,6.8,3,No,,,,,,,,,,,,,,,,,,,,,,,,,,,,,,,,,,,,,,,,,,,,,,,,,,,,,,,,,,,,,,,,,,,,,,,,,,,,,,,,,,,,,,,,,,,,,,,,,,,,,,,,,,,,,,,,,,,,,,,,,,,,,,,,,,,,,,,,,,,,,,,,,,,,,,,Very easy,Very easy,Very easy,Very easy,Very easy,Very easy,Overall each design was very easy to understand. I think that Design D was the easiest to read. I liked the designs that included the gray range box.,,25-34 years old,Female,,White or Caucasian,No,Normal,,3,3,2,1
9/17/24 11:53,9/17/24 12:08,100,939,TRUE,9/17/24 12:08,R_3Q9t7gQf72miybp,anonymous,EN,I confirm,"I am using a desktop or laptop computer to take this survey,I have made my browser window full screen",1,5,1,15,2,15,Within,Within,Above,Within,Below,Within,"4,5,12",Yes,4.765,13.56,13.562,4,"2,12,14",6.765,11.841,11.845,4,"3,8,14",7.541,14.349,14.352,4,"7,10,13",3.793,10.582,10.585,4,"2,8,9",8.627,19.632,19.635,4,"7,9,13",5.553,11.436,11.44,4,"3,5,16",,,,,,,,,,,,,,,,,,,,,,,,,,,,,,,,,,,,,,,,,,,,,,,,,,,,,,,,,,,,,,,,,,,,,,,,,,,,,,,,,,,,,,,,,,,,,,,,,,,,,,,,,,,,,,,,,,,,,,,,,,,,,,,,,,,,,,,,,,,,,,,,,,,,,,,,,,,,,,,,,,,,,,,,,,,,,,,,,,,,,,,,,,,,,,,,,,,,,,,,,,,,,,,,,,,,,,,,,,,,,,,,,,,,,,,,,,,,,,,,,,,,,,,,,,,,,,,,,,,,,,,,,,,,,,,,,,,,,,,,,,,,,,,,,,,,,,,,,,,,,14.982,16.743,16.746,2,16,13.354,14.19,14.193,2,11,23.414,26.68,26.685,2,11,9.433,11.438,11.441,2,10,12.36,14.009,14.011,2,13,9.543,10.728,10.732,2,3,,,,,,,,,,,,,,,,,,,,,,,,,,,,,,,,,,,,,,,,,,,,,,,,,,,,,,,,,,,,,,,,,,,,,,,,,,,,,,,,,,,,,,,,,,,,,,,,,,,,,,,,,,,,,,,,,,,,,,,,,5.257,7.077,7.08,2,Above,3.012,5.935,5.938,2,Above,4.305,5.476,5.479,2,Within,3.561,4.406,4.409,2,Within,3.326,4.411,4.414,2,Below,3.546,5.035,5.038,2,Within,,,,,,,,,,,,,,,,,,,,,,,,,,,,,,,10.325,13.878,13.882,2,16,,,,,,,,,,,,,,,,,,,,,,,,,,,,,,,,,,,,,,,,,,,,,,,,,,,,,,,,,,,,,,,,,,,,,,,,,,,,,,,,,,,,,,,,,,,,,,,,,,,,,,,,,,,,,,,,,,,,,,,,,4.002,5.07,5.072,2,Yes,2.761,4.078,4.081,2,No,4.927,6.304,6.307,2,No,3.399,4.484,4.487,2,Yes,3.96,5.076,5.078,2,Yes,3.606,4.587,4.589,2,Yes,,,,,,,,,,,,,,,,,,,,,,,,,,,,,,,Somewhat difficult,Somewhat easy,Somewhat difficult,Somewhat easy,Neither easy nor difficult,Very easy,The easiest were the ones with the colors because it was easy to see which was out of range. The worst were the black and white ones because it was really hard to tell if some of the dots were within the gray range or not.,Straightforward,25-34 years old,Male,,White or Caucasian,No,Corrected to normal,,1,6,5,5
9/17/24 11:51,9/17/24 12:10,100,1156,TRUE,9/17/24 12:10,R_1reSQAFP8AAnK7o,anonymous,EN,I confirm,"I am using a desktop or laptop computer to take this survey,I have made my browser window full screen",1,5,1,15,2,15,Within,Within,Above,Within,Below,Within,"4,5,6",Yes,,,,,,,,,,,,,,,,,,,,,,,,,,,,,,,,,,,,,,,,,,,,,,,,,,,,,,,,,,,,,,,,,,,,,,,,,,,,,,,,,,,,,,,,,,,,,,,,,,,,,,,,,,,,,,,,,,,,,,,,,,,,,,,,,,,,,,,,,,,,,,,,,,,,,,,6.459,16.565,16.567,4,"4,5,16",5.679,17.094,17.096,4,"2,9,12",5.838,18.761,18.764,4,"3,5,8",5.93,15.351,15.354,4,"5,10,13",11.704,22.548,22.551,4,"8,9,11",4.371,10.719,10.722,4,"7,9,13",,,,,,,,,,,,,,,,,,,,,,,,,,,,,,,,,,,,,,,,,,,,,,,,,,,,,,,,,,,,,,,,,,,,,,,,,,,,,,,,,,,,,,,,,,,,,,,,,,,,,,,,,,,,,,,,,,,,,,,,,7.767,8.964,8.967,2,10,6.62,15.636,15.639,4,14,9.965,11.548,11.55,2,16,12.669,13.766,13.768,2,11,5.21,6.547,6.549,2,10,10.738,11.647,11.65,2,13,,,,,,,,,,,,,,,,,,,,,,,,,,,,,,,,,,,,,,,,,,,,,,,,,,,,,,,,,,,,,,,,,,,,,,,,,,,,,,,,,,,,,,,,,,,,,,,,,,,,,,,,,,,,,,,,,,,,,,,,,,,,,,,,,,,,,,,,,,,,,,,,,,,,,,,,,,,,,,,,,,,,,,,,,,,,,,,,,,,,,4.494,5.851,5.853,2,Above,4.562,6.533,6.535,2,Within,3.311,5.624,5.626,3,Within,4.352,5.529,5.532,2,Below,5.709,7.888,7.89,2,Within,5.068,6.54,6.544,2,Above,5.396,12.824,12.826,2,16,,,,,,,,,,,,,,,,,,,,,,,,,,,,,,,,,,,,,,,,,,,,,,,,,,,,,,,,,,,,,3.496,4.851,4.853,2,Yes,3.818,4.976,4.978,2,Yes,4.159,5.574,5.576,2,Yes,4.772,7.454,7.456,2,No,4.002,5.292,5.294,2,No,3.107,4.297,4.3,2,Yes,,,,,,,,,,,,,,,,,,,,,,,,,,,,,,,,,,,,,,,,,,,,,,,,,,,,,,,,,,,,,,,,,,,,,,,,,,,,,,,,,,,,,,,,,,,Somewhat easy,Somewhat easy,Neither easy nor difficult,Very easy,Somewhat difficult,Somewhat easy,"Design D was the easiest for my visually because of the color coded dots and the color coded numbers were larger if out of range. The worst was Design E because although the numbers were larger, all of the gray blended in together too much making it difficult to assess in a timely manner.",I feel if Design D had a gray band it would be the perfect one.,35-44 years old,Female,,White or Caucasian,Yes,Corrected to normal,,6,5,6,3
9/17/24 11:51,9/17/24 12:11,100,1200,TRUE,9/17/24 12:11,R_115r6fOsAjmsL98,anonymous,EN,I confirm,"I am using a desktop or laptop computer to take this survey,I have made my browser window full screen",1,5,1,15,2,15,Within,Within,Above,Within,Below,Within,"4,5,6",Yes,,,,,,,,,,,,,,,,,,,,,,,,,,,,,,,,,,,,,,,,,,,,,,,,,,,,,,,,,,,,,3.474,14.14,14.157,6,"5,7,10",4.121,14.341,14.362,6,"2,8,9",3.167,16.046,16.068,6,"7,9,13",3.929,9.056,9.066,6,"3,4,5",7.439,35.244,35.264,12,"2,12,14",2.936,14.156,14.177,5,"5,8,14",,,,,,,,,,,,,,,,,,,,,,,,,,,,,,,,,,,,,,,,,,,,,,,,,,,,,,,,,,,,,,,,,,,,,,,,,,,,,,,,,,,,,,,,,,,,,,,,,,,,,,,,,,,,,,,,,,,,,,,,,,,,,,,,,,,,,,,,,,,,,,,,,,,,,,,,,,,,,,,,,,,,,,,,,,,,,,,,,,,,,5.73,10.056,10.069,3,13,3.221,12.22,12.233,4,3,7.754,13.375,13.392,4,16,3.325,19.001,19.015,3,11,13.235,17.176,17.192,3,11,3.854,7.635,7.652,3,10,,,,,,,,,,,,,,,,,,,,,,,,,,,,,,,,,,,,,,,,,,,,,,,,,,,,,,,,,,,,,,,,,,,,,,,,,,,,,,,,,,,,,,,,,,,,,,,,,,,,,,,,,,,,,,,,,,,,,,,,,4.031,7.458,7.471,4,Below,3.198,6.482,6.5,3,Within,2.678,7.497,7.513,3,Above,3.658,6.502,6.521,3,Above,2.906,8.679,8.697,4,Within,4.618,9.067,9.079,4,Within,,,,,,,,,,,,,,,,,,,,,,,,,,,,,,,,,,,,,,,,,,,,,,,,,,,,,,,,,,,,,,,,,,,,,,,,,,,,,,,,,,,,,,,,,,,5.858,11.181,11.203,4,16,,,,,,,,,,,,,,,,,,,,,,,,,,,,,,,2.149,9.155,9.175,3,No,2.305,5.328,5.339,3,Yes,2.333,6.929,6.943,3,Yes,3.123,6.495,6.509,3,Yes,2.819,7.006,7.023,3,No,2.61,6.785,6.805,3,No,,,,,,,,,,,,,,,,,,,,,,,,,,,,,,,,,,,,,,,,,,,,,,,,,,,,,,,,,,,,,,,,,,,,,,,,,,,,,,,,,,,,,,,,,,,,,,,,,,,,,,,,,,,,,,,,,,,,,,,,,Somewhat easy,Somewhat easy,Somewhat easy,Somewhat easy,Neither easy nor difficult,Somewhat easy,It was slightly easier to read color-coded graphs because they seemed more firm. Non color-coded ones were just slightly more ambiguous. ,No.,35-44 years old,Female,,White or Caucasian,No,Corrected to normal,,3,4,3,2
9/17/24 12:00,9/17/24 12:12,100,742,TRUE,9/17/24 12:12,R_6OcVfaW3p8e4qU6,anonymous,EN,I confirm,"I am using a desktop or laptop computer to take this survey,I have made my browser window full screen",1,5,1,15,2,15,Within,Within,Above,Within,Below,Within,"4,5,6",Yes,,,,,,,,,,,,,,,,,,,,,,,,,,,,,,,,,,,,,,,,,,,,,,,,,,,,,,,,,,,,,,,,,,,,,,,,,,,,,,,,,,,,,,,,,,,,,,,,,,,,,,,,,,,,,,,,,,,,,,,,,8.113,17.901,17.904,4,"2,9,10",8.443,17.766,17.769,4,"3,5,16",5.601,20.098,20.099,6,"2,12,14",5.501,17.171,17.173,4,"5,8,14",9.701,17.358,17.361,4,"5,7,10",2.953,10.446,10.448,4,"2,8,9",,,,,,,,,,,,,,,,,,,,,,,,,,,,,,,,,,,,,,,,,,,,,,,,,,,,,,,,,,,,,,,,,,,,,,,,,,,,,,,,,,,,,,,,,,,,,,,,,,,,,,,,,,,,,,,,,,,,,,,,,6.531,7.499,7.501,2,13,8.439,9.608,9.61,2,10,6.941,7.684,7.685,2,16,8.384,8.849,8.851,2,16,9.968,10.718,10.72,2,7,8.68,11.08,11.082,2,13,,,,,,,,,,,,,,,,,,,,,,,,,,,,,,,,,,,,,,,,,,,,,,,,,,,,,,,,,,,,,,,,,,,,,,,,,,,,,,,,,,,,,,,,,,,5.204,6.006,6.012,2,Within,4.744,5.479,5.482,2,Below,3.622,4.304,4.306,2,Within,4.065,5.153,5.155,2,Above,5.309,6.765,6.766,4,Above,5.538,6.671,6.672,3,Within,,,,,,,,,,,,,,,,,,,,,,,,,,,,,,,,,,,,,,,,,,,,,,,,,,,,,,,,,,,,,,,,,,,,,,,,,,,,,,,,,,,,,,,,,,,,,,,,,,,,,,,,,,,,,,,,,,,,,,,,,8.467,9.367,9.37,2,16,,,,,,,,,,,,,,,,,,,,,,,,,,,,,,,,,,,,,,,,,,,,,,,,,,,,,,,,,,,,,,,,,,,,,,,,,,,,,,,,,,,,,,,,,,,,,,,,,,,,,,,,,,,,,,,,,,,,,,,,,,,,,,,,,,,,,,,,,,,,,,,,,,,,,,,4.16,5.037,5.039,2,No,4.084,4.849,4.852,2,No,3.247,4.185,4.187,2,No,5.89,6.647,6.649,2,Yes,4.324,5.652,5.655,4,Yes,6.412,7.477,7.48,3,Yes,Somewhat easy,Somewhat easy,Somewhat easy,Very easy,Somewhat easy,Very easy,The easiest were both the grayscaled one and colored ones as it helped visually.,N/A,25-34 years old,Male,,White or Caucasian,Yes,Normal,,5,4,2,6
9/17/24 11:51,9/17/24 12:14,100,1331,TRUE,9/17/24 12:14,R_7FYAefEtUTXCSiZ,anonymous,EN,I confirm,"I am using a desktop or laptop computer to take this survey,I have made my browser window full screen",1,5,1,15,2,15,Within,Within,Above,Within,Below,Within,"4,6,12",Yes,12.109,14.181,14.185,4,"2,9,14",7.618,14.691,14.697,4,"3,8,14",9.676,21.3,21.304,4,"5,10,13",6.277,21.981,21.984,4,"8,9,11",8.315,13.258,13.261,4,"7,9,13",7.412,17.396,17.399,4,"3,4,5",,,,,,,,,,,,,,,,,,,,,,,,,,,,,,,,,,,,,,,,,,,,,,,,,,,,,,,,,,,,,,,,,,,,,,,,,,,,,,,,,,,,,,,,,,,,,,,,,,,,,,,,,,,,,,,,,,,,,,,,,,,,,,,,,,,,,,,,,,,,,,,,,,,,,,,,,,,,,,,,,,,,,,,,,,,,,,,,,,,,,11.41,11.945,11.948,2,10,5.625,7.337,7.341,2,6,6.529,7.066,7.069,2,12,9.685,10.309,10.312,2,13,8.658,10.698,10.701,2,3,5.488,6.232,6.236,2,11,,,,,,,,,,,,,,,,,,,,,,,,,,,,,,,,,,,,,,,,,,,,,,,,,,,,,,,,,,,,,,,,,,,,,,,,,,,,,,,,,,,,,,,,,,,,,,,,,,,,,,,,,,,,,,,,,,,,,,,,,,,,,,,,,,,,,,,,,,,,,,,,,,,,,,,,,,,,,,,,,,,,,,,,,,,,,,,,,,,,,6.32,6.936,6.94,2,Below,5.975,6.657,6.66,2,Within,9.187,9.906,9.914,2,Above,8.981,10.357,10.36,3,Above,11.976,14.456,14.459,2,Within,7.8,8.498,8.503,2,Within,,,,,,,,,,,,,,,,,,,,,,,,,,,,,,,,,,,,,,,,,,,,,,,,,,,,,,,,,,,,,,,,,,,,,,,,,,,,,,,,,,,,,,,,,,,6.213,6.717,6.722,2,14,,,,,,,,,,,,,,,,,,,,,,,,,,,,,,,,,,,,,,,,,,,,,,,,,,,,,,,,,,,,,,,,,,,,,,,,,,,,,,,,,,,,,,,,,,,7.62,8.388,8.391,2,No,6.713,7.457,7.46,2,Yes,4.342,5.15,5.154,2,No,2.444,10.819,10.824,4,Yes,7.839,9.473,9.476,2,No,9.938,11.019,11.023,3,Yes,,,,,,,,,,,,,,,,,,,,,,,,,,,,,,,,,,,,,,,,,,,,,,,,,,,,,,,,,,,,,Neither easy nor difficult,Somewhat difficult,Somewhat difficult,Neither easy nor difficult,Somewhat easy,Somewhat easy,some were scrambled,great study,25-34 years old,Male,,Black or African American,No,Normal,,1,2,3,4
9/17/24 11:58,9/17/24 12:15,100,999,TRUE,9/17/24 12:15,R_5lEsoM0DjIyfjIR,anonymous,EN,I confirm,"I am using a desktop or laptop computer to take this survey,I have made my browser window full screen",1,5,1,15,2,15,Within,Within,Above,Within,Below,Within,"4,5,6",Yes,,,,,,,,,,,,,,,,,,,,,,,,,,,,,,,,,,,,,,,,,,,,,,,,,,,,,,,,,,,,,,,,,,,,,,,,,,,,,,,,,,,,,,,,,,,,,,,,,,,,,,,,,,,,,,,,,,,,,,,,,,,,,,,,,,,,,,,,,,,,,,,,,,,,,,,10.848,17.832,17.837,4,"3,4,16",13.517,17.695,17.698,4,"2,9,14",8.991,16.161,16.166,4,"5,8,14",10.243,20.479,20.485,4,"5,10,13",7.675,32.504,32.511,6,"6,8,11",8.039,11.445,11.449,4,"7,9,13",,,,,,,,,,,,,,,,,,,,,,,,,,,,,,,,,,,,,,,,,,,,,,,,,,,,,,,,,,,,,,,,,,,,,,,,,,,,,,,,,,,,,,,,,,,,,,,,,,,,,,,,,,,,,,,,,,,,,,,,,,,,,,,,,,,,,,,,,,,,,,,,,,,,,,,28.728,29.709,29.712,2,16,8.488,10.229,10.233,2,11,36.214,39.688,39.691,2,7,5.315,6.751,6.755,2,10,25.732,26.932,26.936,2,13,14.854,16.697,16.701,2,3,,,,,,,,,,,,,,,,,,,,,,,,,,,,,,,,,,,,,,,,,,,,,,,,,,,,,,,,,,,,,,,,,,,,,,,,,,,,,,,,,,,,,,,,,,,,,,,,,,,,,,,,,,,,,,,,,,,,,,,,,6.181,7.15,7.152,2,Above,5.699,6.643,6.647,2,Above,5.774,7.834,7.839,3,Within,4.689,6.201,6.207,2,Within,4.458,6.511,6.517,3,Below,5.194,6.392,6.394,2,Within,,,,,,,,,,,,,,,,,,,,,,,,,,,,,,,6.939,8.083,8.089,2,16,4.788,5.762,5.766,2,No,2.861,3.975,3.978,2,Yes,6.073,8.247,8.251,2,Yes,7.23,8.786,8.79,2,Yes,3.802,4.885,4.889,2,Yes,7.104,8.669,8.672,2,No,,,,,,,,,,,,,,,,,,,,,,,,,,,,,,,,,,,,,,,,,,,,,,,,,,,,,,,,,,,,,,,,,,,,,,,,,,,,,,,,,,,,,,,,,,,,,,,,,,,,,,,,,,,,,,,,,,,,,,,,,,,,,,,,,,,,,,,,,,,,,,,,,,,,,,,Somewhat difficult,Very easy,Somewhat easy,Very easy,Somewhat easy,Very easy,The designs that include colors are extremely easy to read and understand. The designs that include current number output are somewhat easy to read. The designs that are all gray that don't have output numbers in the box are super hard to read.,N/A,25-34 years old,Female,,Black or African American,No,Corrected to normal,,6,6,5,1
9/17/24 11:58,9/17/24 12:15,100,1030,TRUE,9/17/24 12:15,R_6pCI3FSnQOprQAh,anonymous,EN,I confirm,"I am using a desktop or laptop computer to take this survey,I have made my browser window full screen",1,5,1,15,2,15,Within,Within,Above,Within,Below,Within,"4,5,6",Yes,,,,,,,,,,,,,,,,,,,,,,,,,,,,,,,3.937,15.723,15.725,4,"3,5,8",4.86,13.702,13.708,5,"7,10,13",8.203,16.455,16.463,4,"2,8,9",6.413,12.825,12.832,5,"7,9,13",4.255,14.833,14.84,5,"3,4,5",4.515,11.614,11.625,4,"9,12,14",,,,,,,,,,,,,,,,,,,,,,,,,,,,,,,,,,,,,,,,,,,,,,,,,,,,,,,,,,,,,,,,,,,,,,,,,,,,,,,,,,,,,,,,,,,,,,,,,,,,,,,,,,,,,,,,,,,,,,,,,11.534,22.124,22.129,3,16,11.975,13.356,13.362,2,11,6.378,11.355,11.359,2,10,8.537,9.887,9.889,2,13,16.286,18.465,18.479,2,10,12.552,13.407,13.415,2,14,,,,,,,,,,,,,,,,,,,,,,,,,,,,,,,,,,,,,,,,,,,,,,,,,,,,,,,,,,,,,,,,,,,,,,,,,,,,,,,,,,,,,,,,,,,,,,,,,,,,,,,,,,,,,,,,,,,,,,,,,,,,,,,,,,,,,,,,,,,,,,,,,,,,,,,,,,,,,,,,,,,,,,,,,,,,,,,,,,,,,,,,,,,,,,,,,,,,,,,,,,,,,,,,,,,,,,,,,,,,,,,,,,,,,,,,,,,,,,,,,8.855,10.119,10.125,2,Within,8.959,10.634,10.643,2,Above,5.42,7.145,7.155,2,Above,4.774,6.119,6.136,2,Below,3.549,5.213,5.218,2,Within,3.436,5.447,5.456,2,Below,,,,,,,,,,,,,,,,,,,,,,,,,,,,,,,,,,,,,,,,,,,,,,,,,,,,,,,,,,,,,5.647,8.486,8.491,2,16,,,,,,,,,,,,,,,,,,,,,,,,,,,,,,,,,,,,,,,,,,,,,,,,,,,,,,,,,,,,,4.775,6.428,6.433,2,Yes,4.021,6.028,6.033,3,Yes,4.188,5.9,5.902,2,Yes,5.188,6.762,6.767,2,No,4.629,5.951,5.954,2,No,3.751,5.3,5.304,2,Yes,,,,,,,,,,,,,,,,,,,,,,,,,,,,,,,,,,,,,,,,,,,,,,,,,,,,,,,,,,,,,,,,,,,,,,,,,,,,,,,,,,,,,,,,,,,Neither easy nor difficult,Very easy,Somewhat difficult,Neither easy nor difficult,Neither easy nor difficult,Very easy,Ones with colors were easiest to do quickly as you can pinpoint the data you need vs picking it off of a gray background.,It was fun!,35-44 years old,Male,,White or Caucasian,No,Corrected to normal,,2,1,4,3
9/17/24 11:59,9/17/24 12:15,100,950,TRUE,9/17/24 12:15,R_11AgRYjsEW74YyV,anonymous,EN,I confirm,"I am using a desktop or laptop computer to take this survey,I have made my browser window full screen",1,5,1,15,2,15,Within,Within,Above,Within,Below,Within,"4,5,6",Yes,,,,,,,,,,,,,,,,,,,,,,,,,,,,,,,,,,,,,,,,,,,,,,,,,,,,,,,,,,,,,,,,,,,,,,,,,,,,,,,,,,,,,,,,,,,,,,,,,,,,,,,,,,,,,,,,,,,,,,,,,11.788,14.346,14.349,4,"7,9,13",12.068,14.942,14.945,4,"3,4,16",5.966,17.396,17.399,4,"2,9,14",4.611,7.752,7.754,4,"5,8,14",9.754,12.225,12.228,4,"5,7,10",4.22,10.311,10.314,4,"2,8,9",,,,,,,,,,,,,,,,,,,,,,,,,,,,,,,,,,,,,,,,,,,,,,,,,,,,,,,,,,,,,,,,,,,,,,,,,,,,,,,,,,,,,,,,,,,,,,,,,,,,,,,,,,,,,,,,,,,,,,,,,,,,,,,,,,,,,,,,,,,,,,,,,,,,,,,13.039,14.055,14.058,2,3,8.195,8.749,8.751,2,14,7.229,8.76,8.762,2,6,8.96,10.896,10.899,2,5,12.207,13.794,13.796,2,5,11.4,11.986,11.988,2,13,,,,,,,,,,,,,,,,,,,,,,,,,,,,,,,4.12,5.511,5.514,2,Within,5.116,5.958,5.96,2,Within,4.026,4.834,4.837,2,Below,4.551,5.493,5.495,2,Within,5.661,6.488,6.49,2,Above,4.574,5.4,5.403,2,Above,,,,,,,,,,,,,,,,,,,,,,,,,,,,,,,,,,,,,,,,,,,,,,,,,,,,,,,,,,,,,,,,,,,,,,,,,,,,,,,,,,,,,,,,,,,,,,,,,,,,,,,,,,,,,,,,,,,,,,,,,,,,,,,,,,,,,,,,,,,,,,,,,,,,,,,9.777,10.717,10.72,2,3,,,,,,,,,,,,,,,,,,,,,,,,,,,,,,,,,,,,,,,,,,,,,,,,,,,,,,,,,,,,,,,,,,,,,,,,,,,,,,,,,,,,,,,,,,,,,,,,,,,,,,,,,,,,,,,,,,,,,,,,,4.882,5.735,5.738,2,Yes,8.25,9.206,9.21,2,No,8.33,9.894,9.897,2,No,5.678,6.652,6.654,2,Yes,7.231,8.004,8.01,2,Yes,5.025,5.84,5.843,2,Yes,,,,,,,,,,,,,,,,,,,,,,,,,,,,,,,Somewhat easy,Very easy,Very easy,Very easy,Somewhat easy,Very easy,colors and size of numbers were helpful to make a quick action.,"i hate numbers, make me nervous, but making them bigger in size makes it calmer for me to read, dont know why ",35-44 years old,Male,,White or Caucasian,Yes,Corrected to normal,,5,5,1,5
9/17/24 11:59,9/17/24 12:18,100,1113,TRUE,9/17/24 12:18,R_6mpWS9KIUdE0WtQ,anonymous,EN,I confirm,"I am using a desktop or laptop computer to take this survey,I have made my browser window full screen",1,5,1,15,2,15,Within,Within,Above,Within,Below,Within,"4,5,12",Yes,,,,,,,,,,,,,,,,,,,,,,,,,,,,,,,,,,,,,,,,,,,,,,,,,,,,,,,,,,,,,,,,,,,,,,,,,,,,,,,,,,,,,,,,,,,8.258,23.192,23.193,6,"8,9,11",8.047,17.506,17.508,4,"7,10,13",6.353,13.787,13.789,4,"4,5,16",5.822,17.481,17.483,4,"2,12,14",5.654,15.594,15.595,4,"3,8,14",10.528,15.818,15.82,4,"5,10,13",,,,,,,,,,,,,,,,,,,,,,,,,,,,,,,,,,,,,,,,,,,,,,,,,,,,,,,,,,,,,,,,,,,,,,,,,,,,,,,,,,,,,,,,,,,,,,,,,,,,,,,,,,,,,,,,,,,,,,,,,,,,,,,,,,,,,,,,,,,,,,,,,,,,,,,,,,,,,,,,,,,,,,,,,,,,,,,,,,,,,,,,,,,,,,,,,,,,,,,,,,,,,,,,,,,9.066,12.208,12.209,2,16,17.193,18.261,18.262,2,11,15.458,16.669,16.669,3,11,9.859,15.038,15.039,5,10,10.248,10.831,10.832,2,13,10.494,17.466,17.467,4,3,,,,,,,,,,,,,,,,,,,,,,,,,,,,,,,,,,,,,,,,,,,,,,,,,,,,,,,,,,,,,,,,,,,,,,,,,,,,,,,,,,,,,,,,,,,4.999,7.313,7.314,2,Within,6.43,7.425,7.426,2,Above,3.864,4.763,4.764,2,Above,3.424,4.286,4.287,2,Within,4.442,5.494,5.495,2,Within,3.36,4.567,4.568,2,Below,,,,,,,,,,,,,,,,,,,,,,,,,,,,,,,,,,,,,,,,,,,,,,,,,,,,,,,,,,,,,5.522,8.016,8.017,3,16,,,,,,,,,,,,,,,,,,,,,,,,,,,,,,,4.956,7.274,7.275,2,Yes,4.815,5.591,5.592,2,Yes,7.718,9.199,9.2,2,Yes,2.696,3.61,3.611,2,Yes,5.871,7.964,7.965,3,No,6.935,9.848,9.849,2,No,,,,,,,,,,,,,,,,,,,,,,,,,,,,,,,,,,,,,,,,,,,,,,,,,,,,,,,,,,,,,,,,,,,,,,,,,,,,,,,,,,,,,,,,,,,,,,,,,,,,,,,,,,,,,,,,,,,,,,,,,Somewhat easy,Very easy,Somewhat easy,Very easy,Somewhat easy,Very easy,Design F was the easiest as it was easy to pick up the points where it was outside of range within a glance while also having the best points out of every other design,no,18-24 years old,Male,,White or Caucasian,Yes,Corrected to normal,,4,6,4,2
9/17/24 12:01,9/17/24 12:18,100,1003,TRUE,9/17/24 12:18,R_11FBPimIn4s4VTS,anonymous,EN,I confirm,"I am using a desktop or laptop computer to take this survey,I have made my browser window full screen",1,5,1,15,2,15,Within,Within,Above,Within,Below,Within,"5,6,12",Yes,,,,,,,,,,,,,,,,,,,,,,,,,,,,,,,,,,,,,,,,,,,,,,,,,,,,,,,,,,,,,,,,,,,,,,,,,,,,,,,,,,,,,,,,,,,,,,,,,,,,,,,,,,,,,,,,,,,,,,,,,,,,,,,,,,,,,,,,,,,,,,,,,,,,,,,11.062,17.544,17.547,5,"3,4,16",3.118,31.998,32.003,9,"3,7,12",4.533,12.038,12.041,4,"5,8,14",3.636,8.205,8.207,4,"7,10,13",7.205,14.864,14.867,4,"2,8,11",5.031,9.988,9.991,4,"9,10,13",,,,,,,,,,,,,,,,,,,,,,,,,,,,,,,,,,,,,,,,,,,,,,,,,,,,,,,,,,,,,,,,,,,,,,,,,,,,,,,,,,,,,,,,,,,3.874,5.696,5.698,2,13,5.671,9.078,9.081,2,3,6.881,8.67,8.676,2,16,4.127,5.275,5.281,2,11,4.595,12.049,12.051,3,11,6.203,7.631,7.635,2,3,,,,,,,,,,,,,,,,,,,,,,,,,,,,,,,,,,,,,,,,,,,,,,,,,,,,,,,,,,,,,,,,,,,,,,,,,,,,,,,,,,,,,,,,,,,,,,,,,,,,,,,,,,,,,,,,,,,,,,,,,,,,,,,,,,,,,,,,,,,,,,,,,,,,,,,,,,,,,,,,,,,,,,,,,,,,,,,,,,,,,4.949,6.345,6.361,2,Above,3.327,5.241,5.256,2,Above,3.484,5.476,5.479,2,Within,4.296,6.336,6.339,2,Within,3.548,5.278,5.286,2,Below,3.353,4.608,4.611,2,Within,,,,,,,,,,,,,,,,,,,,,,,,,,,,,,,3.499,8.161,8.163,3,16,,,,,,,,,,,,,,,,,,,,,,,,,,,,,,,,,,,,,,,,,,,,,,,,,,,,,,,,,,,,,,,,,,,,,,,,,,,,,,,,,,,,,,,,,,,,,,,,,,,,,,,,,,,,,,,,,,,,,,,,,,,,,,,,,,,,,,,,,,,,,,,,,,,,,,,3.486,5.165,5.167,2,No,3.044,8.492,8.494,2,No,3.952,5.647,5.649,2,Yes,3.491,4.731,4.741,2,Yes,3.597,5.702,5.704,2,Yes,4.538,5.637,5.639,2,Yes,Neither easy nor difficult,Very easy,Somewhat difficult,Somewhat easy,Neither easy nor difficult,Somewhat easy,"Having color for dots within or outside parameters help quite a bit. So does the current output being colored and in the corner instead. Having that number grow and shrink, however, can either get in the way or become harder to read due to size if you need exact results.","The graphs are still a bit small even in full screen, not too sure how to fix though. Maybe less total machines per image?",18-24 years old,Non-binary / third gender,,White or Caucasian,No,Corrected to normal,,6,4,5,6
9/17/24 12:03,9/17/24 12:18,100,933,TRUE,9/17/24 12:18,R_3CBHebST6J7bGlu,anonymous,EN,I confirm,"I am using a desktop or laptop computer to take this survey,I have made my browser window full screen",1,5,1,15,2,15,Within,Within,Above,Within,Below,Within,"5,6,12",Yes,5.749,13.837,13.838,5,"2,9,12",6.846,14.734,14.736,4,"5,8,14",8.457,18.761,18.763,4,"5,7,10",5.798,11.07,11.072,4,"2,8,9",11.579,17.187,17.188,4,"7,9,13",6.218,11.282,11.284,4,"3,5,16",,,,,,,,,,,,,,,,,,,,,,,,,,,,,,,,,,,,,,,,,,,,,,,,,,,,,,,,,,,,,,,,,,,,,,,,,,,,,,,,,,,,,,,,,,,,,,,,,,,,,,,,,,,,,,,,,,,,,,,,,,,,,,,,,,,,,,,,,,,,,,,,,,,,,,,,,,,,,,,,,,,,,,,,,,,,,,,,,,,,,,,,,,,,,,,,,,,,,,,,,,,,,,,,,,,,,,,,,,,,,,,,,,,,,,,,,,,,,,,,,,,,,,,,,,,,,,,,,,,,,,,,,,,,,,,12.869,13.373,13.374,2,10,8.971,9.867,9.868,3,14,16.258,17.178,17.179,2,16,8.595,9.603,9.604,2,11,7.578,8.69,8.691,2,10,7.553,9.041,9.042,2,13,,,,,,,,,,,,,,,,,,,,,,,,,,,,,,,,,,,,,,,,,,,,,,,,,,,,,,,,,,,,,4.112,4.792,4.794,2,Within,3.718,4.582,4.583,3,Below,3.496,4.16,4.162,2,Within,7.757,9.621,9.622,2,Above,5.308,5.988,5.989,2,Above,3.798,4.43,4.432,2,Within,,,,,,,,,,,,,,,,,,,,,,,,,,,,,,,,,,,,,,,,,,,,,,,,,,,,,,,,,,,,,,,,,,,,,,,,,,,,,,,,,,,,,,,,,,,,,,,,,,,,,,,,,,,,,,,,,,,,,,,,,5.972,7.324,7.325,2,16,,,,,,,,,,,,,,,,,,,,,,,,,,,,,,,,,,,,,,,,,,,,,,,,,,,,,,,,,,,,,,,,,,,,,,,,,,,,,,,,,,,,,,,,,,,4.353,4.977,4.978,2,Yes,3.469,4.213,4.216,2,Yes,3.792,5.392,5.393,3,No,8.986,10.266,10.268,2,No,4.695,6.711,6.713,3,Yes,3.165,3.917,3.919,2,Yes,,,,,,,,,,,,,,,,,,,,,,,,,,,,,,,,,,,,,,,,,,,,,,,,,,,,,,,,,,,,,Very easy,Very easy,Somewhat easy,Very easy,Somewhat easy,Very easy,the designs with colors and bars are easier,no,18-24 years old,Male,,Black or African American,No,Normal,,1,5,2,4
9/17/24 11:48,9/17/24 12:18,100,1819,TRUE,9/17/24 12:18,R_1B3UWTQiBorco6J,anonymous,EN,I confirm,"I am using a desktop or laptop computer to take this survey,I have made my browser window full screen",1,5,1,15,2,15,Within,Within,Above,Within,Below,Within,"4,5,6",Yes,,,,,,,,,,,,,,,,,,,,,,,,,,,,,,,,,,,,,,,,,,,,,,,,,,,,,,,,,,,,,13.779,17.173,17.186,4,"5,7,13",10.217,12.41,12.43,4,"2,8,9",16.586,19.495,19.513,4,"7,9,13",11.252,15.853,15.864,4,"4,5,16",11.35,13.368,13.387,4,"9,12,14",6.98,10.355,10.38,4,"5,8,14",,,,,,,,,,,,,,,,,,,,,,,,,,,,,,,,,,,,,,,,,,,,,,,,,,,,,,,,,,,,,,,,,,,,,,,,,,,,,,,,,,,,,,,,,,,,,,,,,,,,,,,,,,,,,,,,,,,,,,,,,9.387,11.435,11.442,2,11,5.697,7.282,7.289,2,10,13.066,14.593,14.599,2,13,13.171,15.291,15.297,2,3,14.682,15.756,15.762,2,16,5.794,16.971,16.977,3,11,,,,,,,,,,,,,,,,,,,,,,,,,,,,,,,,,,,,,,,,,,,,,,,,,,,,,,,,,,,,,,,,,,,,,,,,,,,,,,,,,,,,,,,,,,,,,,,,,,,,,,,,,,,,,,,,,,,,,,,,,,,,,,,,,,,,,,,,,,,,,,,,,,,,,,,,,,,,,,,,,,,,,,,,,,,,,,,,,,,,,5.9,7.307,7.314,2,Below,8.225,11.722,11.727,3,Within,6.208,7.887,7.892,2,Above,5.714,7.139,7.145,2,Above,6.5,8.196,8.203,2,Within,6.899,8.357,8.363,2,Within,,,,,,,,,,,,,,,,,,,,,,,,,,,,,,,,,,,,,,,,,,,,,,,,,,,,,,,,,,,,,,,,,,,,,,,,,,,,,,,,,,,,,,,,,,,12.795,19.215,19.221,2,16,,,,,,,,,,,,,,,,,,,,,,,,,,,,,,,,,,,,,,,,,,,,,,,,,,,,,,,,,,,,,,,,,,,,,,,,,,,,,,,,,,,,,,,,,,,,,,,,,,,,,,,,,,,,,,,,,,,,,,,,,5.206,7.883,7.89,2,Yes,6.467,7.976,7.983,2,No,8.054,11.487,11.493,2,No,6.694,8.725,8.73,2,Yes,6.359,9.338,9.347,2,Yes,5.393,7.134,7.143,2,Yes,,,,,,,,,,,,,,,,,,,,,,,,,,,,,,,Somewhat difficult,Very easy,Somewhat difficult,Very easy,Neither easy nor difficult,Very easy,"The ones with orange and blue colors were the easiest. The ones with no colors were the hardest. For the ones that showed numbers, the small numbers were hard to read.",No,35-44 years old,Female,,White or Caucasian,No,Corrected to normal,,3,2,3,5
9/17/24 12:07,9/17/24 12:19,100,721,TRUE,9/17/24 12:19,R_6akIgzGqs80vIsL,anonymous,EN,I confirm,"I am using a desktop or laptop computer to take this survey,I have made my browser window full screen",1,5,1,15,2,15,Within,Within,Above,Within,Below,Within,"4,5,6",Yes,,,,,,,,,,,,,,,,,,,,,,,,,,,,,,,,,,,,,,,,,,,,,,,,,,,,,,,,,,,,,,,,,,,,,,,,,,,,,,,,,,,,,,,,,,,,,,,,,,,,,,,,,,,,,,,,,,,,,,,,,7.25,12.915,12.918,4,"7,9,10",4.577,9.993,9.994,4,"3,5,12",6.631,15.093,15.094,4,"2,9,12",4.258,9.533,9.536,4,"3,5,14",6.331,11.325,11.327,4,"5,7,10",2.796,7.362,7.363,4,"2,8,9",,,,,,,,,,,,,,,,,,,,,,,,,,,,,,,13.597,14.369,14.37,2,9,7.814,8.492,8.495,2,11,9.606,10.276,10.278,2,10,5.907,6.849,6.85,2,13,15.273,16.067,16.069,2,3,9.395,10.509,10.51,2,14,,,,,,,,,,,,,,,,,,,,,,,,,,,,,,,,,,,,,,,,,,,,,,,,,,,,,,,,,,,,,,,,,,,,,,,,,,,,,,,,,,,,,,,,,,,,,,,,,,,,,,,,,,,,,,,,,,,,,,,,,,,,,,,,,,,,,,,,,,,,,,,,,,,,,,,,,,,,,,,,,,,,,,,,,,,,,,,,,,,,,,,,,,,,,,,,,,,,,,,,,,,,,,,,,,,,,,,,,,,,,,,,,,,,,,,,,,,,,,,,,3.08,3.811,3.813,2,Within,5.662,6.321,6.323,2,Above,3.012,4.39,4.392,3,Above,6.408,7.594,7.596,2,Within,5.402,6.383,6.385,2,Within,3.242,4.38,4.381,2,Below,,,,,,,,,,,,,,,,,,,,,,,,,,,,,,,,,,,,,,,,,,,,,,,,,,,,,,,,,,,,,7.301,9.272,9.273,2,16,,,,,,,,,,,,,,,,,,,,,,,,,,,,,,,,,,,,,,,,,,,,,,,,,,,,,,,,,,,,,,,,,,,,,,,,,,,,,,,,,,,,,,,,,,,4.582,5.493,5.494,2,Yes,3.78,4.808,4.81,2,Yes,4.352,5.21,5.211,2,No,6.644,7.936,7.937,2,No,5.063,6.362,6.364,2,No,4.668,5.484,5.485,2,Yes,,,,,,,,,,,,,,,,,,,,,,,,,,,,,,,,,,,,,,,,,,,,,,,,,,,,,,,,,,,,,Somewhat easy,Very easy,Very easy,Very easy,Somewhat easy,Very easy,The ones with the colored dots were the easiest,no.,45-54 years old,Female,,White or Caucasian,No,Corrected to normal,,5,1,4,4
9/17/24 12:01,9/17/24 12:22,100,1294,TRUE,9/17/24 12:22,R_6Citt9keLZVaWdz,anonymous,EN,I confirm,"I am using a desktop or laptop computer to take this survey,I have made my browser window full screen",1,5,1,15,2,15,Within,Within,Above,Within,Below,Within,"4,5,6",Yes,,,,,,,,,,,,,,,,,,,,,,,,,,,,,,,6.584,16.824,16.828,4,"3,5,8",8.671,21.923,21.93,4,"5,7,10",7.185,37.263,37.27,6,"2,8,9",7.086,14.52,14.524,4,"7,9,13",9.577,17.548,17.555,4,"3,4,5",9.227,17.5,17.507,4,"2,9,14",,,,,,,,,,,,,,,,,,,,,,,,,,,,,,,,,,,,,,,,,,,,,,,,,,,,,,,,,,,,,,,,,,,,,,,,,,,,,,,,,,,,,,,,,,,,,,,,,,,,,,,,,,,,,,,,,,,,,,,,,,,,,,,,,,,,,,,,,,,,,,,,,,,,,,,,,,,,,,,,,,,,,,,,,,,,,,,,,,,,,,,,,,,,,,,,,,,,,,,,,,,,,,,,,,,17.554,19.176,19.182,2,13,7.023,17.885,17.894,2,3,13.588,17.205,17.21,2,16,29.911,31.49,31.498,2,11,28.02,30.946,30.95,2,7,8.948,10.502,10.508,2,10,,,,,,,,,,,,,,,,,,,,,,,,,,,,,,,,,,,,,,,,,,,,,,,,,,,,,,,,,,,,,,,,,,,,,,,,,,,,,,,,,,,,,,,,,,,8.849,11.882,11.893,2,Within,5.557,7.973,7.978,2,Below,6.273,9.859,9.866,2,Within,6.388,8.185,8.189,2,Above,5.403,7.998,8.003,2,Above,8.715,10.56,10.568,2,Within,,,,,,,,,,,,,,,,,,,,,,,,,,,,,,,,,,,,,,,,,,,,,,,,,,,,,,,,,,,,,,,,,,,,,,,,,,,,,,,,,,,,,,,,,,,,,,,,,,,,,,,,,,,,,,,,,,,,,,,,,8.564,10.749,10.756,2,16,,,,,,,,,,,,,,,,,,,,,,,,,,,,,,,14.912,17.244,17.25,2,Yes,5.89,8.785,8.79,2,Yes,4.656,6.994,7,2,Yes,5.769,8.863,8.868,2,Yes,6.148,9.169,9.175,2,No,15.68,18.138,18.143,2,No,,,,,,,,,,,,,,,,,,,,,,,,,,,,,,,,,,,,,,,,,,,,,,,,,,,,,,,,,,,,,,,,,,,,,,,,,,,,,,,,,,,,,,,,,,,,,,,,,,,,,,,,,,,,,,,,,,,,,,,,,Somewhat easy,Very easy,Somewhat easy,Very easy,Somewhat easy,Very easy,Any design with the colored dots is very easy to use.,WIthout the coloring it is difficult to judge dots that are close the limits. Showing the current value is completely useless and should be eliminated altogether.,65+ years old,Male,,White or Caucasian,No,Corrected to normal,,2,4,2,2
9/17/24 12:01,9/17/24 12:24,100,1396,TRUE,9/17/24 12:24,R_7wc1K36SgTxpeVz,anonymous,EN,I confirm,"I am using a desktop or laptop computer to take this survey,I have made my browser window full screen",1,5,1,15,2,15,Within,Within,Above,Within,Below,Within,"4,5,6",Yes,,,,,,,,,,,,,,,,,,,,,,,,,,,,,,,,,,,,,,,,,,,,,,,,,,,,,,,,,,,,,,,,,,,,,,,,,,,,,,,,,,,,,,,,,,,,,,,,,,,,,,,,,,,,,,,,,,,,,,,,,,,,,,,,,,,,,,,,,,,,,,,,,,,,,,,5.548,18.557,18.559,4,"3,5,16",4.533,14.465,14.467,4,"9,12,14",4.076,12.054,12.055,4,"3,5,14",4.73,12.354,12.359,4,"5,10,13",8.158,21.055,21.057,4,"2,8,11",5.868,10.394,10.396,4,"7,9,13",,,,,,,,,,,,,,,,,,,,,,,,,,,,,,,,,,,,,,,,,,,,,,,,,,,,,,,,,,,,,12.324,13.236,13.24,2,10,7.368,8.97,8.971,2,13,27.128,29.096,29.097,2,3,8.781,10.516,10.517,2,14,26.632,27.915,27.917,2,16,15.245,16.309,16.311,2,11,,,,,,,,,,,,,,,,,,,,,,,,,,,,,,,,,,,,,,,,,,,,,,,,,,,,,,,,,,,,,,,,,,,,,,,,,,,,,,,,,,,,,,,,,,,,,,,,,,,,,,,,,,,,,,,,,,,,,,,,,,,,,,,,,,,,,,,,,,,,,,,,,,,,,,,,,,,,,,,,,,,,,,,,,,,,,,,,,,,,,,,,,,,,,,,,,,,,,,,,,,,,,,,,,,,,,,,,,,,,,,,,,,,,,,,,,,,,,,,,,5.819,7.788,7.789,2,Above,6.278,7.85,7.853,2,Within,5.897,7.762,7.764,2,Within,6,7.331,7.333,2,Below,6.999,8.461,8.464,2,Within,7.007,11.191,11.193,2,Above,13.382,16.236,16.237,2,16,7.085,10.538,10.543,2,No,4.729,6.454,6.459,2,Yes,6.61,9.095,9.099,2,Yes,6.38,8.122,8.128,2,Yes,7.521,9.274,9.277,2,Yes,5.1,6.769,6.775,2,No,,,,,,,,,,,,,,,,,,,,,,,,,,,,,,,,,,,,,,,,,,,,,,,,,,,,,,,,,,,,,,,,,,,,,,,,,,,,,,,,,,,,,,,,,,,,,,,,,,,,,,,,,,,,,,,,,,,,,,,,,,,,,,,,,,,,,,,,,,,,,,,,,,,,,,,Very difficult,Very easy,Very difficult,Very easy,Somewhat difficult,Very easy,"The designs involving the blue and orange color points to indicate whether they were above or below the acceptable range were easier because I could tell at a glance whether the point was acceptable or not. The designs without the colors were much harder because it involved a closer look sometimes to see whether or not a point was in range. For the non colored designs, having the value of the current output didn't really make things much easier since I still had to individually read and interpret the number that was given, even if the box was relatively larger or smaller than the rest.",n/a,18-24 years old,Male,,White or Caucasian,Yes,Normal,,6,3,6,1
9/17/24 11:50,9/17/24 12:25,100,2107,TRUE,9/17/24 12:25,R_1IxSXaq1Yg6xEiC,anonymous,EN,I confirm,"I am using a desktop or laptop computer to take this survey,I have made my browser window full screen",1,5,1,15,2,15,Within,Within,Above,Within,Below,Within,"5,6,12",Yes,,,,,,,,,,,,,,,,,,,,,,,,,,,,,,,,,,,,,,,,,,,,,,,,,,,,,,,,,,,,,,,,,,,,,,,,,,,,,,,,,,,,,,,,,,,3.717,20.201,20.206,4,"2,8,9",4.632,11.715,11.718,4,"9,10,13",5.333,13.267,13.27,4,"4,5,16",6.772,13.255,13.26,4,"2,9,14",4.751,14.953,14.957,4,"5,8,14",4.058,11.45,11.453,4,"5,10,13",,,,,,,,,,,,,,,,,,,,,,,,,,,,,,,,,,,,,,,,,,,,,,,,,,,,,,,,,,,,,47.789,49.35,49.353,2,11,15.097,16.844,16.849,2,11,46.879,48.033,48.035,2,10,15.117,16.976,16.978,2,13,32.938,42.148,42.151,2,3,14.165,21.452,21.454,2,14,,,,,,,,,,,,,,,,,,,,,,,,,,,,,,,,,,,,,,,,,,,,,,,,,,,,,,,,,,,,,,,,,,,,,,,,,,,,,,,,,,,,,,,,,,,,,,,,,,,,,,,,,,,,,,,,,,,,,,,,,,,,,,,,,,,,,,,,,,,,,,,,,,,,,,,4.176,6.759,6.762,2,Within,3.793,5.733,5.736,2,Within,3.491,5.177,5.18,2,Below,4.309,6.613,6.617,2,Within,4.837,6.614,6.618,2,Above,3.45,5.099,5.104,2,Above,,,,,,,,,,,,,,,,,,,,,,,,,,,,,,,,,,,,,,,,,,,,,,,,,,,,,,,,,,,,,,,,,,,,,,,,,,,,,,,,,,,,,,,,,,,,,,,,,,,,,,,,,,,,,,,,,,,,,,,,,,,,,,,,,,,,,,,,,,,,,,,,,,,,,,,6.756,12.348,12.35,2,16,,,,,,,,,,,,,,,,,,,,,,,,,,,,,,,,,,,,,,,,,,,,,,,,,,,,,,,,,,,,,5.824,7.431,7.434,2,Yes,3.979,5.436,5.44,2,Yes,5.637,10.443,10.448,2,Yes,14.776,18.34,18.343,2,No,6.84,8.685,8.687,2,No,4.754,5.889,5.892,2,Yes,,,,,,,,,,,,,,,,,,,,,,,,,,,,,,,,,,,,,,,,,,,,,,,,,,,,,,,,,,,,,,,,,,,,,,,,,,,,,,,,,,,,,,,,,,,Somewhat difficult,Somewhat easy,Somewhat difficult,Somewhat difficult,Somewhat difficult,Somewhat difficult,"Easiest to use was Design B because it used colors to denote the instances when the machines were functioning outside of range.  Furthermore, the most recent output amount was denoted with a number, but the number did not fluctuate in size, so it was easy to read.  I would like for that design to be improved by putting the most recent/current output amount in a box, have the font and the box be the same size for any output number, but color the box blue if the current output is too low or orange if the current output is too high.  This would aid in readability and efficiency.  I also think Design B should implement the gray band to show the acceptable range because that also makes the visual message clearer.  The worst design elements were when the graph used no color whatsoever to help the viewer distinguish facts from one another, as well as when the size of the box containing the most recent output amount would fluctuate.  The small boxes were much harder to read than the large ones.  This is especially bad because I imagine a factory would want output to be higher than lower, so such an issue should be addressed quickly.  I think Design E would be the best out of all of the designs if it implemented the blue and orange colored dots on the graphs, if it used blue/orange to denote that the most recent output number is too low or too high, and if the box containing the output number did not change in size.",The instructions for this survey were very clear.,25-34 years old,Female,,Asian,No,Corrected to normal,,4,1,1,3
9/17/24 11:53,9/17/24 12:27,100,2062,TRUE,9/17/24 12:27,R_1WbStP05qDAzFvz,anonymous,EN,I confirm,"I am using a desktop or laptop computer to take this survey,I have made my browser window full screen",1,5,1,15,2,15,Within,Within,Above,Within,Below,Within,"5,6,12",Yes,9.427,27.736,27.753,4,"2,12,14",4.641,15.705,15.719,4,"3,8,14",15.142,25.599,25.614,4,"7,10,13",6.292,11.251,11.266,4,"2,8,9",12.808,24.809,24.823,4,"7,9,13",8.62,13.038,13.057,4,"3,5,16",,,,,,,,,,,,,,,,,,,,,,,,,,,,,,,,,,,,,,,,,,,,,,,,,,,,,,,,,,,,,,,,,,,,,,,,,,,,,,,,,,,,,,,,,,,,,,,,,,,,,,,,,,,,,,,,,,,,,,,,,,,,,,,,,,,,,,,,,,,,,,,,,,,,,,,,,,,,,,,,,,,,,,,,,,,,,,,,,,,,,,,,,,,,,,,,,,,,,,,,,,,,,,,,,,,,,,,,,,,,,,,,,,,,,,,,,,,,,,,,,,,,,,,,,,,,,,,,,,,,,,,,,,,,,,,,,,,,,,,,,,,,,,,,,,,,,,,,,,,,,18.772,24.168,24.181,2,16,13.116,13.865,13.879,2,11,17.554,18.367,18.376,2,11,27.732,52.813,52.826,5,10,15.269,16.853,16.864,2,13,11.908,12.845,12.86,2,3,,,,,,,,,,,,,,,,,,,,,,,,,,,,,,,,,,,,,,,,,,,,,,,,,,,,,,,,,,,,,12.664,14.248,14.259,2,Below,7.761,8.594,8.607,2,Within,5.379,6.921,6.934,3,Above,4.941,5.65,5.662,2,Above,8.061,8.811,8.825,2,Within,8.824,9.825,9.834,2,Within,,,,,,,,,,,,,,,,,,,,,,,,,,,,,,,,,,,,,,,,,,,,,,,,,,,,,,,,,,,,,,,,,,,,,,,,,,,,,,,,,,,,,,,,,,,10.949,12.595,12.605,2,16,,,,,,,,,,,,,,,,,,,,,,,,,,,,,,,,,,,,,,,,,,,,,,,,,,,,,,,,,,,,,,,,,,,,,,,,,,,,,,,,,,,,,,,,,,,,,,,,,,,,,,,,,,,,,,,,,,,,,,,,,,,,,,,,,,,,,,,,,,,,,,,,,,,,,,,10.996,11.641,11.652,2,No,9.371,10.037,10.058,2,No,9.748,11.476,11.481,2,Yes,6.958,7.751,7.766,2,Yes,9.556,10.431,10.438,2,Yes,12.429,14.199,14.211,2,Yes,Neither easy nor difficult,Very easy,Neither easy nor difficult,Very easy,Somewhat easy,Very easy,They were easier because the tasks were understandable.,No,25-34 years old,Female,,Black or African American,No,Normal,,1,6,3,6
9/17/24 11:57,9/17/24 12:43,100,2796,TRUE,9/17/24 12:43,R_3ixplLqKu7jviuq,anonymous,EN,I confirm,"I am using a desktop or laptop computer to take this survey,I have made my browser window full screen",1,5,1,15,2,15,Within,Within,Above,Within,Below,Within,"5,6,12",Yes,,,,,,,,,,,,,,,,,,,,,,,,,,,,,,,,,,,,,,,,,,,,,,,,,,,,,,,,,,,,,56.549,66.184,66.19,4,"7,10,13",3.765,10.267,10.271,4,"2,8,11",5.03,10.37,10.374,4,"7,9,13",12.252,18.942,18.946,4,"3,4,5",4.193,14.245,14.248,6,"2,12,14",8.92,18.523,18.528,4,"5,8,14",,,,,,,,,,,,,,,,,,,,,,,,,,,,,,,,,,,,,,,,,,,,,,,,,,,,,,,,,,,,,,,,,,,,,,,,,,,,,,,,,,,,,,,,,,,,,,,,,,,,,,,,,,,,,,,,,,,,,,,,,,,,,,,,,,,,,,,,,,,,,,,,,,,,,,,18.79,31.151,31.157,3,13,11.331,12.994,12.998,2,13,9.88,12.371,12.377,3,3,5.743,7.29,7.304,3,11,10.619,11.116,11.124,2,16,8.858,10.085,10.09,2,7,,,,,,,,,,,,,,,,,,,,,,,,,,,,,,,,,,,,,,,,,,,,,,,,,,,,,,,,,,,,,,,,,,,,,,,,,,,,,,,,,,,,,,,,,,,,,,,,,,,,,,,,,,,,,,,,,,,,,,,,,,,,,,,,,,,,,,,,,,,,,,,,,,,,,,,,,,,,,,,,,,,,,,,,,,,,,,,,,,,,,,,,,,,,,,,,,,,,,,,,,,,,,,,,,,,5.538,6.515,6.522,2,Above,4.75,5.812,5.815,2,Above,6.162,7.344,7.349,2,Within,11.26,12.441,12.449,2,Within,4.933,6.042,6.048,2,Below,7.452,8.407,8.414,2,Within,,,,,,,,,,,,,,,,,,,,,,,,,,,,,,,13.702,16.382,16.388,2,3,,,,,,,,,,,,,,,,,,,,,,,,,,,,,,,,,,,,,,,,,,,,,,,,,,,,,,,,,,,,,,,,,,,,,,,,,,,,,,,,,,,,,,,,,,,,,,,,,,,,,,,,,,,,,,,,,,,,,,,,,5.471,7.433,7.442,2,Yes,9.772,11.408,11.418,2,No,8.156,9.559,9.564,3,No,6.279,7.791,7.799,2,Yes,13.63,14.562,14.565,2,No,11.591,13.548,13.555,2,Yes,,,,,,,,,,,,,,,,,,,,,,,,,,,,,,,Neither easy nor difficult,Somewhat difficult,Somewhat easy,Somewhat easy,Somewhat easy,Somewhat easy,Graphs with the label and gray area were easier to read visually than the others,no,18-24 years old,Female,,White or Caucasian,No,Corrected to normal,,3,3,5,5
9/17/24 12:22,9/17/24 12:53,100,1899,TRUE,9/17/24 12:53,R_23K9MpNHMCiw06Z,anonymous,EN,I confirm,"I am using a desktop or laptop computer to take this survey,I have made my browser window full screen",1,5,1,15,2,15,Within,Within,Above,Within,Below,Within,"4,5,6",Yes,,,,,,,,,,,,,,,,,,,,,,,,,,,,,,,5.964,16.299,16.302,4,"3,5,8",6.916,15.857,15.862,4,"5,10,13",6.246,17.5,17.504,4,"2,8,11",4.615,16.571,16.575,5,"7,9,13",8.363,17.95,17.953,4,"3,5,16",5.668,11.791,11.794,4,"2,9,14",,,,,,,,,,,,,,,,,,,,,,,,,,,,,,,,,,,,,,,,,,,,,,,,,,,,,,,,,,,,,,,,,,,,,,,,,,,,,,,,,,,,,,,,,,,,,,,,,,,,,,,,,,,,,,,,,,,,,,,,,,,,,,,,,,,,,,,,,,,,,,,,,,,,,,,20.156,25.329,25.331,2,7,16.516,17.426,17.429,2,10,15.071,47.16,47.164,3,13,11.78,19.256,19.26,2,3,6.417,17.205,17.208,2,16,15.637,22.188,22.191,2,11,,,,,,,,,,,,,,,,,,,,,,,,,,,,,,,,,,,,,,,,,,,,,,,,,,,,,,,,,,,,,,,,,,,,,,,,,,,,,,,,,,,,,,,,,,,,,,,,,,,,,,,,,,,,,,,,,,,,,,,,,4.888,6.446,6.448,2,Within,5.525,6.926,6.929,2,Within,4.635,6.387,6.389,3,Below,5.108,6.049,6.052,2,Within,5.859,7.339,7.342,2,Above,6.615,7.605,7.607,2,Above,,,,,,,,,,,,,,,,,,,,,,,,,,,,,,,,,,,,,,,,,,,,,,,,,,,,,,,,,,,,,,,,,,,,,,,,,,,,,,,,,,,,,,,,,,,,,,,,,,,,,,,,,,,,,,,,,,,,,,,,,,,,,,,,,,,,,,,,,,,,,,,,,,,,,,,13.305,18.369,18.371,2,16,,,,,,,,,,,,,,,,,,,,,,,,,,,,,,,,,,,,,,,,,,,,,,,,,,,,,,,,,,,,,11.089,12.235,12.239,2,Yes,4.277,5.787,5.79,3,Yes,8.947,10.23,10.234,2,Yes,18.532,19.551,19.554,2,No,7.151,8.171,8.175,2,No,4.641,6.425,6.428,2,Yes,,,,,,,,,,,,,,,,,,,,,,,,,,,,,,,,,,,,,,,,,,,,,,,,,,,,,,,,,,,,,,,,,,,,,,,,,,,,,,,,,,,,,,,,,,,Somewhat easy,Very easy,Somewhat easy,Very easy,Somewhat easy,Very easy,"Designs B, D and F were easier because of the blue and orange points. Designs A, C and E were harder because it was harder to count the points outside of the range.",I think the blue and orange points made the biggest difference on the graphs. ,45-54 years old,Female,,Black or African American,No,Corrected to normal,,2,2,1,3
9/17/24 11:59,9/17/24 12:56,100,3443,TRUE,9/17/24 12:56,R_3wjiFHsxnZcV0sd,anonymous,EN,I confirm,"I am using a desktop or laptop computer to take this survey,I have made my browser window full screen",1,5,1,15,2,15,Within,Within,Above,Within,Below,Within,"5,6,12",Yes,,,,,,,,,,,,,,,,,,,,,,,,,,,,,,,,,,,,,,,,,,,,,,,,,,,,,,,,,,,,,,,,,,,,,,,,,,,,,,,,,,,,,,,,,,,3.195,42.608,42.61,9,"2,6,8",2.386,49.717,49.718,13,"7,9,13",55.229,77.369,77.372,6,"2,4,10",17.512,30.982,30.983,9,"3,9,14",3.509,70.21,70.212,14,"3,7,12",2.939,26.646,26.648,9,"1,10,13",,,,,,,,,,,,,,,,,,,,,,,,,,,,,,,,,,,,,,,,,,,,,,,,,,,,,,,,,,,,,,,,,,,,,,,,,,,,,,,,,,,,,,,,,,,,,,,,,,,,,,,,,,,,,,,,,,,,,,,,,,,,,,,,,,,,,,,,,,,,,,,,,,,,,,,,,,,,,,,,,,,,,,,,,,,,,,,,,,,,,2.353,27.014,27.018,14,13,2.954,42.475,42.477,10,16,2.701,67.731,67.732,3,16,2.768,22.358,22.362,5,10,3.287,15.426,15.429,3,10,8.809,37.198,37.2,20,5,,,,,,,,,,,,,,,,,,,,,,,,,,,,,,,,,,,,,,,,,,,,,,,,,,,,,,,,,,,,,,,,,,,,,,,,,,,,,,,,,,,,,,,,,,,,,,,,,,,,,,,,,,,,,,,,,,,,,,,,,,,,,,,,,,,,,,,,,,,,,,,,,,,,,,,,,,,,,,,,,,,,,,,,,,,,,,,,,,,,,3.263,10.065,10.067,3,Above,2.524,14.803,14.805,5,Within,2.867,14.178,14.18,9,Within,1.929,16.018,16.02,12,Below,2.631,13.614,13.616,6,Within,2.494,35.534,35.536,7,Above,2.501,17.87,17.872,10,16,2.192,12.542,12.544,11,Yes,1.851,8.641,8.642,6,Yes,8.173,19.533,19.534,4,No,2.268,12.19,12.191,4,Yes,1.88,12.48,12.482,4,Yes,8.897,19.666,19.668,5,Yes,,,,,,,,,,,,,,,,,,,,,,,,,,,,,,,,,,,,,,,,,,,,,,,,,,,,,,,,,,,,,,,,,,,,,,,,,,,,,,,,,,,,,,,,,,,,,,,,,,,,,,,,,,,,,,,,,,,,,,,,,,,,,,,,,,,,,,,,,,,,,,,,,,,,,,,Somewhat easy,Neither easy nor difficult,Somewhat difficult,Neither easy nor difficult,Somewhat difficult,Neither easy nor difficult,A EASY E WORSE,NIL,25-34 years old,Male,,White or Caucasian,No,Normal,,4,5,6,1
9/18/24 12:47,9/18/24 12:55,100,508,TRUE,9/18/24 12:55,R_7bRnEIr1myJHggV,anonymous,EN,I confirm,"I am using a desktop or laptop computer to take this survey,I have made my browser window full screen",1,5,1,15,2,15,Within,Within,Above,Within,Below,Within,"4,5,6,8",Yes,,,,,,,,,,,,,,,,,,,,,,,,,,,,,,,,,,,,,,,,,,,,,,,,,,,,,,,,,,,,,3.413,10.654,10.656,4,"5,7,10",3.053,8.18,8.182,4,"2,8,11",4.267,8.564,8.568,4,"7,9,13",6.137,16.587,16.593,7,"3,5,16",2.512,9.843,9.847,4,"2,12,14",5.477,9.518,9.52,4,"5,8,14",,,,,,,,,,,,,,,,,,,,,,,,,,,,,,,,,,,,,,,,,,,,,,,,,,,,,,,,,,,,,,,,,,,,,,,,,,,,,,,,,,,,,,,,,,,,,,,,,,,,,,,,,,,,,,,,,,,,,,,,,,,,,,,,,,,,,,,,,,,,,,,,,,,,,,,,,,,,,,,,,,,,,,,,,,,,,,,,,,,,,7.933,10.227,10.231,3,13,2.806,3.583,3.587,2,10,4.525,5.053,5.054,2,16,4.282,6.406,6.408,3,16,7.353,8.201,8.206,2,11,4.247,5.43,5.432,2,10,,,,,,,,,,,,,,,,,,,,,,,,,,,,,,,,,,,,,,,,,,,,,,,,,,,,,,,,,,,,,,,,,,,,,,,,,,,,,,,,,,,,,,,,,,,3.395,4.03,4.032,2,Within,3.048,3.895,3.899,2,Below,2.695,3.29,3.293,2,Within,3.745,4.601,4.604,2,Above,2.767,3.522,3.524,2,Above,4.428,5.075,5.078,2,Within,,,,,,,,,,,,,,,,,,,,,,,,,,,,,,,,,,,,,,,,,,,,,,,,,,,,,,,,,,,,,,,,,,,,,,,,,,,,,,,,,,,,,,,,,,,,,,,,,,,,,,,,,,,,,,,,,,,,,,,,,9.684,11.066,11.068,2,16,,,,,,,,,,,,,,,,,,,,,,,,,,,,,,,,,,,,,,,,,,,,,,,,,,,,,,,,,,,,,,,,,,,,,,,,,,,,,,,,,,,,,,,,,,,,,,,,,,,,,,,,,,,,,,,,,,,,,,,,,,,,,,,,,,,,,,,,,,,,,,,,,,,,,,,5.534,6.93,6.932,2,No,2.797,5.762,5.765,2,No,6.758,8.531,8.533,3,Yes,2.87,3.543,3.545,2,Yes,3.133,3.841,3.842,2,Yes,4.596,5.325,5.328,2,Yes,Somewhat easy,Very easy,Somewhat easy,Very easy,Somewhat easy,Very easy,The ones with colors were easier to interpret on the fly,,25-34 years old,Male,,Asian,No,Normal,,3,4,2,6
9/18/24 12:42,9/18/24 13:00,100,1078,TRUE,9/18/24 13:00,R_5ykHSFGT5SmEPOa,anonymous,EN,I confirm,"I am using a desktop or laptop computer to take this survey,I have made my browser window full screen",1,5,1,15,2,15,Within,Within,Above,Within,Below,Within,"5,6,12",Yes,,,,,,,,,,,,,,,,,,,,,,,,,,,,,,,,,,,,,,,,,,,,,,,,,,,,,,,,,,,,,,,,,,,,,,,,,,,,,,,,,,,,,,,,,,,,,,,,,,,,,,,,,,,,,,,,,,,,,,,,,6.205,13.709,13.724,4,"9,10,13",7.735,17.319,17.336,4,"3,5,16",7.531,15.605,15.619,4,"2,9,14",5.185,11.348,11.361,4,"5,8,14",8.372,24.519,24.531,4,"5,10,13",4.055,11.258,11.276,4,"2,8,11",,,,,,,,,,,,,,,,,,,,,,,,,,,,,,,,,,,,,,,,,,,,,,,,,,,,,,,,,,,,,,,,,,,,,,,,,,,,,,,,,,,,,,,,,,,,,,,,,,,,,,,,,,,,,,,,,,,,,,,,,,,,,,,,,,,,,,,,,,,,,,,,,,,,,,,10.279,11.17,11.186,2,10,18.481,19.291,19.301,2,16,11.948,13.399,13.416,3,16,12.068,12.568,12.584,2,12,7.808,8.458,8.472,2,10,9.631,10.171,10.182,2,13,,,,,,,,,,,,,,,,,,,,,,,,,,,,,,,,,,,,,,,,,,,,,,,,,,,,,,,,,,,,,,,,,,,,,,,,,,,,,,,,,,,,,,,,,,,,,,,,,,,,,,,,,,,,,,,,,,,,,,,,,5.299,5.96,5.97,2,Within,32.063,32.763,32.773,2,Above,13.107,13.818,13.833,2,Above,11.941,13.461,13.475,2,Within,9.941,10.622,10.632,2,Within,6.161,6.861,6.87,2,Below,,,,,,,,,,,,,,,,,,,,,,,,,,,,,,,,,,,,,,,,,,,,,,,,,,,,,,,,,,,,,9.493,9.844,9.862,2,16,4.642,5.252,5.265,2,No,4.714,5.365,5.374,2,Yes,30.646,31.296,31.307,2,Yes,4.641,5.31,5.323,2,Yes,7.05,18.206,18.218,2,Yes,7.978,8.629,8.642,2,No,,,,,,,,,,,,,,,,,,,,,,,,,,,,,,,,,,,,,,,,,,,,,,,,,,,,,,,,,,,,,,,,,,,,,,,,,,,,,,,,,,,,,,,,,,,,,,,,,,,,,,,,,,,,,,,,,,,,,,,,,,,,,,,,,,,,,,,,,,,,,,,,,,,,,,,Somewhat easy,Somewhat easy,Very easy,Very easy,Somewhat difficult,Somewhat easy,the ones that were easier were the ones that were color coded because they allowed me to more quickly identify abnormal data points without looking too closely at the entire graph. The one without color coding or a shaded area for acceptable range was the most difficult to read especially for individual data points.,none,25-34 years old,Female,,White or Caucasian,No,Corrected to normal,,5,5,4,1
9/18/24 12:48,9/18/24 13:02,100,825,TRUE,9/18/24 13:02,R_7uEu9hvp7qGzj1h,anonymous,EN,I confirm,"I am using a desktop or laptop computer to take this survey,I have made my browser window full screen",1,5,1,15,2,15,Within,Within,Above,Within,Below,Within,"5,6,12",Yes,,,,,,,,,,,,,,,,,,,,,,,,,,,,,,,,,,,,,,,,,,,,,,,,,,,,,,,,,,,,,,,,,,,,,,,,,,,,,,,,,,,,,,,,,,,7.783,15.852,15.855,6,"2,8,9",3.577,23.806,23.81,7,"9,10,13",5.556,16.099,16.101,5,"4,5,16",7.75,12.444,12.446,4,"9,12,14",6.101,21.955,21.957,6,"3,5,14",9.007,15.047,15.049,5,"5,10,13",,,,,,,,,,,,,,,,,,,,,,,,,,,,,,,,,,,,,,,,,,,,,,,,,,,,,,,,,,,,,,,,,,,,,,,,,,,,,,,,,,,,,,,,,,,4.176,5.307,5.309,2,12,4.481,6.006,6.011,3,10,6.67,7.342,7.345,2,13,6.463,7.618,7.62,2,3,11.059,12.155,12.157,2,16,4.585,8.374,8.377,2,16,,,,,,,,,,,,,,,,,,,,,,,,,,,,,,,,,,,,,,,,,,,,,,,,,,,,,,,,,,,,,,,,,,,,,,,,,,,,,,,,,,,,,,,,,,,,,,,,,,,,,,,,,,,,,,,,,,,,,,,,,3.672,9.127,9.13,4,Within,5.329,8.905,8.91,5,Within,4.079,5.793,5.795,3,Below,5.005,6.441,6.443,4,Within,5.559,6.374,6.377,2,Above,4.847,5.934,5.936,2,Above,,,,,,,,,,,,,,,,,,,,,,,,,,,,,,,,,,,,,,,,,,,,,,,,,,,,,,,,,,,,,,,,,,,,,,,,,,,,,,,,,,,,,,,,,,,,,,,,,,,,,,,,,,,,,,,,,,,,,,,,,,,,,,,,,,,,,,,,,,,,,,,,,,,,,,,5.723,6.347,6.349,2,16,,,,,,,,,,,,,,,,,,,,,,,,,,,,,,,,,,,,,,,,,,,,,,,,,,,,,,,,,,,,,,,,,,,,,,,,,,,,,,,,,,,,,,,,,,,4.855,9.774,9.779,6,No,3.563,5.155,5.157,2,Yes,4.334,5.617,5.619,2,No,4.248,4.97,4.972,2,No,6.829,7.787,7.789,2,No,12.54,13.242,13.245,2,Yes,,,,,,,,,,,,,,,,,,,,,,,,,,,,,,,,,,,,,,,,,,,,,,,,,,,,,,,,,,,,,Very easy,Very easy,Very easy,Very easy,Very easy,Very easy,I found the ones that were within the range the easiest to discern versus those that were outside of the graph.,No.,25-34 years old,Male,,Asian,No,Normal,,4,2,1,4
9/18/24 12:51,9/18/24 13:03,100,672,TRUE,9/18/24 13:03,R_3sn2Oca0lQepYEp,anonymous,EN,I confirm,"I am using a desktop or laptop computer to take this survey,I have made my browser window full screen",1,5,1,15,2,15,Within,Within,Above,Within,Below,Within,"4,5,12",Yes,,,,,,,,,,,,,,,,,,,,,,,,,,,,,,,,,,,,,,,,,,,,,,,,,,,,,,,,,,,,,,,,,,,,,,,,,,,,,,,,,,,,,,,,,,,,,,,,,,,,,,,,,,,,,,,,,,,,,,,,,,,,,,,,,,,,,,,,,,,,,,,,,,,,,,,3.597,10.301,10.303,4,"4,5,16",2.638,8.158,8.159,4,"2,12,14",5.515,13.331,13.334,4,"3,8,14",3.202,7.763,7.766,4,"5,10,13",4.595,12.5,12.503,4,"8,9,11",3.471,7.04,7.043,4,"7,9,13",,,,,,,,,,,,,,,,,,,,,,,,,,,,,,,,,,,,,,,,,,,,,,,,,,,,,,,,,,,,,10.673,13.448,13.45,2,3,7.147,7.523,7.525,2,13,6.654,7.574,7.577,2,10,10.446,11.309,11.311,2,14,10.368,11.16,11.162,2,6,11.287,17.696,17.699,2,5,,,,,,,,,,,,,,,,,,,,,,,,,,,,,,,,,,,,,,,,,,,,,,,,,,,,,,,,,,,,,,,,,,,,,,,,,,,,,,,,,,,,,,,,,,,,,,,,,,,,,,,,,,,,,,,,,,,,,,,,,,,,,,,,,,,,,,,,,,,,,,,,,,,,,,,,,,,,,,,,,,,,,,,,,,,,,,,,,,,,,,,,,,,,,,,,,,,,,,,,,,,,,,,,,,,5.206,5.75,5.752,2,Above,2.877,3.517,3.52,2,Above,3.985,4.618,4.619,2,Within,2.91,3.479,3.481,2,Within,3.525,4.18,4.182,2,Below,3.972,4.564,4.565,2,Within,,,,,,,,,,,,,,,,,,,,,,,,,,,,,,,4.346,4.73,4.732,2,16,,,,,,,,,,,,,,,,,,,,,,,,,,,,,,,,,,,,,,,,,,,,,,,,,,,,,,,,,,,,,,,,,,,,,,,,,,,,,,,,,,,,,,,,,,,,,,,,,,,,,,,,,,,,,,,,,,,,,,,,,3.596,4.347,4.349,2,Yes,3.873,4.577,4.58,2,No,3.456,4.2,4.202,2,No,3.578,4.225,4.228,2,Yes,6.451,7.059,7.061,2,Yes,3.536,4.169,4.174,2,Yes,,,,,,,,,,,,,,,,,,,,,,,,,,,,,,,Somewhat easy,Somewhat easy,Somewhat easy,Somewhat easy,Very easy,Somewhat easy,I like the ones that had the range of 30-70 shaded so it was easy to tell which dots were outside the range,No,25-34 years old,Male,,White or Caucasian,No,Corrected to normal,,6,3,5,5
9/18/24 12:47,9/18/24 13:04,100,1029,TRUE,9/18/24 13:04,R_3MPXGXYhD3h4A7G,anonymous,EN,I confirm,"I am using a desktop or laptop computer to take this survey,I have made my browser window full screen",1,5,1,15,2,15,Within,Within,Above,Within,Below,Within,"4,5,6",Yes,,,,,,,,,,,,,,,,,,,,,,,,,,,,,,,,,,,,,,,,,,,,,,,,,,,,,,,,,,,,,,,,,,,,,,,,,,,,,,,,,,,,,,,,,,,10.033,13.962,13.965,4,"2,8,9",6.467,11.238,11.241,4,"7,9,13",5.108,10.244,10.248,4,"3,4,5",5.206,8.03,8.035,4,"2,9,14",7.395,14.849,14.854,4,"5,8,14",6.413,9.283,9.287,4,"7,10,13",,,,,,,,,,,,,,,,,,,,,,,,,,,,,,,,,,,,,,,,,,,,,,,,,,,,,,,,,,,,,,,,,,,,,,,,,,,,,,,,,,,,,,,,,,,,,,,,,,,,,,,,,,,,,,,,,,,,,,,,,,,,,,,,,,,,,,,,,,,,,,,,,,,,,,,7.733,8.313,8.315,2,13,7.661,8.348,8.352,2,3,6.58,8.53,8.533,3,16,8.89,9.466,9.469,2,11,12.572,13.112,13.114,2,11,6.362,10.782,10.786,4,10,,,,,,,,,,,,,,,,,,,,,,,,,,,,,,,,,,,,,,,,,,,,,,,,,,,,,,,,,,,,,3.748,4.408,4.41,2,Within,2.99,3.654,3.656,2,Within,3.635,4.637,4.639,3,Below,6.971,8.026,8.029,3,Within,2.884,3.622,3.626,2,Above,4.203,5.101,5.103,3,Above,,,,,,,,,,,,,,,,,,,,,,,,,,,,,,,,,,,,,,,,,,,,,,,,,,,,,,,,,,,,,,,,,,,,,,,,,,,,,,,,,,,,,,,,,,,,,,,,,,,,,,,,,,,,,,,,,,,,,,,,,,,,,,,,,,,,,,,,,,,,,,,,,,,,,,,2.8,3.296,3.299,2,16,,,,,,,,,,,,,,,,,,,,,,,,,,,,,,,,,,,,,,,,,,,,,,,,,,,,,,,,,,,,,,,,,,,,,,,,,,,,,,,,,,,,,,,,,,,,,,,,,,,,,,,,,,,,,,,,,,,,,,,,,3.775,4.708,4.711,2,Yes,5.414,5.978,5.98,2,No,3.984,4.674,4.676,2,No,4.385,5.377,5.379,3,Yes,4.687,5.334,5.336,2,Yes,4.199,4.941,4.943,2,Yes,,,,,,,,,,,,,,,,,,,,,,,,,,,,,,,Very easy,Very easy,Very easy,Very easy,Very easy,Very easy,"The easiest were the graphs that were color coded, because it made it much easier to identify. The worst could be the ones with the gray shading because it looks so similar to the original graph, however it was still somewhat easy to use and decipher. ",Nope! Fun survey. ,25-34 years old,Female,,"White or Caucasian,Asian",Yes,Corrected to normal,,4,4,1,5
9/18/24 12:46,9/18/24 13:04,100,1060,TRUE,9/18/24 13:04,R_5GOGhe9vloq6BZc,anonymous,EN,I confirm,"I am using a desktop or laptop computer to take this survey,I have made my browser window full screen",1,5,1,15,2,15,Within,Within,Above,Within,Below,Within,"4,5,6",Yes,,,,,,,,,,,,,,,,,,,,,,,,,,,,,,,5.431,11.758,11.76,4,"3,8,14",4.95,10.139,10.14,4,"5,10,13",5.707,12.969,12.97,4,"2,9,11",2.499,7.094,7.095,4,"9,10,13",3.963,11.822,11.824,4,"3,5,16",2.809,7.931,7.933,4,"2,9,14",,,,,,,,,,,,,,,,,,,,,,,,,,,,,,,,,,,,,,,,,,,,,,,,,,,,,,,,,,,,,,,,,,,,,,,,,,,,,,,,,,,,,,,,,,,,,,,,,,,,,,,,,,,,,,,,,,,,,,,,,,,,,,,,,,,,,,,,,,,,,,,,,,,,,,,,,,,,,,,,,,,,,,,,,,,,,,,,,,,,,6.367,8.081,8.082,2,10,20.584,21.129,21.13,2,13,6.564,8.083,8.085,2,10,9.38,13.695,13.697,2,16,10.044,16.333,16.334,3,16,9.578,11.668,11.669,2,11,,,,,,,,,,,,,,,,,,,,,,,,,,,,,,,,,,,,,,,,,,,,,,,,,,,,,,,,,,,,,,,,,,,,,,,,,,,,,,,,,,,,,,,,,,,,,,,,,,,,,,,,,,,,,,,,,,,,,,,,,,,,,,,,,,,,,,,,,,,,,,,,,,,,,,,,,,,,,,,,,,,,,,,,,,,,,,,,,,,,,,,,,,,,,,,,,,,,,,,,,,,,,,,,,,,,,,,,,,,,,,,,,,,,,,,,,,,,,,,,,2.826,4.002,4.004,2,Above,3.161,4.889,4.89,2,Within,4.127,5.466,5.468,2,Within,2.756,3.698,3.699,2,Below,2.423,3.645,3.646,2,Within,3.837,4.801,4.802,2,Above,4.155,5.698,5.699,2,16,,,,,,,,,,,,,,,,,,,,,,,,,,,,,,,5.601,8.221,8.222,2,Yes,3.75,4.913,4.914,2,Yes,3.905,5.724,5.725,2,Yes,3.425,4.293,4.294,2,Yes,5.564,7.683,7.684,2,No,5.405,6.247,6.248,2,No,,,,,,,,,,,,,,,,,,,,,,,,,,,,,,,,,,,,,,,,,,,,,,,,,,,,,,,,,,,,,,,,,,,,,,,,,,,,,,,,,,,,,,,,,,,,,,,,,,,,,,,,,,,,,,,,,,,,,,,,,Very easy,Very easy,Very easy,Very easy,Very easy,Very easy,The graphs with a grey box were the easiest to see the range. The other ones were fine but took longer to see the range.,no,35-44 years old,Male,,White or Caucasian,No,Normal,,2,3,6,2
9/18/24 12:49,9/18/24 13:05,100,959,TRUE,9/18/24 13:05,R_1fda0CHvEyWYxfm,anonymous,EN,I confirm,"I am using a desktop or laptop computer to take this survey,I have made my browser window full screen",1,5,1,15,2,15,Within,Within,Above,Within,Below,Within,"5,6,12",Yes,,,,,,,,,,,,,,,,,,,,,,,,,,,,,,,,,,,,,,,,,,,,,,,,,,,,,,,,,,,,,,,,,,,,,,,,,,,,,,,,,,,,,,,,,,,,,,,,,,,,,,,,,,,,,,,,,,,,,,,,,,,,,,,,,,,,,,,,,,,,,,,,,,,,,,,3.241,13.257,13.259,4,"4,5,16",6.291,13.317,13.32,4,"2,12,14",5.59,26.576,26.579,4,"3,8,14",4.36,7.206,7.209,4,"5,10,13",5.755,11.491,11.493,4,"8,9,11",6.784,13.46,13.462,4,"7,9,13",,,,,,,,,,,,,,,,,,,,,,,,,,,,,,,,,,,,,,,,,,,,,,,,,,,,,,,,,,,,,9.846,16.955,16.958,5,3,5.591,7.033,7.035,2,13,7.476,8.958,8.96,2,3,11.969,20.813,20.815,3,14,10.452,11.624,11.627,2,11,7.821,12.753,12.755,2,11,,,,,,,,,,,,,,,,,,,,,,,,,,,,,,,,,,,,,,,,,,,,,,,,,,,,,,,,,,,,,,,,,,,,,,,,,,,,,,,,,,,,,,,,,,,,,,,,,,,,,,,,,,,,,,,,,,,,,,,,,,,,,,,,,,,,,,,,,,,,,,,,,,,,,,,,,,,,,,,,,,,,,,,,,,,,,,,,,,,,,3.491,4.733,4.734,2,Within,4.286,4.968,4.971,2,Above,3.67,4.472,4.475,2,Above,4.182,7.344,7.347,2,Within,5.587,7.775,7.778,2,Within,4.377,5.099,5.101,2,Below,,,,,,,,,,,,,,,,,,,,,,,,,,,,,,,,,,,,,,,,,,,,,,,,,,,,,,,,,,,,,7.201,8.463,8.465,2,16,,,,,,,,,,,,,,,,,,,,,,,,,,,,,,,5.885,6.707,6.708,2,Yes,4.595,5.476,5.479,2,Yes,5.423,6.384,6.386,2,Yes,4.776,6.202,6.204,3,Yes,4.599,6.381,6.384,2,No,5.669,8.501,8.503,2,No,,,,,,,,,,,,,,,,,,,,,,,,,,,,,,,,,,,,,,,,,,,,,,,,,,,,,,,,,,,,,,,,,,,,,,,,,,,,,,,,,,,,,,,,,,,,,,,,,,,,,,,,,,,,,,,,,,,,,,,,,Somewhat difficult,Somewhat easy,Somewhat difficult,Neither easy nor difficult,Somewhat difficult,Somewhat easy,"Easiest F, Hardest is E ",None,35-44 years old,Male,,White or Caucasian,No,Normal,,6,3,4,2
9/18/24 12:48,9/18/24 13:05,100,1009,TRUE,9/18/24 13:05,R_3RxgSzAeP8d5cPN,anonymous,EN,I confirm,"I am using a desktop or laptop computer to take this survey,I have made my browser window full screen",1,5,1,15,2,15,Within,Within,Above,Within,Below,Within,"4,5,6",Yes,,,,,,,,,,,,,,,,,,,,,,,,,,,,,,,5.559,15.285,15.287,4,"3,5,8",6.845,17.901,17.908,4,"5,10,13",6.361,15.812,15.817,6,"2,8,11",6,9.531,9.537,4,"7,9,13",5.112,10.956,10.961,5,"3,4,5",4.412,11.88,11.884,4,"2,9,12",,,,,,,,,,,,,,,,,,,,,,,,,,,,,,,,,,,,,,,,,,,,,,,,,,,,,,,,,,,,,,,,,,,,,,,,,,,,,,,,,,,,,,,,,,,,,,,,,,,,,,,,,,,,,,,,,,,,,,,,,11.094,12.148,12.153,2,16,7.25,10.696,10.701,2,11,6.684,8.013,8.019,2,10,5.011,5.763,5.768,2,13,5.431,7.216,7.22,2,10,6.603,7.865,7.87,2,14,,,,,,,,,,,,,,,,,,,,,,,,,,,,,,,,,,,,,,,,,,,,,,,,,,,,,,,,,,,,,,,,,,,,,,,,,,,,,,,,,,,,,,,,,,,,,,,,,,,,,,,,,,,,,,,,,,,,,,,,,,,,,,,,,,,,,,,,,,,,,,,,,,,,,,,,,,,,,,,,,,,,,,,,,,,,,,,,,,,,,,,,,,,,,,,,,,,,,,,,,,,,,,,,,,,,,,,,,,,,,,,,,,,,,,,,,,,,,,,,,,,,,,,,,,,,,,,,,,,,,,,,,,,,,,,,,,,,,,,,,,,,,,,,,,,,,,,,,,,,,5.022,6.095,6.099,2,Above,4.35,5.51,5.514,2,Within,3.678,4.864,4.869,2,Within,3.749,4.642,4.646,2,Below,4.714,6.153,6.158,2,Within,6.659,8.306,8.31,3,Above,6.984,8.2,8.208,2,16,,,,,,,,,,,,,,,,,,,,,,,,,,,,,,,,,,,,,,,,,,,,,,,,,,,,,,,,,,,,,4.471,6.407,6.414,2,Yes,5.557,6.765,6.769,2,Yes,5.735,7.359,7.364,2,Yes,5.182,6.755,6.76,2,No,3.902,4.974,4.979,2,No,5.137,7.205,7.21,3,Yes,,,,,,,,,,,,,,,,,,,,,,,,,,,,,,,,,,,,,,,,,,,,,,,,,,,,,,,,,,,,,,,,,,,,,,,,,,,,,,,,,,,,,,,,,,,Somewhat easy,Very easy,Neither easy nor difficult,Neither easy nor difficult,Somewhat easy,Neither easy nor difficult,Design B was the easiest to interpret because the values are easy to read and the graph is straightforward. The hardest design to interpret was design F because the values included in the graphs at different sizes can be confusing. ,N/A,18-24 years old,Male,,Other,Yes,Corrected to normal,,2,1,6,3
9/18/24 12:49,9/18/24 13:06,100,1017,TRUE,9/18/24 13:06,R_6lhmY3xv9OabmBl,anonymous,EN,I confirm,"I am using a desktop or laptop computer to take this survey,I have made my browser window full screen",1,5,1,15,2,15,Within,Within,Above,Within,Below,Within,"4,5,6",Yes,,,,,,,,,,,,,,,,,,,,,,,,,,,,,,,,,,,,,,,,,,,,,,,,,,,,,,,,,,,,,4.843,11.315,11.316,4,"5,7,13",7.095,12.517,12.519,4,"2,8,9",9.085,19.877,19.879,4,"9,10,13",5.477,11.452,11.454,4,"4,5,16",5.58,10.668,10.669,4,"2,9,14",3.518,6.358,6.36,4,"3,5,8",,,,,,,,,,,,,,,,,,,,,,,,,,,,,,,,,,,,,,,,,,,,,,,,,,,,,,,,,,,,,,,,,,,,,,,,,,,,,,,,,,,,,,,,,,,,,,,,,,,,,,,,,,,,,,,,,,,,,,,,,,,,,,,,,,,,,,,,,,,,,,,,,,,,,,,,,,,,,,,,,,,,,,,,,,,,,,,,,,,,,,,,,,,,,,,,,,,,,,,,,,,,,,,,,,,,,,,,,,,,,,,,,,,,,,,,,,,,,,,,,10.918,11.366,11.367,2,16,5.991,6.687,6.688,2,16,111.571,112.011,112.012,2,11,8.84,9.336,9.337,2,10,7.326,7.822,7.823,2,13,13.494,14.118,14.119,2,3,,,,,,,,,,,,,,,,,,,,,,,,,,,,,,,3.118,4.166,4.167,3,Within,4.035,4.907,4.908,2,Below,3.516,5.644,5.646,3,Within,5.034,5.89,5.891,3,Above,12.706,13.417,13.418,2,Above,7.763,8.299,8.3,2,Within,,,,,,,,,,,,,,,,,,,,,,,,,,,,,,,,,,,,,,,,,,,,,,,,,,,,,,,,,,,,,,,,,,,,,,,,,,,,,,,,,,,,,,,,,,,,,,,,,,,,,,,,,,,,,,,,,,,,,,,,,5.743,6.295,6.297,2,16,4.87,5.51,5.511,2,No,4.661,6.437,6.438,2,Yes,5.643,6.362,6.363,2,Yes,7.975,9.063,9.064,3,Yes,4.779,5.803,5.804,2,Yes,5.11,6.398,6.399,3,No,,,,,,,,,,,,,,,,,,,,,,,,,,,,,,,,,,,,,,,,,,,,,,,,,,,,,,,,,,,,,,,,,,,,,,,,,,,,,,,,,,,,,,,,,,,,,,,,,,,,,,,,,,,,,,,,,,,,,,,,,,,,,,,,,,,,,,,,,,,,,,,,,,,,,,,Somewhat easy,Very easy,Somewhat easy,Very easy,Somewhat easy,Very easy,"Any of the designs with colors were much easier to use compared to just grey. The grey one were the worst because it was harder to tell if a machine was outside of the range or not,",n/a,25-34 years old,Female,,Asian,No,Corrected to normal,,3,6,2,1
9/18/24 12:46,9/18/24 13:08,100,1349,TRUE,9/18/24 13:08,R_1j7EbRL6cQbqIsh,anonymous,EN,I confirm,"I am using a desktop or laptop computer to take this survey,I have made my browser window full screen",1,5,1,15,2,15,Within,Within,Above,Within,Below,Within,"4,5,6",Yes,1.833,15.15,15.153,8,"2,12,14",3.551,11.165,11.167,5,"5,8,14",5.067,16.815,16.818,7,"7,10,13",3.561,9.29,9.293,6,"2,8,9",4.058,11.056,11.06,5,"7,9,13",3.266,6.457,6.46,5,"3,4,5",,,,,,,,,,,,,,,,,,,,,,,,,,,,,,,,,,,,,,,,,,,,,,,,,,,,,,,,,,,,,,,,,,,,,,,,,,,,,,,,,,,,,,,,,,,,,,,,,,,,,,,,,,,,,,,,,,,,,,,,,,,,,,,,,,,,,,,,,,,,,,,,,,,,,,,,,,,,,,,,,,,,,,,,,,,,,,,,,,,,,,,,,,,,,,,,,,,,,,,,,,,,,,,,,,,,,,,,,,,,,,,,,,,,,,,,,,,,,,,,,,,,,,,,,,,,,,,,,,,,,,,,,,,,,,,,,,,,,,,,,,,,,,,,,,,,,,,,,,,,,4.339,11.11,11.112,6,16,2.544,9.027,9.029,4,11,5.152,13.632,13.634,4,7,3.901,15.754,15.756,5,10,8.137,11.358,11.361,3,13,6.593,11.394,11.397,4,3,,,,,,,,,,,,,,,,,,,,,,,,,,,,,,,,,,,,,,,,,,,,,,,,,,,,,,,,,,,,,3.622,5.689,5.692,3,Below,4.206,7.081,7.083,3,Within,2.253,4.506,4.508,3,Above,2.601,4.635,4.638,3,Above,2.623,6.413,6.416,5,Within,2.554,4.904,4.907,3,Within,,,,,,,,,,,,,,,,,,,,,,,,,,,,,,,,,,,,,,,,,,,,,,,,,,,,,,,,,,,,,,,,,,,,,,,,,,,,,,,,,,,,,,,,,,,5.115,9.577,9.582,3,16,,,,,,,,,,,,,,,,,,,,,,,,,,,,,,,,,,,,,,,,,,,,,,,,,,,,,,,,,,,,,,,,,,,,,,,,,,,,,,,,,,,,,,,,,,,,,,,,,,,,,,,,,,,,,,,,,,,,,,,,,,,,,,,,,,,,,,,,,,,,,,,,,,,,,,,2.185,5.269,5.273,4,No,1.119,6.957,6.959,4,No,2.674,8.315,8.318,4,Yes,2.706,8.18,8.183,4,Yes,3.563,5.416,6.13,3,Yes,2.39,5.604,5.606,3,Yes,Somewhat easy,Somewhat easy,Somewhat easy,Somewhat easy,Somewhat easy,Somewhat easy,Design F was the easiest because the colors drew my eye to the information I needed quickly,"I like the band for the acceptable range, but it obscures points that are just on the edge of being outside the range.",45-54 years old,Female,,White or Caucasian,No,Normal,,1,6,3,6
9/18/24 12:46,9/18/24 13:09,100,1377,TRUE,9/18/24 13:09,R_62DYCRHnKDI3I8F,anonymous,EN,I confirm,"I am using a desktop or laptop computer to take this survey,I have made my browser window full screen",1,5,1,15,2,15,Within,Within,Above,Within,Below,Within,"4,5,6,15",Yes,8.905,16.188,16.19,4,"2,9,14",4.512,15.943,15.946,4,"3,5,8",5.858,14.826,14.829,4,"7,10,13",6.991,13.358,13.36,4,"2,4,8",6.345,15.429,15.432,4,"7,9,13",8.86,16.875,16.878,4,"3,5,16",,,,,,,,,,,,,,,,,,,,,,,,,,,,,,,,,,,,,,,,,,,,,,,,,,,,,,,,,,,,,,,,,,,,,,,,,,,,,,,,,,,,,,,,,,,,,,,,,,,,,,,,,,,,,,,,,,,,,,,,,,,,,,,,,,,,,,,,,,,,,,,,,,,,,,,10.153,11.519,11.521,2,16,6,7.401,7.404,2,11,8.354,21.904,21.908,5,10,4.968,6.618,6.621,2,13,8.36,9.792,9.795,2,10,7.878,10.38,10.384,2,14,,,,,,,,,,,,,,,,,,,,,,,,,,,,,,,,,,,,,,,,,,,,,,,,,,,,,,,,,,,,,,,,,,,,,,,,,,,,,,,,,,,,,,,,,,,,,,,,,,,,,,,,,,,,,,,,,,,,,,,,,,,,,,,,,,,,,,,,,,,,,,,,,,,,,,,,,,,,,,,,,,,,,,,,,,,,,,,,,,,,,,,,,,,,,,,,,,,,,,,,,,,,,,,,,,,,,,,,,,,,,,,,,,,,,,,,,,,,,,,,,,,,,,,,,,,,,,,,,,,,,,,,,,,,,,,7.363,8.797,8.8,2,Below,8.788,11.255,11.258,2,Below,5.044,6.777,6.78,2,Within,5.715,8.381,8.384,2,Within,8.408,10.158,10.161,2,Within,6.417,8.386,8.388,2,Above,,,,,,,,,,,,,,,,,,,,,,,,,,,,,,,8.314,12.163,12.166,2,16,,,,,,,,,,,,,,,,,,,,,,,,,,,,,,,,,,,,,,,,,,,,,,,,,,,,,,,,,,,,,,,,,,,,,,,,,,,,,,,,,,,,,,,,,,,,,,,,,,,,,,,,,,,,,,,,,,,,,,,,,,,,,,,,,,,,,,,,,,,,,,,,,,,,,,,4.147,5.679,5.681,2,No,4.64,6.507,6.51,2,No,5.568,7.135,7.138,2,No,6.053,7.836,7.838,2,Yes,6.682,7.981,7.983,2,No,7.32,9.285,9.288,2,Yes,Somewhat easy,Somewhat easy,Very easy,Very easy,Very easy,Very easy,the designs with colors were easiest,no,25-34 years old,Female,,Other,Yes,Corrected to normal,,1,1,5,6
9/18/24 12:53,9/18/24 13:09,100,932,TRUE,9/18/24 13:09,R_1DnFpH9i8xNfbu1,anonymous,EN,I confirm,"I am using a desktop or laptop computer to take this survey,I have made my browser window full screen",1,5,1,15,2,15,Within,Within,Above,Within,Below,Within,"4,5,6,12",Yes,4.997,14.515,14.517,5,"2,9,12",7.431,14.588,14.591,5,"3,5,8",5.346,21.976,21.978,4,"5,7,10",4.128,11.093,11.095,4,"2,8,9",6.682,10.596,10.6,4,"7,9,10",4.139,6.981,6.984,4,"3,4,5",,,,,,,,,,,,,,,,,,,,,,,,,,,,,,,,,,,,,,,,,,,,,,,,,,,,,,,,,,,,,,,,,,,,,,,,,,,,,,,,,,,,,,,,,,,,,,,,,,,,,,,,,,,,,,,,,,,,,,,,,,,,,,,,,,,,,,,,,,,,,,,,,,,,,,,,,,,,,,,,,,,,,,,,,,,,,,,,,,,,,,,,,,,,,,,,,,,,,,,,,,,,,,,,,,,,,,,,,,,,,,,,,,,,,,,,,,,,,,,,,,,,,,,,,,,,,,,,,,,,,,,,,,,,,,,9.285,10.122,10.125,2,10,4.711,5.473,5.475,2,14,10.648,11.723,11.726,3,16,7.06,7.641,7.643,2,11,13.423,14.037,14.038,2,10,9.413,10.259,10.262,2,13,,,,,,,,,,,,,,,,,,,,,,,,,,,,,,,,,,,,,,,,,,,,,,,,,,,,,,,,,,,,,,,,,,,,,,,,,,,,,,,,,,,,,,,,,,,,,,,,,,,,,,,,,,,,,,,,,,,,,,,,,,,,,,,,,,,,,,,,,,,,,,,,,,,,,,,,,,,,,,,,,,,,,,,,,,,,,,,,,,,,,2.967,3.862,3.865,2,Above,3.718,4.444,4.447,2,Within,3.595,4.729,4.73,3,Within,3.147,4.479,4.481,2,Below,4.331,5.437,5.439,2,Within,2.883,3.638,3.64,2,Above,7.61,8.475,8.476,2,16,,,,,,,,,,,,,,,,,,,,,,,,,,,,,,,,,,,,,,,,,,,,,,,,,,,,,,,,,,,,,,,,,,,,,,,,,,,,,,,,,,,,,,,,,,,3.721,4.612,4.614,2,Yes,3.447,4.173,4.175,2,Yes,3.908,6.698,6.699,3,Yes,4.996,5.786,5.788,2,No,3.42,4.24,4.242,2,Yes,3.035,3.925,3.928,2,Yes,,,,,,,,,,,,,,,,,,,,,,,,,,,,,,,,,,,,,,,,,,,,,,,,,,,,,,,,,,,,,Somewhat difficult,Very easy,Neither easy nor difficult,Very easy,Somewhat easy,Very easy,E was the easiest due to the clear labeling and color coordination. A was the hardest due to everything seeming to blend together,,25-34 years old,Male,,White or Caucasian,No,Corrected to normal,,1,5,6,4
9/18/24 12:43,9/18/24 13:11,100,1679,TRUE,9/18/24 13:11,R_5CiZAz1QE1Uwnvv,anonymous,EN,I confirm,"I am using a desktop or laptop computer to take this survey,I have made my browser window full screen",1,5,1,15,2,15,Within,Within,Above,Within,Below,Within,"4,5,6",Yes,,,,,,,,,,,,,,,,,,,,,,,,,,,,,,,,,,,,,,,,,,,,,,,,,,,,,,,,,,,,,,,,,,,,,,,,,,,,,,,,,,,,,,,,,,,,,,,,,,,,,,,,,,,,,,,,,,,,,,,,,8.546,22.736,22.741,5,"7,9,13",3.018,20.967,20.971,6,"3,4,5",8.735,25.321,25.325,8,"2,9,12",9.856,31.305,31.309,7,"3,8,14",13.045,41.57,41.574,9,"5,7,10",7.665,20.27,20.275,6,"2,8,9",,,,,,,,,,,,,,,,,,,,,,,,,,,,,,,,,,,,,,,,,,,,,,,,,,,,,,,,,,,,,14.501,17.49,17.495,3,11,14.792,17.302,17.306,3,10,15.608,18.895,18.898,3,13,16.058,18.924,18.928,3,3,10.685,17.574,17.579,3,16,11.049,18.777,18.78,3,11,,,,,,,,,,,,,,,,,,,,,,,,,,,,,,,,,,,,,,,,,,,,,,,,,,,,,,,,,,,,,,,,,,,,,,,,,,,,,,,,,,,,,,,,,,,,,,,,,,,,,,,,,,,,,,,,,,,,,,,,,,,,,,,,,,,,,,,,,,,,,,,,,,,,,,,,,,,,,,,,,,,,,,,,,,,,,,,,,,,,,5.102,7.617,7.622,3,Below,5.115,11.512,11.517,3,Within,6.185,9.643,9.646,3,Above,3.94,7.17,7.174,4,Above,5.581,10.584,10.587,4,Within,5.682,8.589,8.592,3,Within,,,,,,,,,,,,,,,,,,,,,,,,,,,,,,,,,,,,,,,,,,,,,,,,,,,,,,,,,,,,,,,,,,,,,,,,,,,,,,,,,,,,,,,,,,,5.014,12.313,12.316,4,16,,,,,,,,,,,,,,,,,,,,,,,,,,,,,,,,,,,,,,,,,,,,,,,,,,,,,,,,,,,,,5.606,8.261,8.265,3,Yes,5.256,8.01,8.014,3,Yes,5.629,11.58,11.584,4,Yes,5.913,9.03,9.034,3,No,5.931,8.851,8.854,3,No,5.713,9.633,9.637,3,Yes,,,,,,,,,,,,,,,,,,,,,,,,,,,,,,,,,,,,,,,,,,,,,,,,,,,,,,,,,,,,,,,,,,,,,,,,,,,,,,,,,,,,,,,,,,,Somewhat difficult,Somewhat easy,Somewhat difficult,Somewhat easy,Neither easy nor difficult,Somewhat easy,"By far, the easiest to read are the graphs with color coding. The colors immediately attracted my attention for signaling whether something was ""off"" with the graph. The grey graphs were okay, but I had to pay closer attention to where the spikes and dips were.","I'm sure I got some wrong, but I'm also sure the color-coded graphs were probably more accurate.",45-54 years old,Female,,Black or African American,No,Normal,,5,2,3,3
9/18/24 12:49,9/18/24 13:11,100,1353,TRUE,9/18/24 13:11,R_7QWWNnnhtxYcuml,anonymous,EN,I confirm,"I am using a desktop or laptop computer to take this survey,I have made my browser window full screen",1,5,1,15,2,15,Within,Within,Above,Within,Below,Within,"4,5,6",Yes,,,,,,,,,,,,,,,,,,,,,,,,,,,,,,,,,,,,,,,,,,,,,,,,,,,,,,,,,,,,,7.362,21.158,21.159,4,"7,10,13",10.668,22.142,22.144,4,"2,8,9",6.228,17.304,17.307,4,"9,10,13",4.847,11.488,11.492,4,"3,5,16",6.819,23.389,23.392,4,"2,9,14",8.624,30.22,30.223,4,"3,5,14",,,,,,,,,,,,,,,,,,,,,,,,,,,,,,,,,,,,,,,,,,,,,,,,,,,,,,,,,,,,,,,,,,,,,,,,,,,,,,,,,,,,,,,,,,,,,,,,,,,,,,,,,,,,,,,,,,,,,,,,,13.339,14.927,14.942,2,11,8.755,10.389,10.393,2,10,9.183,10.461,10.464,2,13,5.179,18.058,18.064,4,3,18.249,19.784,19.79,2,16,4.433,13.923,13.926,4,6,,,,,,,,,,,,,,,,,,,,,,,,,,,,,,,,,,,,,,,,,,,,,,,,,,,,,,,,,,,,,,,,,,,,,,,,,,,,,,,,,,,,,,,,,,,,,,,,,,,,,,,,,,,,,,,,,,,,,,,,,,,,,,,,,,,,,,,,,,,,,,,,,,,,,,,,,,,,,,,,,,,,,,,,,,,,,,,,,,,,,,,,,,,,,,,,,,,,,,,,,,,,,,,,,,,12.452,15.225,15.229,2,Within,10.286,12.494,12.497,2,Above,11.651,12.878,12.881,2,Above,6.045,7.732,7.736,2,Below,5.832,7.241,7.247,2,Within,3.815,5.432,5.435,2,Below,,,,,,,,,,,,,,,,,,,,,,,,,,,,,,,,,,,,,,,,,,,,,,,,,,,,,,,,,,,,,5.313,6.256,6.259,2,16,,,,,,,,,,,,,,,,,,,,,,,,,,,,,,,,,,,,,,,,,,,,,,,,,,,,,,,,,,,,,4.482,6.655,6.659,3,Yes,4.726,6.309,6.312,2,Yes,4.304,5.991,5.995,2,Yes,5.803,7.603,7.606,2,No,5.089,8.152,8.157,2,No,16.673,19.433,19.439,3,Yes,,,,,,,,,,,,,,,,,,,,,,,,,,,,,,,,,,,,,,,,,,,,,,,,,,,,,,,,,,,,,,,,,,,,,,,,,,,,,,,,,,,,,,,,,,,Somewhat difficult,Very difficult,Somewhat difficult,Neither easy nor difficult,Somewhat easy,Somewhat difficult,design E was the easiest because of the gray bar that outlined the graph,no,25-34 years old,Female,,White or Caucasian,Yes,Corrected to normal,,3,2,4,3
9/18/24 12:45,9/18/24 13:20,100,2104,TRUE,9/18/24 13:20,R_7BGQ88UhOJgi1bj,anonymous,EN,I confirm,"I am using a desktop or laptop computer to take this survey,I have made my browser window full screen",1,5,1,15,2,15,Within,Within,Above,Within,Below,Within,"4,5,6",Yes,,,,,,,,,,,,,,,,,,,,,,,,,,,,,,,,,,,,,,,,,,,,,,,,,,,,,,,,,,,,,,,,,,,,,,,,,,,,,,,,,,,,,,,,,,,,,,,,,,,,,,,,,,,,,,,,,,,,,,,,,14.004,26.241,26.246,5,"7,9,13",7.545,21.637,21.639,7,"3,4,5",11.693,28.292,28.295,6,"2,7,12",8.089,14.116,14.119,5,"3,5,8",12,33.279,33.283,6,"5,7,13",6.808,20.519,20.522,6,"2,8,9",,,,,,,,,,,,,,,,,,,,,,,,,,,,,,,,,,,,,,,,,,,,,,,,,,,,,,,,,,,,,,,,,,,,,,,,,,,,,,,,,,,,,,,,,,,,,,,,,,,,,,,,,,,,,,,,,,,,,,,,,14.773,30.488,30.491,6,4,5.912,28.038,28.041,8,3,10.506,13.813,13.815,3,16,10.832,12.812,12.815,3,11,15.837,18.254,18.256,3,7,11.204,14.613,14.615,3,10,,,,,,,,,,,,,,,,,,,,,,,,,,,,,,,,,,,,,,,,,,,,,,,,,,,,,,,,,,,,,,,,,,,,,,,,,,,,,,,,,,,,,,,,,,,6.544,9.262,9.265,3,Within,5.286,7.75,7.753,3,Below,7.105,9.916,9.918,3,Within,11.105,16.031,16.035,3,Above,10.449,13.293,13.294,3,Above,6.205,8.876,8.878,3,Within,,,,,,,,,,,,,,,,,,,,,,,,,,,,,,,,,,,,,,,,,,,,,,,,,,,,,,,,,,,,,,,,,,,,,,,,,,,,,,,,,,,,,,,,,,,,,,,,,,,,,,,,,,,,,,,,,,,,,,,,,10.015,12.448,12.451,3,16,,,,,,,,,,,,,,,,,,,,,,,,,,,,,,,5.122,11.54,11.543,3,Yes,6.112,9.024,9.028,3,Yes,8.531,12.826,12.83,3,Yes,6.763,10.121,10.125,3,Yes,9.559,15.476,15.478,3,No,8.733,11.724,11.727,3,No,,,,,,,,,,,,,,,,,,,,,,,,,,,,,,,,,,,,,,,,,,,,,,,,,,,,,,,,,,,,,,,,,,,,,,,,,,,,,,,,,,,,,,,,,,,,,,,,,,,,,,,,,,,,,,,,,,,,,,,,,Somewhat easy,Very easy,Somewhat easy,Very easy,Somewhat easy,Very easy,The graphs with the orange and blue colors were the easiest,no,25-34 years old,Female,,White or Caucasian,No,Corrected to normal,,5,4,2,2
9/18/24 13:04,9/18/24 13:26,100,1337,TRUE,9/18/24 13:26,R_6Jsl5QpzLPs0SiC,anonymous,EN,I confirm,"I am using a desktop or laptop computer to take this survey,I have made my browser window full screen",1,5,1,15,2,15,Within,Within,Above,Within,Below,Within,"4,5,6",Yes,,,,,,,,,,,,,,,,,,,,,,,,,,,,,,,,,,,,,,,,,,,,,,,,,,,,,,,,,,,,,,,,,,,,,,,,,,,,,,,,,,,,,,,,,,,,,,,,,,,,,,,,,,,,,,,,,,,,,,,,,,,,,,,,,,,,,,,,,,,,,,,,,,,,,,,6.902,29.805,29.814,4,"3,4,5",6.442,40.395,40.412,4,"2,12,14",7.775,24.866,24.875,4,"3,5,8",7.682,29.602,29.615,6,"5,10,13",6.661,29.469,29.48,4,"2,8,9",6.407,17.859,17.867,5,"7,9,13",56.536,57.747,57.761,2,11,10.022,20.415,20.424,3,11,19.795,20.752,20.765,2,10,14.022,16.174,16.18,2,13,12.631,13.472,13.485,2,10,12.95,14.524,14.532,3,14,,,,,,,,,,,,,,,,,,,,,,,,,,,,,,,,,,,,,,,,,,,,,,,,,,,,,,,,,,,,,,,,,,,,,,,,,,,,,,,,,,,,,,,,,,,,,,,,,,,,,,,,,,,,,,,,,,,,,,,,,,,,,,,,,,,,,,,,,,,,,,,,,,,,,,,6.551,7.714,7.722,2,Within,5.953,8.583,8.594,2,Within,12.058,21.408,21.417,2,Below,8.659,13.742,13.754,2,Within,7.414,13.708,13.717,2,Above,6.927,9.681,9.69,2,Above,,,,,,,,,,,,,,,,,,,,,,,,,,,,,,,,,,,,,,,,,,,,,,,,,,,,,,,,,,,,,,,,,,,,,,,,,,,,,,,,,,,,,,,,,,,,,,,,,,,,,,,,,,,,,,,,,,,,,,,,,,,,,,,,,,,,,,,,,,,,,,,,,,,,,,,22.725,32.728,32.743,2,16,7.814,9.771,9.78,3,No,9.168,11.852,11.86,2,Yes,11.269,14.139,14.15,2,Yes,6.065,7.879,7.887,2,Yes,7.58,32.949,32.958,2,Yes,12.526,17.308,17.323,2,No,,,,,,,,,,,,,,,,,,,,,,,,,,,,,,,,,,,,,,,,,,,,,,,,,,,,,,,,,,,,,,,,,,,,,,,,,,,,,,,,,,,,,,,,,,,,,,,,,,,,,,,,,,,,,,,,,,,,,,,,,,,,,,,,,,,,,,,,,,,,,,,,,,,,,,,Somewhat easy,Very easy,Somewhat easy,Very easy,Somewhat easy,Very easy,The easiest to use were the graphs with colors. These were the most easy because the colors pointed out when it was above or below the accepted rate. The ones without the colors made it difficult because you had to look more closely. ,None,45-54 years old,Male,,White or Caucasian,No,Normal,,6,1,1,1
9/18/24 13:01,9/18/24 13:29,100,1685,TRUE,9/18/24 13:29,R_1JPLsvMFzOXihYm,anonymous,EN,I confirm,"I am using a desktop or laptop computer to take this survey,I have made my browser window full screen",1,5,1,15,2,15,Within,Within,Above,Within,Below,Within,"4,5,12",Yes,,,,,,,,,,,,,,,,,,,,,,,,,,,,,,,,,,,,,,,,,,,,,,,,,,,,,,,,,,,,,,,,,,,,,,,,,,,,,,,,,,,,,,,,,,,17.257,20.444,20.448,4,"2,8,9",20.931,24.566,24.583,5,"7,9,10",20.752,22.518,22.529,4,"3,4,5",11.086,12.819,12.83,4,"2,9,14",22.648,26.47,26.476,5,"3,5,14",23.128,25.287,25.298,4,"5,7,10",,,,,,,,,,,,,,,,,,,,,,,,,,,,,,,,,,,,,,,,,,,,,,,,,,,,,,,,,,,,,,,,,,,,,,,,,,,,,,,,,,,,,,,,,,,,,,,,,,,,,,,,,,,,,,,,,,,,,,,,,,,,,,,,,,,,,,,,,,,,,,,,,,,,,,,,,,,,,,,,,,,,,,,,,,,,,,,,,,,,,6.688,49.173,49.176,2,15,9.576,11.838,11.843,2,14,21.102,21.302,21.309,2,11,8.231,9.241,9.245,2,11,11.008,11.228,11.237,2,10,13.005,16.31,16.314,2,13,,,,,,,,,,,,,,,,,,,,,,,,,,,,,,,,,,,,,,,,,,,,,,,,,,,,,,,,,,,,,,,,,,,,,,,,,,,,,,,,,,,,,,,,,,,,,,,,,,,,,,,,,,,,,,,,,,,,,,,,,,,,,,,,,,,,,,,,,,,,,,,,,,,,,,,9.017,10.935,10.948,3,Above,8.38,9.541,9.545,2,Above,11.289,12.693,12.696,2,Within,5.122,6.705,6.708,2,Within,5.821,7.03,7.033,2,Below,5.132,6.55,6.563,2,Above,,,,,,,,,,,,,,,,,,,,,,,,,,,,,,,5.791,7.304,7.311,3,16,,,,,,,,,,,,,,,,,,,,,,,,,,,,,,,,,,,,,,,,,,,,,,,,,,,,,,,,,,,,,,,,,,,,,,,,,,,,,,,,,,,,,,,,,,,,,,,,,,,,,,,,,,,,,,,,,,,,,,,,,10.034,11.586,11.594,3,Yes,6.034,7.578,7.581,3,No,5.94,7.057,7.06,2,No,7.36,14.828,14.832,3,No,8.934,10.065,10.069,2,Yes,7.362,8.486,8.491,2,Yes,,,,,,,,,,,,,,,,,,,,,,,,,,,,,,,Very easy,Very easy,Somewhat easy,Somewhat difficult,Somewhat difficult,Somewhat difficult,"the first 3 because they are simple and easy to follow, the others are because they have too many intricacies ",none,25-34 years old,Female,,Black or African American,No,Normal,,4,5,5,5
9/18/24 12:58,9/18/24 13:33,100,2085,TRUE,9/18/24 13:33,R_3OjETPKnxCiUmaE,anonymous,EN,I confirm,"I am using a desktop or laptop computer to take this survey,I have made my browser window full screen",1,5,1,15,2,15,Within,Within,Above,Within,Below,Within,"4,5,12",Yes,,,,,,,,,,,,,,,,,,,,,,,,,,,,,,,13.562,16.313,16.333,4,"3,5,14",13.162,16.108,16.125,4,"4,12,16",12.916,15.423,15.44,4,"2,8,9",15.981,18.791,18.807,4,"9,12,13",9.487,15.883,15.901,4,"4,12,16",20.063,23.145,23.154,4,"4,12,16",,,,,,,,,,,,,,,,,,,,,,,,,,,,,,,,,,,,,,,,,,,,,,,,,,,,,,,,,,,,,,,,,,,,,,,,,,,,,,,,,,,,,,,,,,,,,,,,,,,,,,,,,,,,,,,,,,,,,,,,,,,,,,,,,,,,,,,,,,,,,,,,,,,,,,,,,,,,,,,,,,,,,,,,,,,,,,,,,,,,,,,,,,,,,,,,,,,,,,,,,,,,,,,,,,,,,,,,,,,,,,,,,,,,,,,,,,,,,,,,,,,,,,,,,,,,,,,,,,,,,,,,,,,,,,,4.831,6.302,6.324,2,6,5.317,6.444,6.455,2,11,7.766,9.485,9.507,2,7,8.416,10.464,10.48,3,3,4.397,5.56,5.575,2,16,6.406,7.367,7.397,2,12,,,,,,,,,,,,,,,,,,,,,,,,,,,,,,,,,,,,,,,,,,,,,,,,,,,,,,,,,,,,,5.146,6.362,6.376,2,Below,5.511,7.146,7.154,2,Within,6.234,8.076,8.171,2,Above,5.13,7.799,7.819,2,Above,6.036,7.713,7.723,2,Within,4.185,5.853,5.869,2,Above,,,,,,,,,,,,,,,,,,,,,,,,,,,,,,,,,,,,,,,,,,,,,,,,,,,,,,,,,,,,,,,,,,,,,,,,,,,,,,,,,,,,,,,,,,,8.851,10.294,10.306,2,16,,,,,,,,,,,,,,,,,,,,,,,,,,,,,,,,,,,,,,,,,,,,,,,,,,,,,,,,,,,,,,,,,,,,,,,,,,,,,,,,,,,,,,,,,,,5.404,6.646,6.674,2,Yes,5.205,6.459,6.473,2,Yes,4.408,6.544,6.562,2,Yes,8.773,9.981,9.996,2,Yes,8.847,10.379,10.393,2,No,5.059,7.249,7.271,3,Yes,,,,,,,,,,,,,,,,,,,,,,,,,,,,,,,,,,,,,,,,,,,,,,,,,,,,,,,,,,,,,Somewhat easy,Neither easy nor difficult,Neither easy nor difficult,Neither easy nor difficult,Neither easy nor difficult,Neither easy nor difficult,The first designs were easier. It was easy to determone them,None,18-24 years old,Male,,White or Caucasian,No,Normal,,2,6,3,4